-- phpMyAdmin SQL Dump
-- version 4.5.4.1deb2ubuntu2.1
-- http://www.phpmyadmin.net
--
-- Host: localhost
-- Generation Time: Oct 14, 2018 at 07:15 PM
-- Server version: 5.7.23-0ubuntu0.16.04.1
-- PHP Version: 7.0.32-0ubuntu0.16.04.1

SET SQL_MODE = "NO_AUTO_VALUE_ON_ZERO";
SET time_zone = "+00:00";


/*!40101 SET @OLD_CHARACTER_SET_CLIENT=@@CHARACTER_SET_CLIENT */;
/*!40101 SET @OLD_CHARACTER_SET_RESULTS=@@CHARACTER_SET_RESULTS */;
/*!40101 SET @OLD_COLLATION_CONNECTION=@@COLLATION_CONNECTION */;
/*!40101 SET NAMES utf8mb4 */;

--
-- Database: `electionportal`
--

-- --------------------------------------------------------

--
-- Table structure for table `bol_election_agent`
--

CREATE TABLE `bol_election_agent` (
  `id` int(11) NOT NULL,
  `electioncenter_id` int(11) NOT NULL,
  `people_id` int(11) NOT NULL,
  `created_at` timestamp NULL DEFAULT NULL,
  `updated_at` timestamp NULL DEFAULT NULL
) ENGINE=MyISAM DEFAULT CHARSET=utf8 COLLATE=utf8_unicode_ci ROW_FORMAT=DYNAMIC;

-- --------------------------------------------------------

--
-- Table structure for table `bol_election_designations`
--

CREATE TABLE `bol_election_designations` (
  `id` int(10) UNSIGNED NOT NULL,
  `name` varchar(255) COLLATE utf8mb4_unicode_ci DEFAULT NULL,
  `organization_id` int(11) DEFAULT NULL,
  `sort_order` int(11) DEFAULT '0',
  `created_at` timestamp NULL DEFAULT NULL,
  `updated_at` timestamp NULL DEFAULT NULL
) ENGINE=InnoDB DEFAULT CHARSET=utf8mb4 COLLATE=utf8mb4_unicode_ci ROW_FORMAT=COMPACT;

--
-- Dumping data for table `bol_election_designations`
--

INSERT INTO `bol_election_designations` (`id`, `name`, `organization_id`, `sort_order`, `created_at`, `updated_at`) VALUES
(18, 'General Secretory', 3, 18, '2018-10-02 05:41:48', '2018-10-02 05:41:48'),
(19, 'Assistant Commissioner', 4, 19, '2018-10-04 04:53:34', '2018-10-04 04:53:34'),
(20, 'Upazilla health officer', 11, 20, '2018-10-04 04:53:45', '2018-10-14 09:42:08'),
(21, 'Upazilla Agriculture officer', 12, 21, '2018-10-04 04:53:55', '2018-10-14 09:47:21'),
(22, 'Officer Incharge', 4, 22, '2018-10-04 04:54:07', '2018-10-04 04:54:07'),
(23, 'Upazilla Engineer', 13, 23, '2018-10-04 04:54:28', '2018-10-14 09:56:25'),
(24, 'Upazilla Family Planning Officer', 11, 24, '2018-10-04 04:54:38', '2018-10-14 09:55:42'),
(25, 'Upazilla Project Officer', 13, 25, '2018-10-04 04:54:46', '2018-10-14 09:56:14'),
(26, 'Upazilla Engineer, Health', 13, 26, '2018-10-04 04:54:54', '2018-10-14 09:44:10'),
(27, 'Upazilla Chairman', 9, 27, '2018-10-04 04:55:01', '2018-10-14 09:55:07'),
(28, 'Upazilla Vice Chairman', 9, 28, '2018-10-04 04:55:11', '2018-10-14 09:55:15'),
(29, 'Upazilla Vice Chairman, Female', 9, 29, '2018-10-04 04:55:18', '2018-10-14 09:55:22'),
(30, 'Chairman', 18, 30, '2018-10-04 04:55:31', '2018-10-14 10:40:56'),
(31, 'Member', 18, 31, '2018-10-04 04:55:39', '2018-10-14 10:41:11'),
(32, 'Executive Member', 3, 32, '2018-10-04 06:58:09', '2018-10-04 06:58:09'),
(34, 'AC Land', 10, 34, '2018-10-06 06:04:53', '2018-10-14 09:35:38'),
(35, 'ASP', 5, 35, '2018-10-06 06:24:14', '2018-10-14 09:57:47'),
(36, 'Upozila Health and Family Planning Officer', 11, 36, '2018-10-06 06:28:07', '2018-10-14 09:41:53'),
(37, 'Agricultural Officer', 12, 37, '2018-10-06 06:32:53', '2018-10-14 09:47:30'),
(38, 'Agricultural Extension Officer', 12, 38, '2018-10-06 06:34:35', '2018-10-14 09:47:38'),
(39, 'Fisheries Officer', 12, 39, '2018-10-06 06:36:56', '2018-10-14 09:48:33'),
(40, 'Livestock Officer', 12, 40, '2018-10-06 06:38:22', '2018-10-14 09:48:45'),
(41, 'Veterinary Surgeon', 12, 41, '2018-10-06 06:40:03', '2018-10-14 09:58:09'),
(42, 'Engineer, LGED', 13, 42, '2018-10-06 06:41:51', '2018-10-14 09:59:07'),
(43, 'Asst. Programmer', 13, 43, '2018-10-06 06:44:30', '2018-10-14 09:59:25'),
(44, 'Asst. Engineer, LGED', 13, 44, '2018-10-06 06:45:40', '2018-10-14 10:23:34'),
(45, 'Education Officer', 14, 45, '2018-10-06 06:46:57', '2018-10-14 09:49:26'),
(46, 'Social Service Officer', 16, 46, '2018-10-06 06:48:31', '2018-10-14 10:21:19'),
(47, 'UNO', 9, 47, '2018-10-06 06:50:49', '2018-10-14 09:33:50'),
(48, 'Accounts Officer', 17, 48, '2018-10-06 06:51:41', '2018-10-14 10:20:08'),
(50, 'OC, Dohar', 5, 50, '2018-10-06 06:56:49', '2018-10-06 06:56:49'),
(51, 'Election Officer', 15, 51, '2018-10-06 06:57:08', '2018-10-14 09:40:55'),
(52, 'Food Controller', 12, 52, NULL, '2018-10-14 09:48:14'),
(53, 'Statistics Officer', 17, 53, NULL, '2018-10-14 10:20:19'),
(54, 'Asst. Engineer, Public Health', 11, 54, NULL, '2018-10-14 11:09:43'),
(55, 'Deputy Asst. Engineer, Public Health', 11, 55, NULL, '2018-10-14 11:09:31'),
(56, 'Family Planning Officer', 11, 56, NULL, '2018-10-14 10:24:54'),
(57, 'Youth Development Officer', 16, 57, NULL, '2018-10-14 10:20:52'),
(58, 'Women affairs officer', 16, 58, NULL, '2018-10-14 10:21:10'),
(59, 'Cooperative Officer', 16, 59, NULL, '2018-10-14 10:20:40'),
(60, 'Rural Development Officer', 16, 60, NULL, '2018-10-14 11:16:32'),
(61, 'Ansar & VDP Officer', 5, 61, NULL, '2018-10-14 10:25:04'),
(63, 'Forest Officer', 11, 63, NULL, '2018-10-14 09:43:16'),
(64, 'Sub- Register', 10, 64, NULL, '2018-10-14 09:53:38'),
(66, 'Settlement Officer', 10, 66, NULL, '2018-10-14 10:25:43'),
(67, 'Sr. GM, Dhaka Palli Bidyut Samiti-2', 13, 67, NULL, '2018-10-14 10:26:23'),
(68, 'AGM (MS), Dhaka Palli Bidyut Samiti-2', 13, 68, NULL, '2018-10-14 10:26:34'),
(69, 'AGM (O&M)', 13, 69, NULL, '2018-10-14 10:26:43'),
(70, 'AGM (E&C)', 13, 70, NULL, '2018-10-14 10:26:53'),
(71, 'AGM (Finance)', 13, 71, NULL, '2018-10-14 10:27:07'),
(72, 'Deputy Asst. Engineer (BADC)(Acting)', 13, 72, NULL, '2018-10-14 09:44:46'),
(73, 'Divisional Engineer, TNT (Keraniganj)', 13, 73, NULL, '2018-10-14 11:26:09'),
(74, 'Project Implementation Officer (BRDB)', 13, 74, NULL, '2018-10-14 09:45:37'),
(75, 'Coordinator, One house one farm', 16, 76, NULL, '2018-10-14 10:22:23'),
(76, 'Asst. Engineer (BADC)', 13, 79, NULL, '2018-10-14 10:27:31'),
(77, 'OC, Nawabganj', 5, 80, NULL, '2018-10-10 05:10:50'),
(78, 'OC- Inquiry, Nawabganj', 5, 81, NULL, '2018-10-10 05:11:33'),
(79, 'Project Implementation Officer', 13, 82, NULL, '2018-10-14 09:45:47'),
(80, 'Secondary Education Officer', 14, 83, NULL, '2018-10-14 09:49:33'),
(81, 'Academic Supervisor Secondary Office', 14, 84, NULL, '2018-10-14 10:28:37'),
(83, 'Upozila Engineer', 13, 83, '2018-10-06 07:20:20', '2018-10-14 10:27:47'),
(84, 'Upozila Family Planning Officer', 11, 84, '2018-10-06 07:21:39', '2018-10-14 10:28:46'),
(85, 'Deputy Asst. Enginner, Public health', 13, 85, '2018-10-06 07:23:41', '2018-10-14 09:45:00'),
(87, 'Instructor, Resource Center', 14, 87, '2018-10-06 07:33:39', '2018-10-14 09:49:54'),
(89, 'Poverty Alleviation Officer', 16, 89, '2018-10-06 07:37:15', '2018-10-14 10:22:08'),
(90, 'Project Officer', 13, 90, '2018-10-06 08:15:03', '2018-10-14 09:46:19'),
(91, 'Project Officer, BRDB', 13, 91, '2018-10-06 08:16:16', '2018-10-14 09:46:28'),
(92, 'Liaison Officer', 17, 92, '2018-10-06 08:27:05', '2018-10-14 10:19:56'),
(94, 'Mayor', 19, 94, '2018-10-09 09:16:27', '2018-10-14 10:45:18'),
(95, 'Councillor', 19, 95, '2018-10-09 09:17:53', '2018-10-14 10:45:30'),
(96, 'Acting Chairman', 18, 96, '2018-10-09 09:19:08', '2018-10-14 11:45:08'),
(97, 'Panel Chairman', 18, 97, '2018-10-09 09:19:37', '2018-10-14 11:23:46'),
(98, 'ASP Keraniganj Circle', 5, 98, '2018-10-10 05:08:19', '2018-10-10 05:08:19'),
(99, 'Ansar & VDP Officer', 5, 99, '2018-10-10 05:12:36', '2018-10-10 05:12:36'),
(100, 'Member(Female)', 18, 100, '2018-10-14 10:40:28', '2018-10-14 10:40:28'),
(101, 'Councilor(Female)', 19, 101, '2018-10-14 10:46:51', '2018-10-14 11:32:07');

-- --------------------------------------------------------

--
-- Table structure for table `bol_election_districts`
--

CREATE TABLE `bol_election_districts` (
  `id` int(11) NOT NULL,
  `name` text COLLATE utf8_unicode_ci NOT NULL,
  `created_at` timestamp NULL DEFAULT NULL,
  `updated_at` timestamp NULL DEFAULT NULL
) ENGINE=MyISAM DEFAULT CHARSET=utf8 COLLATE=utf8_unicode_ci ROW_FORMAT=DYNAMIC;

--
-- Dumping data for table `bol_election_districts`
--

INSERT INTO `bol_election_districts` (`id`, `name`, `created_at`, `updated_at`) VALUES
(1, 'Barguna', NULL, NULL),
(2, 'Barisal', NULL, NULL),
(3, 'Bhola', NULL, NULL),
(4, 'Jhalokati', NULL, NULL),
(5, 'Patuakhali', NULL, NULL),
(6, 'Pirojpur', NULL, NULL),
(7, 'Bandarban', NULL, NULL),
(8, 'Brahmanbaria', NULL, NULL),
(9, 'Chandpur', NULL, NULL),
(10, 'Chittagong', NULL, NULL),
(11, 'Comilla', NULL, NULL),
(12, 'Coxs Bazar', NULL, NULL),
(13, 'Feni', NULL, NULL),
(14, 'Khagrachari', NULL, NULL),
(15, 'Lakshmipur', NULL, NULL),
(16, 'Noakhali', NULL, NULL),
(17, 'Rangamati', NULL, NULL),
(18, 'Dhaka', NULL, NULL),
(19, 'Faridpur', NULL, NULL),
(20, 'Gazipur', NULL, NULL),
(21, 'Gopalganj', NULL, NULL),
(22, 'Jamalpur', NULL, NULL),
(23, 'Kishoreganj', NULL, NULL),
(24, 'Madaripur', NULL, NULL),
(25, 'Manikganj', NULL, NULL),
(26, 'Munshiganj', NULL, NULL),
(27, 'Mymensingh', NULL, NULL),
(28, 'Narayanganj', NULL, NULL),
(29, 'Narsingdi', NULL, NULL),
(30, 'Netrakona', NULL, NULL),
(31, 'Rajbari', NULL, NULL),
(32, 'Shariatpur', NULL, NULL),
(33, 'Sherpur', NULL, NULL),
(34, 'Tangail', NULL, NULL),
(35, 'Bagerhat', NULL, NULL),
(36, 'Chuadanga', NULL, NULL),
(37, 'Jessore', NULL, NULL),
(38, 'Jhenaidah', NULL, NULL),
(39, 'Khulna', NULL, NULL),
(40, 'Kushtia', NULL, NULL),
(41, 'Satkhira', NULL, NULL),
(42, 'Narail', NULL, NULL),
(43, 'Magura', NULL, NULL),
(44, 'Meherpur', NULL, NULL),
(45, 'Bogra', NULL, NULL),
(46, 'Dinajpur', NULL, NULL),
(47, 'Gaibandha', NULL, NULL),
(48, 'Joypurhat', NULL, NULL),
(49, 'Kurigram', NULL, NULL),
(50, 'Lalmonirhat ', NULL, NULL),
(51, 'Naogaon', NULL, NULL),
(52, 'Natore', NULL, NULL),
(53, 'Nawabganj', NULL, NULL),
(54, 'Nilphamari', NULL, NULL),
(55, 'Pabna', NULL, NULL),
(56, 'Panchagarh ', NULL, NULL),
(57, 'Rajshahi', NULL, NULL),
(58, 'Rangpur', NULL, NULL),
(59, 'Sirajganj', NULL, NULL),
(60, 'Thakurgaon', NULL, NULL),
(61, 'Habiganj', NULL, NULL),
(62, 'Maulvibazar', NULL, NULL),
(63, 'Sunamganj', NULL, NULL),
(64, 'Sylhet', NULL, NULL),
(77, 'test 1', '2018-10-02 06:24:13', '2018-10-02 06:24:13');

-- --------------------------------------------------------

--
-- Table structure for table `bol_election_election_area`
--

CREATE TABLE `bol_election_election_area` (
  `id` int(11) NOT NULL,
  `name` text COLLATE utf8_unicode_ci NOT NULL,
  `district_id` int(11) NOT NULL,
  `upazila_ids` text COLLATE utf8_unicode_ci,
  `union_ids` text COLLATE utf8_unicode_ci,
  `created_at` timestamp NULL DEFAULT NULL,
  `updated_at` timestamp NULL DEFAULT NULL
) ENGINE=MyISAM DEFAULT CHARSET=utf8 COLLATE=utf8_unicode_ci ROW_FORMAT=DYNAMIC;

--
-- Dumping data for table `bol_election_election_area`
--

INSERT INTO `bol_election_election_area` (`id`, `name`, `district_id`, `upazila_ids`, `union_ids`, `created_at`, `updated_at`) VALUES
(3, 'Dhaka 1', 18, '["6","5"]', '["6","5","7","8","9","10","11","12","27","13","14","15","16","17","18","19","20","21","22","23","24","25","26"]', '2018-10-03 14:05:55', '2018-10-06 13:04:53');

-- --------------------------------------------------------

--
-- Table structure for table `bol_election_election_center`
--

CREATE TABLE `bol_election_election_center` (
  `id` int(11) NOT NULL,
  `name` text COLLATE utf8_unicode_ci NOT NULL,
  `local_name` varchar(255) COLLATE utf8_unicode_ci DEFAULT NULL,
  `total_room` int(11) DEFAULT NULL,
  `male_voter` int(11) DEFAULT NULL,
  `female_voter` int(11) DEFAULT NULL,
  `electionarea_id` int(11) NOT NULL,
  `union_id` text COLLATE utf8_unicode_ci,
  `village_ids` text COLLATE utf8_unicode_ci,
  `upazila_id` int(11) NOT NULL,
  `center_number` varchar(3) COLLATE utf8_unicode_ci NOT NULL,
  `created_at` timestamp NULL DEFAULT NULL,
  `updated_at` timestamp NULL DEFAULT NULL
) ENGINE=MyISAM DEFAULT CHARSET=utf8 COLLATE=utf8_unicode_ci ROW_FORMAT=DYNAMIC;

--
-- Dumping data for table `bol_election_election_center`
--

INSERT INTO `bol_election_election_center` (`id`, `name`, `local_name`, `total_room`, `male_voter`, `female_voter`, `electionarea_id`, `union_id`, `village_ids`, `upazila_id`, `center_number`, `created_at`, `updated_at`) VALUES
(1, 'Arongabad govt. Primary school', '1. North Arongabad: M-399: F- 3642. South Arongabad: M-329: F-321 3.Nosratpur:M-169: F-1694.Moddho Orongabad: M-477: F-420', 5, 1374, 1274, 3, '5', '["2","1","389","3"]', 5, '001', '2018-10-05 18:00:00', '2018-10-08 05:50:34'),
(2, 'Dhoyair Modinatul Ulum Kowmiya Madrasha', '1. Pankunda: M-663: F-646', 3, 663, 646, 3, '5', '["4"]', 5, '002', '2018-10-05 18:00:00', '2018-10-06 10:33:43'),
(3, 'Bahra Govt. Primary School (Bahra)', '1. Hatni: M-44: F-652. Char Hatni: M-24: F-233. Bahra: M-1265: F-1256', 5, 1333, 1334, 3, '5', '["5","390","391"]', 5, '003', '2018-10-05 18:00:00', '2018-10-06 10:39:33'),
(4, 'Hatni Govt. Primary School (Hatni)', '1.Asta: M-1192: F-1197', 3, 1192, 1197, 3, '5', '["6"]', 5, '004', '2018-10-05 18:00:00', '2018-10-06 10:40:52'),
(5, 'Dhoyair Govt. Primary School', '1.West Dhoyair: M-769: F-7222. Middle Dhoyair: M-650: F-641', 6, 1419, 1363, 3, '5', '["608","607"]', 5, '005', '2018-10-05 18:00:00', '2018-10-08 04:44:23'),
(6, 'East Dhoyair Private Primary School', '1. East Dhoyair: M-741: F-768', 3, 741, 768, 3, '5', '["9"]', 5, '006', '2018-10-05 18:00:00', '2018-10-08 04:47:13'),
(7, 'Shilakotha Madrasha: (Male voter): Center -1', '1. North shilakotha: M-8302. South Shilakotha:M-13763. Deovogh: M-95', 4, 2301, 0, 3, '6', '["10","11","12"]', 5, '007', '2018-10-05 18:00:00', '2018-10-06 11:17:29'),
(8, 'Shilakotha Madrasha: (Female voter): Center -2', '1. North shilakotha: F-9312. South Shilakotha: F-14313. Deovogh: F-87', 4, 0, 2449, 3, '6', '["10","11","12"]', 5, '008', '2018-10-05 18:00:00', '2018-10-06 11:16:53'),
(9, 'Shilakotha Govt. Primary School', '1. Charpurulia: M-931: F- 1742. Sundharipara: M- 1005: F-1125', 5, 1175, 1299, 3, '6', '["13","14"]', 5, '009', '2018-10-05 18:00:00', '2018-10-06 11:18:16'),
(10, 'Kartikpur High School', '1. Kartikpur: M-928: F-9842. Kusumhati: M-32: F-34', 4, 960, 1018, 3, '6', '["15","392"]', 5, '010', '2018-10-05 18:00:00', '2018-10-06 11:19:09'),
(11, 'Basta Etimkhana & Madrasha', '1. Boro Rasta Part (Part of 5no Ward): M-697: F-8052. Boro Rasta Part (Part of 6no Ward): M- 409: F-4833. Choto Rasta: M-131: F-1284. Babur Dangi: M-171: F-170', 6, 1408, 1586, 3, '6', '["20","17","18","19"]', 5, '011', '2018-10-05 18:00:00', '2018-10-06 11:21:45'),
(12, 'Kusumhati Family Planning Center (Male voter): Center -1', '1. Charkushai (part of ward no 7): M-11012. Charkushai (part of 8 no ward): M-5633. Joymangal (Puspakhali): M-222', 4, 1886, 0, 3, '6', '["21","23","393"]', 5, '012', '2018-10-05 18:00:00', '2018-10-11 06:58:23'),
(13, 'Kusumhati Family Planning Center (Female voter): Center -2', '1. Charkushai (part of ward no 7): F-11492. Charkushai (part of 8 no ward): F-6253. Joymangal (Puspakhali):F-222', 4, 0, 1996, 3, '6', '["23","21","393"]', 5, '013', '2018-10-05 18:00:00', '2018-10-06 11:23:35'),
(14, 'Awliabad govt. Primary School', '1. Awliyabad: M-369: F- 3962. Arita: M-252: F-2923. Imamnagar: M-188: F- 2194. Mahtabnagar: M-170: F-180', 4, 979, 1087, 3, '6', '["26","27","28","25"]', 5, '014', '2018-10-05 18:00:00', '2018-10-06 11:24:16'),
(15, 'Ikrashi Adarsha High School (Male voter): Center -1', '1. Ikrashi  north: M- 8312. Ikrashi south: M-1061', 3, 1892, 0, 3, '7', '["29","394"]', 5, '015', '2018-10-05 18:00:00', '2018-10-06 11:28:39'),
(16, 'Ikrashi Adarsha High School (Female voter): Center -2', '1. Ikrashi  north: F-9032. Ikrashi south: F-1149', 4, 0, 2052, 3, '7', '["29","394"]', 5, '016', '2018-10-05 18:00:00', '2018-10-11 07:01:45'),
(17, 'Palamganj Govt. Primary School', '1. Palamganj: M-307: F-2712. Haturpara: M-138: F-492', 4, 897, 934, 3, '7', '["31","623","32"]', 5, '017', '2018-10-05 18:00:00', '2018-10-11 07:10:25'),
(18, 'Jamalchar Govt. Primary School', '1. Roghudebpur: M-134: F-1392. Karimganj: M-74: F-1083. Jamalchar: M- 438: F-457', 3, 646, 704, 3, '7', '["33","34","35"]', 5, '018', '2018-10-05 18:00:00', '2018-10-06 11:30:24'),
(19, 'Raipara Govt. Primary School (Male voter): Center-1', '1. Raipara north: M-13832. Raipara south: M- 918', 4, 2301, 0, 3, '7', '["36","395"]', 5, '019', '2018-10-05 18:00:00', '2018-10-06 11:31:48'),
(20, 'Raipara Govt. Primary School(Female voter): center -2', '1. Raipara north: F-13912. Raipara south: F-930', 4, 0, 2321, 3, '7', '["36","395"]', 5, '020', '2018-10-05 18:00:00', '2018-10-06 11:32:05'),
(21, 'Lotakhola Govt. Primary School', '1. Nagorkanda: M-657: F-6802. Lotakhola Biler Par: M-810: F-804', 6, 1467, 1484, 3, '27', '["397","396"]', 5, '021', '2018-10-05 18:00:00', '2018-10-06 13:35:02'),
(22, 'Lotakhola Gigh School', '1. West Lota khola: M-667: F-7032. Moddho Lotakhola: M-661: F-667', 5, 1328, 1370, 3, '27', '["399","398"]', 5, '022', '2018-10-05 18:00:00', '2018-10-06 13:35:59'),
(23, 'Lotakhola Ajhar Ali Memorial High School (Male Voter): Center -1', '1. East Lotakhola: M-7832. North Char Joypara: M -6723. South Char Joypara: M- 815', 4, 2170, 0, 3, '27', '["400","401","402"]', 5, '023', '2018-10-05 18:00:00', '2018-10-06 13:38:49'),
(24, 'Lotakhola Ajhar Ali Memorial High School (Female Voter): Center -2', '1. East Lotakhola: F-7392. North Char Joypara: M -5593. South Char Joypara: M- 739', 4, 0, 2037, 3, '27', '["400","401","402"]', 5, '024', '2018-10-05 18:00:00', '2018-10-06 13:39:45'),
(25, 'Joypara Khalpar govt. Primary School (North Joypara: Khalpar)', '1. Kathalighata: M-327: F-3772. Khalpar (north part of the Khal): M-1118: F-11803. North Joypara Khal(North part of the Khal): M-64: F-71', 6, 1509, 1628, 3, '27', '["403","404","405"]', 5, '025', '2018-10-05 18:00:00', '2018-10-06 13:43:17'),
(26, 'Islampur govt primary school', '1. Islampur:M-649: M-6832. Khalpar (South part of Khal): M-266: F-276', 4, 915, 959, 3, '27', '["406","620"]', 5, '026', '2018-10-05 18:00:00', '2018-10-08 05:10:39'),
(27, 'Joypara Model govt. Primary School (Joypara Chowdhurypara)', '1. North Joypara khalpar (South part of khal): M- 590: F-5842. North Joypara gajikanda: M-245: F-2713. North Joypara Miyapara: M-369: F-3854. North Joypara Byangarchar: M- 308: F-319', 6, 1512, 1559, 3, '27', '["411","409","408","410"]', 5, '027', '2018-10-05 18:00:00', '2018-10-06 13:45:56'),
(28, 'Joypara College (South Joypara Kharakanda)', '1. North Joypara: M-455: F-4412. North Joypara Chowdhurypara: M-661: F-7063.  North Joypara Kutibari: M-379: F-360', 6, 1495, 1507, 3, '27', '["621","412","413"]', 5, '028', '2018-10-05 18:00:00', '2018-10-08 05:27:35'),
(29, 'Boit govt. Primary School', '1. Botia: M-556: F-5712. Nurpur (west side of WAPDA road ): M-378: F- 3503. South Joypara Gangpar (West side of WAPDA Road): M- 462: F- 417', 6, 1396, 1338, 3, '27', '["414","415","416"]', 5, '029', '2018-10-05 18:00:00', '2018-10-06 13:48:42'),
(30, 'Joypara Pilot High School (Male voter): center -1', '1. South Joypara ghona: M-3612. charlotakhola: M- 15843. South Joypara majhipara : M-667: 4. South Joypara gangpar (East side of WAPDA road): M-601 5. Murpur (East side of WAPDA road): M -242', 7, 3455, 0, 3, '27', '["418","420","622","600","419"]', 5, '030', '2018-10-05 18:00:00', '2018-10-08 06:07:54'),
(31, 'Joypara Pilot High School (Female voter): center -2', '1. South Joypara ghona: F-3272. charlotakhola: F-15243. South Joypara majhipara : F- 671: 4. South Joypara gangpar (East side of WAPDA road): F-637 5. Murpur (East side of WAPDA road): F-227', 7, 0, 3436, 3, '27', '["418","420","622","600","419"]', 5, '031', '2018-10-05 18:00:00', '2018-10-08 06:06:59'),
(32, 'Begum Ayesh Pilot Girls High School', '1. South Joypara Kharakanda: M-1068: F-10472. South Joypara: M -454: F-471', 6, 1522, 1518, 3, '27', '["422","421"]', 5, '032', '2018-10-05 18:00:00', '2018-10-06 13:53:32'),
(33, 'Yousufpur govt Primary School', '1. Loskorkanda: M-273: F-3042. Rasulpur: M-164: F-1603. North Yousufpur: M- 751: F- 7874. South Yousufpur: M- 358: F- 350', 6, 1546, 1601, 3, '27', '["423","425","424","426"]', 5, '033', '2018-10-05 18:00:00', '2018-10-06 13:54:19'),
(34, 'Katakhaligovt. Primary School', '1. Katakhali M-707: F-7732. Nikra (West part)M- 344: F-329)', 4, 1051, 1102, 3, '8', '["44","427"]', 5, '034', '2018-10-05 18:00:00', '2018-10-06 13:55:46'),
(35, 'Ghata-2 govt. primary school', '1. Banaghata(West part): M- 1092: F-11652. Banaghata (East part)M-76: F-533. Nikra (East part): M-165: F-163', 5, 1333, 1381, 3, '8', '["428","46","429"]', 5, '035', '2018-10-05 18:00:00', '2018-10-06 13:57:01'),
(36, 'Ghata -1 govt. primary school (Male voter): center-1', '1. Dohar ghata: M-1875', 3, 1875, 0, 3, '8', '["47"]', 5, '036', '2018-10-05 18:00:00', '2018-10-06 13:57:41'),
(37, 'Ghata -1 govt. primary school (Female voter): center-2', '1. Dohar ghata: F- 1955', 4, 0, 1955, 3, '8', '["47"]', 5, '037', '2018-10-05 18:00:00', '2018-10-06 13:57:52'),
(38, 'Dohar govt. primary school', '1. Dohar: M- 920: F-1010', 4, 920, 1010, 3, '8', '["48"]', 5, '038', '2018-10-05 18:00:00', '2018-10-06 13:58:15'),
(39, 'Kalichar Mogoljan govt. primary school', '1. Kajirchar: M-599: F-6212. Modhurchar (east part): M- 412: F- 435', 4, 1011, 1056, 3, '8', '["51","49"]', 5, '039', '2018-10-05 18:00:00', '2018-10-06 13:58:40'),
(40, 'Hajrat Bilal () Madrasha (Principal Sattar Saheb Madrasha: West Sutarpar)', '1. West Sutarpara: M-1090: F-1213', 5, 1090, 1213, 3, '8', '["50"]', 5, '040', '2018-10-05 18:00:00', '2018-10-06 13:59:13'),
(41, 'Sutarpara abdul Hamed High School', '1. Gajirtek: M- 742: F- 857', 3, 742, 857, 3, '8', '["53"]', 5, '041', '2018-10-05 18:00:00', '2018-10-06 13:59:38'),
(42, 'Sutarpara Late Shamsul Haque Forkaniya Madrasha', '1. East Sutarpara (west part): M-525: F- 6052. East Sutarpara (East part): M- 403: F- 405', 4, 928, 1010, 3, '8', '["599","52"]', 5, '042', '2018-10-05 18:00:00', '2018-10-06 19:23:16'),
(43, 'Uttar Modhurchar govt. Primary School (Male voter): Center-1', 'Modhurchar (West part): M-2357', 4, 2357, 0, 3, '8', '["598"]', 5, '043', '2018-10-05 18:00:00', '2018-10-06 19:20:31'),
(44, 'Uttar Modhurchar govt. Primary Schoo (Female voter): Center-2', 'Modhurchar (West part): F- 2235', 4, 0, 2235, 3, '8', '["598"]', 5, '044', '2018-10-05 18:00:00', '2018-10-06 19:20:18'),
(45, 'Maruapota govt. Primary School', '1. Daiyarkum: M-440: F-4862. daiya Gojariya: M- 600: F- 6473. Gharmora: M- 274: F- 2714. Munshikanda: M- 253: F- 249', 6, 1567, 1653, 3, '8', '["55","54","57","58"]', 5, '045', '2018-10-05 18:00:00', '2018-10-13 06:57:45'),
(46, 'Jhanki govt. Primary School', '1. Jhanki: M-1452: F- 1626', 6, 1452, 1626, 3, '9', '["430"]', 5, '046', '2018-10-05 18:00:00', '2018-10-06 12:34:28'),
(47, 'Shimuliya govt primary school', '1. Uttar shimuliya: M-1539: F- 1724', 6, 1539, 1724, 3, '9', '["431"]', 5, '047', '2018-10-05 18:00:00', '2018-10-06 13:03:04'),
(48, 'Malikanda High School (Male voter): Center-1', '1. Malikanda: M-1885', 4, 1885, 0, 3, '9', '["432"]', 5, '048', '2018-10-05 18:00:00', '2018-10-06 13:03:56'),
(49, 'Malikanda High School (Female voter): Center-2', '1. Malikanda: F-1901', 4, 0, 1901, 3, '9', '["432"]', 5, '049', '2018-10-05 18:00:00', '2018-10-06 13:28:13'),
(50, 'Meghula govt. Primary School', '1. Meghula: M- 1639: F-1512', 6, 1639, 1512, 3, '9', '["433"]', 5, '050', '2018-10-05 18:00:00', '2018-10-06 13:29:01'),
(51, 'South Shimuliya govt Primary School (Male voter): Center-1', '1. South Shimuliya: M- 1799', 4, 1799, 0, 3, '9', '["434"]', 5, '051', '2018-10-05 18:00:00', '2018-10-06 13:29:33'),
(52, 'South Shimuliya govt Primary School (Female voter): Center-2', '1. South Shimuliya: F-1998', 4, 0, 1998, 3, '9', '["434"]', 5, '052', '2018-10-05 18:00:00', '2018-10-06 13:29:59'),
(53, 'Narisha Pashimchar govt. Primary School (Male voter): Center -1', '1. Narisha Paschimchar: M-2708', 5, 2708, 0, 3, '9', '["435"]', 5, '053', '2018-10-05 18:00:00', '2018-10-06 13:30:42'),
(54, 'Narisha Pashimchar govt. Primary School (Female voter): Center -2', '1. Narisha Paschimchar: F-2736', 5, 0, 2736, 3, '9', '["435"]', 5, '054', '2018-10-05 18:00:00', '2018-10-06 13:30:58'),
(55, 'Narisha Gilrs High School', '1. Narisha: M-973: F-1072', 4, 973, 1072, 3, '9', '["436"]', 5, '055', '2018-10-05 18:00:00', '2018-10-06 13:31:28'),
(56, 'Narisha Khalpar Govt. Primary School', '1. Narisha Khalpar: M-790: F- 8432. Narisha Choitabator- M- 559: F- 623', 0, 1349, 1466, 3, '9', '["437","438"]', 5, '056', '2018-10-05 18:00:00', '2018-10-06 13:31:58'),
(57, 'Satvita govt.Primary School', '1. Ruikha: M- 187: F- 2142. Satvita: M- 1031: F- 1085', 5, 1218, 1299, 3, '9', '["439","440"]', 5, '057', '2018-10-05 18:00:00', '2018-10-06 13:32:37'),
(58, 'Purbachar govt. Primary School', '1. Purbachar: M- 313: F-3022. Mokshudpur (Part of 1 no ward): M-442: F-481', 3, 755, 783, 3, '10', '["59","455"]', 5, '058', '2018-10-05 18:00:00', '2018-10-06 14:32:36'),
(59, 'Mokshudpur Samsuddin Shikder High School', '1. Mokshudpur (part of 2 no Ward): M- 721: F- 7502. Mokshudpur (Part of 3 no ward): M -802: F- 916', 6, 1523, 1666, 3, '10', '["60","61"]', 5, '059', '2018-10-05 18:00:00', '2018-10-06 14:33:45'),
(60, 'Padma Mohabiddyaloy', '1. Khariya North: M-291: F-3042. Dhalarpar: M-447: F-4683. Khariya South: M- 186: F-1874. Ultadangi (shantinagar): M- 124: F- 1335. Gorabon: M-172: F- 121', 4, 1220, 1213, 3, '10', '["62","457","63","456","68"]', 5, '060', '2018-10-05 18:00:00', '2018-10-06 14:34:56'),
(61, 'Shinepukurgovt. Primary School', '1. Khasertek: M- 139: F- 1372. Baniyabari: M- 273: F-2673. Bethuya: M- 973: F- 958', 6, 1385, 1362, 3, '10', '["65","67","64"]', 5, '061', '2018-10-05 18:00:00', '2018-10-06 14:35:30'),
(62, 'Modhurkhola govt. Primary School', '1. Modhurkhola: M-559: F -5292. South Modhurkhola: M- 482: F- 493', 4, 1041, 1022, 3, '10', '["70","69"]', 5, '062', '2018-10-05 18:00:00', '2018-10-06 14:36:09'),
(63, 'Moitpara govt. Primary School', '1. Horiyar tek: M- 154: F- 1672. Moitpara: M- 939: F 9733. Ruita: M- 200: F-220', 5, 1293, 1360, 3, '10', '["458","71","459"]', 5, '063', '2018-10-05 18:00:00', '2018-10-06 14:36:42'),
(64, 'Moura govt. Primary School', '1. Chatravog: M-42: F-632. Moura south: M -1107: F - 1158', 4, 1149, 1221, 3, '10', '["74","460"]', 5, '064', '2018-10-05 18:00:00', '2018-10-06 14:37:13'),
(65, 'Dhitpur Shahid Shakil govt. Primary School', '1. Moura North: M- 938: F- 9142. Dhitpur: M- 1009: F-999', 7, 1947, 1913, 3, '10', '["76","77"]', 5, '065', '2018-10-05 18:00:00', '2018-10-06 14:37:47'),
(66, 'Charhosenpura govt. Primary School', '1. Purulia: M-142: F-1262. Moinot: M- 04: F-053. Shukhdebpur: M- 41: F - 324. Deovog: M - 02: F -015. Hosenpur: M- 26: F - 276. Char Kushumhati: M- 553: F - 5197. Charboita: M- 383: F - 417', 4, 1151, 1127, 3, '11', '["466","78","464","82","85","87","463"]', 5, '066', '2018-10-05 18:00:00', '2018-10-06 14:46:19'),
(67, 'NarayonpurBaytul Aman- Darul Ulum Madrasha', '1. Shrikrishnapur: M- 425: F-3812. Narayanpur : M-348: F-291', 3, 773, 672, 3, '11', '["86","90"]', 5, '067', '2018-10-05 18:00:00', '2018-10-06 14:46:52'),
(68, 'Chardeovoga govt. Primary School', '1. Charkushaichar (part of 4 no ward): M- 239: F- 2202. Charkushaichar (part of 5 no ward): M- 862: F- 886', 4, 1101, 1106, 3, '11', '["468","470"]', 5, '068', '2018-10-05 18:00:00', '2018-10-06 14:47:44'),
(69, 'Mahmudpur  Community Center', '1. Charkushaichar (part of 7 no ward): M-287: F - 729)2. Mahmudpur(north side of Katakhal): M-827: F- 729', 4, 1114, 1022, 3, '11', '["472","88"]', 5, '069', '2018-10-05 18:00:00', '2018-10-06 14:48:58'),
(70, 'Harichandia govt. Primary School', '1. Harichandi: M- 565: F- 5682. Char Bilashpur: M 57: F- 403. Mahmudpur south side of Katakhal: M-635: F - 617', 4, 1275, 1225, 3, '11', '["79","81","473"]', 5, '070', '2018-10-05 18:00:00', '2018-10-06 14:49:48'),
(71, 'Bilashpur Choket Ali Munshi Forkaniya Madrasha', '1. Bilashpur: M- 435: F- 4632. Choto Ramnathpur: M- 274: F- 2343. Hajharbigha: M- 339: F-2964. Alinagar: M- 95: F- 645. Char Roghudebpur: M- 14: F- 18', 4, 1157, 1075, 3, '12', '["95","91","480","92","93"]', 5, '071', '2018-10-05 18:00:00', '2018-10-06 14:57:14'),
(72, 'Majhirchar Baytul-Ulum Madrasha', '1. Boro ramnathpur: M- 366: F - 3512. Majhirchar: M- 308: F- 2803. Debinagar North: M- 316: F- 381', 4, 990, 1012, 3, '12', '["98","605","97"]', 5, '072', '2018-10-05 18:00:00', '2018-10-06 20:02:18'),
(73, 'Majhirchargovt. Primary School', '1. Purbachar: M-298: F- 2722. Radhanagar North: M- 256: F- 351', 3, 654, 623, 3, '12', '["99","100"]', 5, '073', '2018-10-05 18:00:00', '2018-10-06 14:58:54'),
(74, 'Bilashpur govt. Primary School', '1. Alamkhachar: M- 95: F- 1232. Kutubpur: M- 479: F- 4673. Debinagar South: M- 872: F- 794', 5, 1446, 1384, 3, '12', '["94","104","103"]', 5, '074', '2018-10-05 18:00:00', '2018-10-06 14:59:51'),
(75, 'Krishnadebpur Saber Chokdar govt. Primary School', '1. Radhanagarsouth: M- 505: F- 5132. Kulchuri: M -496: F- 4313. Krishnadebpur: M- 148: F- 138', 4, 1149, 1082, 3, '12', '["106","105","101"]', 5, '075', '2018-10-05 18:00:00', '2018-10-06 15:00:33'),
(76, 'Monikanda govt. Primary School: Shikaripara', 'Monikanda:M-581: F- 603Anondanagar: M- 253: F- 226Bishompur: M- 367: F- 352', 5, 1201, 1181, 3, '13', '["107","110","108"]', 6, '076', '2018-10-05 18:00:00', '2018-10-06 15:12:25'),
(77, 'Shibpurgovt. Primary School', 'Shibpur: M- 187: F- 240Sonatola: M- 257: F- 258Moheshpur: M- 172: F- 181Vodrokanda: M- 75: F -82Shekher Nagar- M- 60: F- 65Nurpur- M- 139: F- 141Notti: M- 132: F- 149', 5, 1022, 1116, 3, '13', '["109","114","115","609","112","111","116"]', 6, '077', '2018-10-05 18:00:00', '2018-10-06 20:30:05'),
(78, 'Shikaripara High School', 'Shiakaripara: M- 838: F- 872Kondrabpur: M- 149: F- 161Charbaghuri: M- 61: F- 59Lashkarkanda: M- 190: F-191', 5, 1238, 1283, 3, '13', '["120","118","119","117"]', 6, '078', '2018-10-05 18:00:00', '2018-10-06 15:14:40'),
(79, 'Hagradi govt. Primary School', 'Narsinghapur: M- 85: F- 85hagradi: M- 578: F- 612Noyadangi: M- 84: F- 94Garibpur:M-339: F- 420Boktarnagar: M- 584: F- 626', 7, 1670, 1837, 3, '13', '["125","124","121","122","123"]', 6, '079', '2018-10-05 18:00:00', '2018-10-06 15:18:35'),
(80, 'Boktarnagar Govt. Primary School', 'Gongadiya:M- 230: F- 216Panjiprohori: M- 460: F- 456Daudpur: M- 409: F- 371', 4, 1099, 1043, 3, '13', '["129","131","130"]', 6, '080', '2018-10-05 18:00:00', '2018-10-11 09:39:15'),
(81, 'Sujapur govt. Primary School', 'Narayanpur: M- 287: M- 301Sherpur: M- 251: F- 286Sujapur: M- 392: 458', 4, 930, 1045, 3, '13', '["128","126","127"]', 6, '081', '2018-10-05 18:00:00', '2018-10-06 15:20:00'),
(82, 'Joykrishnanagar govt. Primary School', 'Shankardiya: M- 293: F- 296Shyampur: M- 66: F- 60Bilchuri: M- 19: F- 17Joykrishnapur: M- 174: F- 197Gojariay: M- 74: F- 68', 3, 626, 638, 3, '14', '["138","137","135","133","136"]', 6, '082', '2018-10-05 18:00:00', '2018-10-13 06:58:21'),
(83, 'Shonabaju govt. Primary School', 'Shonabajhu: M- 1144: F- 1151', 4, 1144, 1151, 3, '14', '["132"]', 6, '083', '2018-10-05 18:00:00', '2018-10-06 15:33:48'),
(84, 'Titopoldiya govt. Primary School', 'Titopoldiya: M- 277: F- 244Kollyanshri: M- 286: F- 308Bahadurpur: M- 202: F- 229Panikawr: M- 214: F- 197', 4, 979, 978, 3, '14', '["134","139","141","140"]', 6, '084', '2018-10-05 18:00:00', '2018-10-06 15:34:38'),
(85, 'Kuthuri govt. Primary School', 'Kuthuri: M -587: F- 601Ashoypur: M- 280: F- 271Ghatbazar: M- 29: F- 30Raypur: M- 293: F- 323Brahmangram: M- 61: F- 61', 5, 1250, 1286, 3, '14', '["145","144","497","142","146"]', 6, '085', '2018-10-05 18:00:00', '2018-10-06 15:35:39'),
(86, 'Ghoshail govt. Primary School', 'Ghoshail: M- 458: F -481Ar Ghoshail: M- 262: F- 251Kedharpur: M- 176: F- 182bahuyaghati: M- 152: F- 137', 4, 1048, 1051, 3, '14', '["149","143","148","147"]', 6, '086', '2018-10-05 18:00:00', '2018-10-06 15:36:29'),
(87, 'Rajhapur govt. Primary School', 'Rajhapur: M- 600: M 603Balenga: M- 535: F- 497Kastartek: M- 144: F- 144Dhoyair: M- 38: F- 44Rajhapur Noyadangi: M- 36: F- 38Batoijuri: M- 18: F- 29', 5, 1371, 1355, 3, '14', '["154","159","155","498","624","152"]', 6, '087', '2018-10-05 18:00:00', '2018-10-11 10:02:46'),
(88, 'Charakhali govt. Primary School', 'Purbachak-M- 42: F- 41Charakhali-M- 118: F -125Mothbari: M- 75: F- 59Bataimuri: M- 11: F- 9', 2, 246, 234, 3, '14', '["153","158","157","156"]', 6, '088', '2018-10-05 18:00:00', '2018-10-06 15:38:26'),
(89, 'Baruakhali govt. Primary School', 'Baruakhali North: M- 201: F- 194Madla: M- 216: F- 203Chakbarilla: M- 121: F- 129baruakhali South- M- 529: F- 546', 4, 1067, 1072, 3, '15', '["162","166","167","165"]', 6, '089', '2018-10-05 18:00:00', '2018-10-06 15:55:26'),
(90, 'Baherchar govt. Primary School', 'Baherchar: M- 342: F- 400Daktarkanda: M- 42: F- 36Bramhankhali: M- 410: F- 445Choto Nabagram: M- 382: F- 384', 4, 1176, 1265, 3, '15', '["161","504","506","160"]', 6, '090', '2018-10-05 18:00:00', '2018-10-06 15:56:34'),
(91, 'Kumar barilla govt. Primary School', 'Dharikandi: M- 101: F- 108Veramuriya: M- 252: F- 253Kumarbarilla : M- 377: F- 387kandabarilla:M - 497: F- 497Borobarilla: M- 118: F-109', 5, 1345, 1354, 3, '15', '["176","172","174","175","173"]', 6, '091', '2018-10-05 18:00:00', '2018-10-06 16:01:26'),
(92, 'Alalpur govt. Primary School', 'Ramnagar: M- 73: F- 75Boro Priti Noyadda: M- 68: F- 76Choto Priti Noyadda- M- 93: F- 45Alalpur South: M- 327: F- 357Munshinagar: M- 344: F- 409Alalpur North: M- 273: F- 275', 5, 1213, 1341, 3, '15', '["180","181","511","513","179","183","625"]', 6, '092', '2018-10-05 18:00:00', '2018-10-11 10:17:22'),
(93, 'Kar Para govt. Primary School', 'Kar Para: M- 227: F- 242Chatrapur: M- 165: F- 170Joinotpur: M- 108: F- 106Dhirrghogram: M- 325: F- 356Shiyaljaan: M- 29: F- 41Vangagora: M- 134: F- 124', 4, 988, 1039, 3, '15', '["177","168","169","171","178","170"]', 6, '093', '2018-10-05 18:00:00', '2018-10-06 16:04:04'),
(94, 'Kawniyakandi govt. Primary School', 'Boro kawniyakandi: M- 361: F- 362Choto Kawniyakandi: M- 149: F- 161Jahanabaad: M- 105: F- 106Baniyagram: M- 68: F- 93Kanchannagar: M- 78: F- 77', 3, 761, 799, 3, '15', '["522","187","188","185","186"]', 6, '094', '2018-10-05 18:00:00', '2018-10-06 16:04:58'),
(95, 'Ghoshpara govt. Primary School', 'Ghoshpara:M- 390: F- 402Vaowadubi: M- 395: F- 440Vurakhali: M- 158: F- 127', 4, 943, 969, 3, '16', '["191","192","193"]', 6, '095', '2018-10-05 18:00:00', '2018-10-06 16:52:22'),
(96, 'Nabinagar Uttar Bahra Dhakhil Madrasha', 'Sahebganj: M- 231: F- 231North Bahra: M- 547: F- 616', 3, 778, 847, 3, '16', '["190","189"]', 6, '096', '2018-10-05 18:00:00', '2018-10-06 16:53:09'),
(97, 'Chartashulla govt. Primary School', 'Choto Tashulla: M- 774: F- 819Bipulla: M- 680: F- 766', 6, 1454, 1585, 3, '16', '["196","194"]', 6, '097', '2018-10-05 18:00:00', '2018-10-06 16:53:49'),
(98, 'Tashulla High School', 'Boro Tashulla: M- 438: F- 459Char Tuitail: M- 204: F- 218Bipratashulla: M- 373: F- 396', 4, 1015, 1073, 3, '16', '["195","537","197"]', 6, '098', '2018-10-05 18:00:00', '2018-10-06 16:54:23'),
(99, 'Tuitail govt. Primary School', 'Tuitail: M-F1671Bokchar- F-M- 721Charbaghuri- M-F- 96Notun Tuitail: M-F- 97Afzalnagar: M-F- 290', 6, 1341, 1534, 3, '16', '["202","200","201","199","538"]', 6, '099', '2018-10-05 18:00:00', '2018-10-06 16:55:10'),
(100, 'Khanepur High School', 'Shoilla: M- 339: F- 369Kandakhanepur: M- 569: F- 590Khanepur Kanda: M- 169: F- 173Char Shoilla: M- 226: F- 251', 5, 1313, 1383, 3, '16', '["203","205","204","539"]', 6, '100', '2018-10-05 18:00:00', '2018-10-06 16:56:00'),
(101, 'Radhakantpur govt. Primary School', 'RadhakantopurM- 538: F- 601Rahutghati: M- 231: F- 327Char Khanepur: M- 197: F- 219Noyonshree: M- 583: F- 630', 6, 1549, 1777, 3, '16', '["206","209","207","208"]', 6, '101', '2018-10-05 18:00:00', '2018-10-06 16:56:57'),
(102, 'Golla Bolik govt. Primary School', 'Sap Leja: M-126: F- 118Choto Golla: M- 189: F- 258Boro Golla: M- 186: F- 253Kashinagar: M- 39: F- 43Padrikanda: M- 58: F- 79Mataber Tek: M- 14: F- 14Kumar Golla: M- 262: F- 311Krishnanagar: M-167: F- 184', 4, 1041, 1260, 3, '16', '["218","217","211","220","219","215","213","214"]', 6, '102', '2018-10-05 18:00:00', '2018-10-06 16:58:10'),
(103, 'Deotala govt. Primary School', 'Deotola: M- 503: F- 570Dhori Deotola : M- 97: F- 123Shahjadpur: M- 85: F-92Purba Shoytankathi: M- 381: F- 430', 4, 1066, 1215, 3, '16', '["212","542","216","210"]', 6, '103', '2018-10-05 18:00:00', '2018-10-06 16:59:15'),
(104, 'Uttar Balukhanda Govt. Primary School', 'North Balukhanda - M:1070F:1168', 4, 1070, 1168, 3, '17', '["222"]', 6, '104', '2018-10-05 18:00:00', '2018-10-06 17:24:17'),
(105, 'Dutta Khanda Govt. Primary School', 'Dutta Khanda - M:876 F:894', 3, 876, 894, 3, '17', '["237"]', 6, '105', '2018-10-05 18:00:00', '2018-10-06 17:24:44'),
(106, 'Mohijdia Govt. Primary School', 'Mohijdia - M: 390 F:405Cumulli - M: 320 F: 311', 3, 710, 716, 3, '17', '["223","556"]', 6, '106', '2018-10-05 18:00:00', '2018-10-06 17:25:38'),
(107, 'Dokkhin Balukhanda Govt. Primary School', 'Dudhghata - M: 396 F: 386Dokkhin Balukhanda - M: 1030 F: 990', 5, 1426, 1376, 3, '17', '["221","236"]', 6, '107', '2018-10-05 18:00:00', '2018-10-06 17:26:13'),
(108, 'Purbo Patiljhap Govt. Primary School', 'Patiljhap - M:1049 F:1111Sholla Nagar - M: 327 F: 342', 5, 1376, 1453, 3, '17', '["224","244"]', 6, '108', '2018-10-05 18:00:00', '2018-10-06 17:26:48'),
(109, 'Sholla Higher Secondary  School', 'Khatia - M: 1241: F: 1243', 5, 1241, 1243, 3, '17', '["229"]', 6, '109', '2018-10-05 18:00:00', '2018-10-06 17:27:10'),
(110, 'Dokkhin Sholla Govt. Primary School', 'Dokkhin Sholla: M: 1197 F: 1166Ajgora - M: 167 F: 162Jhonjhonia - M:112 F:112', 5, 1476, 1440, 3, '17', '["231","570","230"]', 6, '110', '2018-10-05 18:00:00', '2018-10-06 17:27:46'),
(111, 'Shinghora Govt. Primary School:Sholla', 'Shinghora - M: 656 F:649Parashora - M:145 F: 140Noyahati - M:281 F:260Abdani - M:180 F:199Dokkhin Purbo Shinghora M: 195 F:202Shinghora Aikbari - M: 265F:336', 6, 1722, 1786, 3, '17', '["227","571","242","226","574","241"]', 6, '111', '2018-10-05 18:00:00', '2018-10-06 17:30:31'),
(112, 'Chokoria Govt. Primary School', 'Chokoria - M: 555 F: 560Chokoria Chokbari - M:485 F: 449', 4, 1040, 1009, 3, '17', '["228","572"]', 6, '112', '2018-10-05 18:00:00', '2018-10-06 17:32:01'),
(113, 'Shingjor Govt. Primary School', 'Shingjor  - M:1358 F: 1392', 5, 1358, 1392, 3, '17', '["246"]', 6, '113', '2018-10-05 18:00:00', '2018-10-06 17:32:29'),
(114, 'Sultanpur Govt. Primary School', 'Sultanpur - M: 194 F: 216Modonmohonpur - M: 667 F: 708Konda - M: 348 F: 340', 5, 1209, 1264, 3, '17', '["233","232","248"]', 6, '114', '2018-10-05 18:00:00', '2018-10-06 17:33:05'),
(115, 'M Mohiuddin Secondary School', 'Auna - M: 356 F:366Hayatkanda - M: 372 F: 389Ulail - M: 421 F: 438 Kartikpur - M: 63 F: 50Chok Auna - M: 272 F: 246Bowali - M:261: F: 232', 5, 1745, 1721, 3, '17', '["234","245","250","573","247","249"]', 6, '115', '2018-10-05 18:00:00', '2018-10-06 17:33:56'),
(116, 'Jontraile Govt. Primary School', 'Jontraile (Part of Ward No. 1)-M: 987 F: 1056', 4, 987, 1056, 3, '18', '["251"]', 6, '116', '2018-10-05 18:00:00', '2018-10-06 17:41:57'),
(117, 'Ajijpur Govt. Primary School', 'Jontraile (Part of Ward No. 2)-M: 530 F: 570Ajijpur- M: 378 F: 372', 4, 908, 942, 3, '18', '["252","575"]', 6, '117', '2018-10-05 18:00:00', '2018-10-06 17:42:36'),
(118, 'Chndrokhola Govt. Primary School', 'Chondrokhola -M: 868 F: 820Vaoyaliya- M: 347 F: 377', 4, 1215, 1197, 3, '18', '["253","254"]', 6, '118', '2018-10-05 18:00:00', '2018-10-06 17:43:14'),
(119, 'Begum Hasiba High School', 'Debukhali- M: 128 F: 108Horishkul (Part of Ward No. 5)-M: 976 F: 998', 4, 1104, 1106, 3, '18', '["257","258"]', 6, '119', '2018-10-05 18:00:00', '2018-10-13 06:59:06'),
(120, 'Dokhhin Horishkul Govt. Primary School', 'Horishkul (Part of Ward No. 6)-M: 1168 F: 1196Jalalchor- M: 592 F: 620', 6, 1760, 1816, 3, '18', '["256","255"]', 6, '120', '2018-10-05 18:00:00', '2018-10-06 17:44:10'),
(121, 'Gobindopur Govt. Primary School', 'East Gobindopur-M: 1352 F: 1410Moymondi- M: 459 F: 466', 7, 1811, 1876, 3, '18', '["259","260"]', 6, '121', '2018-10-05 18:00:00', '2018-10-06 17:46:04'),
(122, 'Nobogram Govt. Primary School', 'Balidior -M: 143 F: 199Chorkhlosi- M: 617 F: 609Nobogram- M: 251 F: 246', 4, 1011, 1054, 3, '18', '["576","577","578"]', 6, '122', '2018-10-05 18:00:00', '2018-10-06 17:46:50'),
(123, 'Kirinchi Govt. Primary School', 'Nolgora- M: 271 F: 272Kirinchi- M: 746 F: 699', 4, 1017, 971, 3, '18', '["580","579"]', 6, '123', '2018-10-05 18:00:00', '2018-10-06 17:47:20'),
(124, 'Mohobbotpur Govt. Primary School', 'Mohobbotpur- M: 1213 F: 1327Imamnogor- M: 189 F: 200', 6, 1402, 1527, 3, '19', '["266","261"]', 6, '124', '2018-10-05 18:00:00', '2018-10-06 17:49:11'),
(125, 'Sadapur Govt. Primary School', 'Sadapur- M: 936 F: 979Hazratpur- M: 343 F: 326Alhadipur- M: 420 F: 481', 6, 1699, 1786, 3, '19', '["616","617","618"]', 6, '125', '2018-10-05 18:00:00', '2018-10-06 23:49:40'),
(126, 'Majhirkanda Govt. Primary School', 'Sayedpur- M: 500 F: 556Boro Harikanda- M: 257 F: 283Majhirkanda- M: 419 F: 403Mridhakanda- M: 131 F: 159Kathalighata- M: 443 F: 497Shorupdi Kandi- M: 44 F: 78', 6, 1794, 1976, 3, '19', '["583","270","262","601","267","586"]', 6, '126', '2018-10-05 18:00:00', '2018-10-06 19:55:46'),
(127, 'Puran Bandura Govt. Primary School', 'Old Bandura- M: 1550 F: 1715', 6, 1550, 1715, 3, '19', '["587"]', 6, '127', '2018-10-05 18:00:00', '2018-10-06 17:52:30'),
(128, 'Bandura Govt. Boys\' Primary School', 'Molashikanda- M: 316 F: 335Hasanabad (Part of Ward No. 5)- M: 609 F: 747', 4, 925, 1082, 3, '19', '["272","273"]', 6, '128', '2018-10-05 18:00:00', '2018-10-06 17:55:27'),
(129, 'Molouvi Dangi Govt. Primary School', 'Molouvi Dangi- M: 443 F: 463Hasanabad (Part of Ward No. 6)- M: 882 F: 963', 5, 1325, 1426, 3, '19', '["589","596"]', 6, '129', '2018-10-05 18:00:00', '2018-10-06 18:00:21'),
(130, 'Puyakoiyer Govt. Primary School: (Tinshed Building) Centre- 1 Woman Centre', 'New Bandura (Part of ward No. 8)- F: 582Mirer Dangi- F: 106Nurongor- F: 373Noyanogor- F: 801Baroduari- F: 201Champanogor- F: 83', 4, 0, 2146, 3, '19', '["281","282","591","590","595","592"]', 6, '130', '2018-10-05 18:00:00', '2018-10-06 18:02:24'),
(131, 'Puyakoiyer Govt. Primary School: (Tinshed Building & Half- stoned Building) Centre- 2 Male Centre', 'New Bandura (Part of ward No. 8)- M: 508Mirer Dangi- M: 63Nurongor- M: 384Noyanogor- M: 721Baroduari- M: 220Champanogor- M: 87', 4, 1983, 0, 3, '19', '["281","282","591","590","592"]', 6, '131', '2018-10-05 18:00:00', '2018-10-06 18:05:01'),
(132, 'Notun Bandura Govt. Primary School', 'New Bandura (Part of ward No. 7)- M: 1327 F: 1268', 5, 1327, 1268, 3, '19', '["597"]', 6, '132', '2018-10-05 18:00:00', '2018-10-06 18:06:46'),
(133, 'Harekrishna Kusum Koli High School', 'Modhonogor- M: 115 F: 128Goyalnogor- M: 148 F: 105Gopalpur- M: 218 F: 238Bagahati- M: 75 F: 91Borongor- M: 167 F: 161Voirahati- M: 126 F: 118Rajarampur- M: 148 F: 177Gopikantopur- M: 76 F: 85Khandokar Noyadha- M: 69 F: 78Pukurpar- M: 125 F: 128R', 5, 1415, 1437, 3, '20', '["288","555","613","283","614","612","611","615","554","610","549","553","548"]', 6, '133', '2018-10-05 18:00:00', '2018-10-06 23:17:17'),
(134, 'Nawabgonbj Pilot High School', 'Panaliya- M: 530 F: 534West Somsabad- M: 625 F: 662Boro Somsabad- M: 651 F: 716Nowabgonj- M: 238 F: 212', 8, 2044, 2124, 3, '20', '["559","298","296","558"]', 6, '134', '2018-10-05 18:00:00', '2018-10-11 13:03:41'),
(135, 'Nawabgonbj Pilot Girls\' High School', 'Kashimpur- M: 1445 F:1590', 6, 1445, 1590, 3, '20', '["560"]', 6, '135', '2018-10-05 18:00:00', '2018-10-11 13:03:54'),
(136, 'Jalalpur Udayan Model Govt. Primary School', 'Baghmara- M: 295 F: 299Surgonj- M: 290 F: 297Jalalpur- M: 463 F: 446Boikusthopur- M: 108 F: 127Amirpur- M: 499 F: 540', 6, 1655, 1709, 3, '20', '["303","302","306","304","562"]', 6, '136', '2018-10-05 18:00:00', '2018-10-06 17:29:36'),
(137, 'Rajpara Govt. Primary School', 'Khondokerhati- M: 456 F: 463Madhobpur- M: 446 F: 483Rajpara- M: 550 F: 597Pirmamudiya- M: 346 F: 407Bibirchor- M: 130 F: 160', 7, 1928, 2110, 3, '20', '["309","564","565","308","307"]', 6, '137', '2018-10-05 18:00:00', '2018-10-06 17:30:32'),
(138, 'Pathankanda Govt. Primary School', 'Pathankanda (Part of ward no. 1)- M: 288 F: 308Komorgonj- M: 700 F: 651Gajikhali- M: 135 F: 124', 4, 1123, 1083, 3, '21', '["526","525","524"]', 6, '138', '2018-10-05 18:00:00', '2018-10-06 16:33:41'),
(139, 'Bordhonpara Govt. Primary School', 'Pathankanda (Part of ward no. 2)- M: 107 F: 99Bordhonpara (Part of ward no. 2)- M: 487 F: 527Bordhonpara (Part of ward no. 3)- M: 714 F: 772', 5, 1308, 1398, 3, '21', '["535","536","527"]', 6, '139', '2018-10-05 18:00:00', '2018-10-06 16:36:59'),
(140, 'Boxnogor High School', 'Choto Boxnogor- M: 936 F: 996', 4, 936, 996, 3, '21', '["528"]', 6, '140', '2018-10-05 18:00:00', '2018-10-11 13:10:29'),
(141, 'Boro Boxnogor Govt. Primary School', 'Choto Rajpara-  M: 486 F: 467Boro Boxnogor Sabekhati-  M:295 F: 287Boro Boxnogor-  M: 513 F: 560Boxnogor Chowrahoti-  M: 281 F: 349Boxnogor Christianhati-  M: 221 F: 264', 7, 1796, 1927, 3, '21', '["531","532","530","529","312"]', 6, '141', '2018-10-05 18:00:00', '2018-10-11 13:18:23'),
(142, 'Dhighirpar Govt. Primary School', 'Dhighir par (Part of ward no. 7)- M: 949 F: 1023Dhighir para (Part of ward no. 8)- M: 958 F: 997', 7, 1907, 2020, 3, '21', '["533","316"]', 6, '142', '2018-10-05 18:00:00', '2018-10-06 16:43:16'),
(143, 'Balurchor Govt. Primary School:', 'Balurchor- M: 710 F: 772Surgonj Tukinikanda- M: 531 F: 524', 5, 1241, 1296, 3, '21', '["317","534"]', 6, '143', '2018-10-05 18:00:00', '2018-10-06 16:47:20'),
(144, 'Bolomonttochor Govt. Primary School', 'Boro Bolomonttochor- M: 1224 F: 1314Choto Bolomonttochor- M: 361 F: 400', 6, 1585, 1714, 3, '22', '["499","500"]', 6, '144', '2018-10-05 18:00:00', '2018-10-06 15:55:23'),
(145, 'Algirchor Govt. Primary School', 'Alamgirchor- M: 751 F: 769Urarchor- M: 73 F: 74', 3, 824, 843, 3, '22', '["501","502"]', 6, '145', '2018-10-05 18:00:00', '2018-10-11 13:29:44'),
(146, 'Kandamatra Govt. Primary School', 'Kandamatra- M: 907 F: 856Kahur- M: 223 F: 219Bagbari- M: 57 F: 55', 4, 1187, 1130, 3, '22', '["323","320","322"]', 6, '146', '2018-10-05 18:00:00', '2018-10-06 16:05:13'),
(147, 'Baharra Poschim Govt. Primary School', 'Shuvoriya- M: 418 F: 407Boro Baharra Chakuri Para- M: 1105 F: 1021', 5, 1523, 1428, 3, '22', '["507","326"]', 6, '147', '2018-10-05 18:00:00', '2018-10-06 16:08:01'),
(148, 'Baharra Oyasek Memorial High School', 'Baharra East Tati Para (Baharra East Rishi Para)- M: 553 F: 565Boro Baharra West Para- M: 613 F: 611West Chok Baharra- M: 177 F: 226', 5, 1343, 1402, 3, '22', '["602","603","604"]', 6, '148', '2018-10-05 18:00:00', '2018-10-06 20:01:42'),
(149, 'Baharra Purbo Govt. Primary School', 'Baharra Mollakanda- M: 501 F: 560Mylaile- M: 430 F: 466Baharra Chorkanda- M: 881 F: 891', 7, 1812, 1917, 3, '22', '["515","512","514"]', 6, '149', '2018-10-05 18:00:00', '2018-10-06 16:09:58'),
(150, 'Agla Chowkighata Jonomongol High School', 'North Chowkighata- M: 790 F: 834South Chowkighata- M: 616 F:635', 5, 1406, 1469, 3, '22', '["516","517"]', 6, '150', '2018-10-05 18:00:00', '2018-10-06 16:11:51'),
(151, 'Baharra Ebetedayi Madrasha', 'Boro Baharra East & North- M: 322 F: 296East Chok Baharra- M: 163 F: 170Baharra Sonargaon- M: 188 F: 204Uluman Chandura- M: 120 F: 120Naopara- M: 241 F: 247', 4, 1034, 1037, 3, '22', '["520","518","519","523","521"]', 6, '151', '2018-10-05 18:00:00', '2018-10-06 16:14:11'),
(152, 'Koilail Govt. Primary School', 'Koilail South- M: 252: F: 264Koilail Bagmara - M: 458 F: 460Telenga - M: 419: F: 402', 4, 1129, 1126, 3, '23', '["496","481","330"]', 6, '152', '2018-10-05 18:00:00', '2018-10-06 15:24:49'),
(153, 'Koilail Hanafia Madrasha', 'Koilail North - M:686 F:638Sonargaon - M: 209 F: 215Meleng Dokkhin - M: 198 F: 210Raipur - M: 344 F: 339', 5, 1437, 1402, 3, '23', '["483","485","337","484"]', 6, '153', '2018-10-05 18:00:00', '2018-10-06 15:26:33'),
(154, 'Meleng Govt. Primary School', 'Meleng North - M: 416 F:420Meleng East - M: 438: F: 420Meleng West (Khal Paar) - M: 218 F: 232', 4, 1072, 1072, 3, '23', '["487","486","488"]', 6, '154', '2018-10-05 18:00:00', '2018-10-06 15:27:27'),
(155, 'Matabpur Govt. Primary School', 'Matabpur - M: 567 F: 634', 2, 567, 634, 3, '23', '["606"]', 6, '155', '2018-10-05 18:00:00', '2018-10-06 20:04:22'),
(156, 'Paragram Govt. Primary School', 'Dignara - M: 295 F: 241Paragram - M: 524 F: 531Mashail - M: 262 F: 226', 4, 1081, 998, 3, '23', '["489","490","331"]', 6, '156', '2018-10-05 18:00:00', '2018-10-06 15:28:56'),
(157, 'Dorikanda Govt. Primary School', 'Dorikanda - M: 1100 F: 1100Madhupur - M: 346 F: 323', 5, 1446, 1423, 3, '23', '["332","333"]', 6, '157', '2018-10-05 18:00:00', '2018-10-06 15:29:54'),
(158, 'Bhangavita Govt. Primary School', 'Molla Kanda - M: 222 F: 243Bhangavita - M: 971 F: 840', 4, 1193, 1083, 3, '23', '["493","492"]', 6, '158', '2018-10-05 18:00:00', '2018-10-06 15:30:43'),
(159, 'Malikanda Govt. Primary School', 'Malikanda - M: 651 F:684Noyakanda - M: 803 F: 778', 5, 1454, 1462, 3, '23', '["335","334"]', 6, '159', '2018-10-05 18:00:00', '2018-10-06 15:34:48'),
(160, 'Dowlotpur Govt. Primary School', 'Doulotpur - M: 1184 F: 1167', 4, 1184, 1167, 3, '23', '["346"]', 6, '160', '2018-10-05 18:00:00', '2018-10-11 13:54:20'),
(161, 'Majhpara Govt. Primary School', 'Mukimpur- M: 132 F: 124Hajikanda- M: 155 F: 160Agla- M: 337 F: 375Agla East para- M: 311 F: 319Majhpara- M: 880 F: 948', 7, 1815, 1926, 3, '24', '["354","355","462","465","461"]', 6, '161', '2018-10-05 18:00:00', '2018-10-06 14:54:05'),
(162, 'Mohakobi Kayokobad Girls\' High School (Front Building): Centre-1', 'Kaluyahati North- F: 1195Kaluyahati South- F: 352Tikorpur- F: 778', 4, 0, 2325, 3, '24', '["467","469","471"]', 6, '162', '2018-10-05 18:00:00', '2018-10-06 14:56:50'),
(163, 'Mohakobi Kayokobad Girls\' High School (Back Building): Centre-2', 'Kaluyahati North- M: 1186Kaluyahati South- M: 393Tikorpur- M: 840', 4, 2419, 0, 3, '24', '["467","469","471"]', 6, '163', '2018-10-05 18:00:00', '2018-10-06 14:56:34'),
(164, 'Chatiya Govt. Primary School', 'Mohonpur- M: 913 F: 1016Chatiya- M: 657 F: 697', 6, 1570, 1713, 3, '24', '["475","474"]', 6, '164', '2018-10-05 18:00:00', '2018-10-06 14:57:47'),
(165, 'Chandertek Govt. Primary School', 'Chorchoriya- M:605 F: 568Chor Modhuchoriya- M: 351 F: 341', 4, 956, 909, 3, '24', '["477","476"]', 6, '165', '2018-10-05 18:00:00', '2018-10-06 14:58:27'),
(166, 'BG Chorchoriya Govt. Primary School (Benukhali)', 'Gokulnogor- M: 291 F: 318Benukhali- M: 553 F: 578', 4, 844, 896, 3, '24', '["479","478"]', 6, '166', '2018-10-05 18:00:00', '2018-10-06 14:59:05'),
(167, 'Miyahati Mahabubiya Kaderiya Madrasha', 'Andharkotha- M: 499 F: 526Kuthibari- M: 97 F: 116Noyadda- M: 700 F: 687Miyahati- M: 182 F: 195Joynogor surgonj- M: 573 F: 630', 8, 2051, 2154, 3, '25', '["449","452","357","359","450"]', 6, '167', '2018-10-05 18:00:00', '2018-10-06 14:27:32'),
(168, 'Galimpur Rahmania High School', 'Borogram- M: 584 F: 604Surjokhali- M: 440 F: 434Sahabad- M: 241 F: 236Khanhati- M: 483 F: 470', 6, 1748, 1744, 3, '25', '["363","366","365","364"]', 6, '168', '2018-10-05 18:00:00', '2018-10-06 14:30:07'),
(169, 'Sonahazra Govt. Primary School', 'Chanhati- M: 173 F: 189Nogor- M: 147 F: 154Ramnathpur- M: 221 F: 245Sonahazara- M: 667 F: 715Shonkorkhali- M: 323 F: 339Paikesha- M: 201 F: 225', 6, 1732, 1867, 3, '25', '["369","367","372","368","370","371"]', 6, '169', '2018-10-05 18:00:00', '2018-10-06 14:33:57'),
(170, 'Kamarkhola Govt. Primary School', 'Kamarkhola- M: 848 F: 801', 4, 848, 801, 3, '26', '["445"]', 6, '170', '2018-10-05 18:00:00', '2018-10-06 14:25:05'),
(171, 'Munshinogor Govt. Primary School', 'West Munshinogor- M: 530 F: 580East Munshinogor- M: 572 F: 686', 4, 1102, 1266, 3, '26', '["444","443"]', 6, '171', '2018-10-05 18:00:00', '2018-10-13 05:35:34'),
(172, 'Morichpotti Govt. Primary School', 'Morichpotti- M: 676 F: 715Modonkhali- M: 150 F: 140', 4, 826, 855, 3, '26', '["387","388"]', 6, '172', '2018-10-05 18:00:00', '2018-10-06 14:21:58'),
(173, 'Durgapur Govt. Primary School', 'East Gobindopur- M: 739 F: 747Durgapur- M: 858 F: 843', 6, 1597, 1590, 3, '26', '["454","453"]', 6, '173', '2018-10-05 18:00:00', '2018-10-06 14:20:33'),
(174, 'Churain Tarini Bama High School (New Building), Centre- 1, Male Centre', 'West Churain- M: 1112East Churain- M: 940', 3, 2052, 0, 3, '26', '["383","441"]', 6, '174', '2018-10-05 18:00:00', '2018-10-06 19:37:27'),
(175, 'Churain Tarini Bama High School (Old Building), Centre- 2, Female Center', 'West Churain- M: 1098East Churain- M: 962', 4, 0, 2060, 3, '26', '["383","441"]', 6, '175', '2018-10-05 18:00:00', '2018-10-06 14:14:50'),
(176, 'Gobindopur Agroni Govt. Primary School: Churain: Nawabganj: Dhaka', 'Sonahazra- M: 88 F: 96Chourahati- M: 207 F: 256Chanhati- M: 45 F: 39West Gobindopur- M: 673 F: 707', 4, 1013, 1098, 3, '26', '["380","374","379","373"]', 6, '176', '2018-10-05 18:00:00', '2018-10-06 13:48:34'),
(177, 'Sonatola Madrasha', 'Sonatola- M: 391 F: 362Muslimhati- M: 1065 F: 1068', 5, 1456, 1430, 3, '26', '["375","376"]', 6, '177', '2018-10-05 18:00:00', '2018-10-06 13:53:13'),
(178, 'Gobindopur Govt. Primary School: Churain: Nawabganj: Dhaka', 'Shonkorkhali- M: 347 F: 395Paiksha- M: 171 F: 156', 2, 518, 551, 3, '26', '["377","378"]', 6, '178', '2018-10-05 18:00:00', '2018-10-06 13:41:36');

-- --------------------------------------------------------

--
-- Table structure for table `bol_election_organizations`
--

CREATE TABLE `bol_election_organizations` (
  `id` int(10) UNSIGNED NOT NULL,
  `name` varchar(255) COLLATE utf8mb4_unicode_ci DEFAULT NULL,
  `created_at` timestamp NULL DEFAULT NULL,
  `updated_at` timestamp NULL DEFAULT NULL
) ENGINE=InnoDB DEFAULT CHARSET=utf8mb4 COLLATE=utf8mb4_unicode_ci ROW_FORMAT=COMPACT;

--
-- Dumping data for table `bol_election_organizations`
--

INSERT INTO `bol_election_organizations` (`id`, `name`, `created_at`, `updated_at`) VALUES
(3, 'Awami league', '2018-10-02 05:39:04', '2018-10-02 05:39:04'),
(4, 'Government', '2018-10-04 03:58:29', '2018-10-04 03:58:29'),
(5, 'Police', '2018-10-04 06:25:23', '2018-10-06 04:09:50'),
(6, 'RAB', '2018-10-06 04:10:00', '2018-10-06 04:10:00'),
(7, 'UNO', '2018-10-06 05:49:35', '2018-10-06 05:49:35'),
(8, 'Beximco Holdings', '2018-10-08 05:44:36', '2018-10-08 05:44:36'),
(9, 'Upazila Parishad', '2018-10-14 09:26:25', '2018-10-14 09:26:25'),
(10, 'Land & Revenue', '2018-10-14 09:27:22', '2018-10-14 10:10:59'),
(11, 'Health and Environmental', '2018-10-14 09:28:56', '2018-10-14 09:28:56'),
(12, 'Agriculture, Fisheries, Livestock and Food', '2018-10-14 09:30:50', '2018-10-14 09:30:50'),
(13, 'ICT and Engineering', '2018-10-14 09:31:45', '2018-10-14 10:12:56'),
(14, 'Education', '2018-10-14 09:32:39', '2018-10-14 11:49:57'),
(15, 'Election Commission', '2018-10-14 09:40:18', '2018-10-14 09:40:18'),
(16, 'HR Development', '2018-10-14 10:15:35', '2018-10-14 10:15:35'),
(17, 'Others', '2018-10-14 10:18:57', '2018-10-14 10:18:57'),
(18, 'Union Parishad', '2018-10-14 10:32:17', '2018-10-14 10:32:17'),
(19, 'Pourashava', '2018-10-14 10:45:00', '2018-10-14 10:47:27');

-- --------------------------------------------------------

--
-- Table structure for table `bol_election_people`
--

CREATE TABLE `bol_election_people` (
  `id` int(11) NOT NULL,
  `district_id` int(11) DEFAULT NULL,
  `upazila_id` int(11) DEFAULT NULL,
  `union_id` int(11) DEFAULT NULL,
  `ward_id` int(11) DEFAULT NULL,
  `village_id` int(11) DEFAULT NULL,
  `peoplegroup_ids` text COLLATE utf8_unicode_ci NOT NULL,
  `organization_id` int(11) DEFAULT NULL,
  `designation_id` int(11) NOT NULL,
  `name` text COLLATE utf8_unicode_ci NOT NULL,
  `phones` text COLLATE utf8_unicode_ci,
  `address` text COLLATE utf8_unicode_ci,
  `assign_location` int(2) NOT NULL,
  `has_priority` tinyint(1) DEFAULT NULL,
  `is_al` tinyint(1) DEFAULT NULL,
  `extra_designation` varchar(150) COLLATE utf8_unicode_ci DEFAULT NULL,
  `in_fluential` tinyint(1) DEFAULT NULL,
  `created_at` timestamp NULL DEFAULT NULL,
  `updated_at` timestamp NULL DEFAULT NULL
) ENGINE=MyISAM DEFAULT CHARSET=utf8 COLLATE=utf8_unicode_ci ROW_FORMAT=DYNAMIC;

--
-- Dumping data for table `bol_election_people`
--

INSERT INTO `bol_election_people` (`id`, `district_id`, `upazila_id`, `union_id`, `ward_id`, `village_id`, `peoplegroup_ids`, `organization_id`, `designation_id`, `name`, `phones`, `address`, `assign_location`, `has_priority`, `is_al`, `extra_designation`, `in_fluential`, `created_at`, `updated_at`) VALUES
(6, 18, 5, 0, 0, 0, '"4"', 12, 21, 'ABM Wahidur Rahman', '[{"type":"office","phone":"01715785390"}]', '', 1, 0, 0, '', NULL, '2018-10-04 04:57:57', '2018-10-14 12:03:49'),
(12, 18, 5, 0, 0, 0, '"10"', 9, 27, 'Alamgir Hossain', '[{"type":"office","phone":"01711522093"}]', '', 1, 0, 0, '', NULL, '2018-10-04 05:02:44', '2018-10-14 12:04:11'),
(13, 18, 5, 0, 0, 0, '"10"', 9, 28, 'Md. Masud Parvez', '[{"type":"office","phone":"01763634211"}]', '', 1, 0, 0, '', NULL, '2018-10-04 05:03:58', '2018-10-14 12:04:39'),
(14, 18, 5, 0, 0, 0, '"10"', 9, 29, 'Shamima Rahim', '[{"type":"office","phone":"01713011825"}]', '', 1, 0, 0, '', NULL, '2018-10-04 05:04:33', '2018-10-14 12:04:55'),
(20, 18, 6, 0, 0, 0, '"4, 5"', 10, 34, 'Shahnaz Mithun Munni', '[{"type":"mobile","phone":"01933444056"}]', '', 1, 0, NULL, NULL, NULL, '2018-10-06 06:09:41', '2018-10-14 11:27:37'),
(24, 18, 6, 0, 0, 0, '"4, 5"', 12, 37, 'Shohidul Amin', '[{"type":"office","phone":"027765018"},{"type":"mobile","phone":"01766568871"}]', '', 1, 0, NULL, NULL, NULL, '2018-10-06 06:34:12', '2018-10-14 10:53:47'),
(22, 18, 6, 0, 0, 0, '"4, 7"', 5, 98, 'Mr. Ramanonda Sarker', '[{"type":"mobile","phone":"01713373360"}]', '', 1, 0, NULL, NULL, NULL, '2018-10-06 06:27:27', '2018-10-10 05:08:29'),
(21, 18, 6, 0, 0, 0, '"4, 5"', 9, 47, 'Tofazzal Hossain', '[{"type":"office","phone":"027765001"},{"type":"home","phone":"027765005"},{"type":"mobile","phone":"01933444037"}]', '', 1, 0, NULL, NULL, NULL, '2018-10-06 06:19:44', '2018-10-14 11:30:02'),
(23, 18, 6, 0, 0, 0, '"4, 5"', 11, 36, 'Shohidul Islam', '[{"type":"office","phone":"027765009"},{"type":"mobile","phone":"01911567415"}]', '', 1, 0, NULL, NULL, NULL, '2018-10-06 06:31:14', '2018-10-14 11:07:58'),
(25, 18, 6, 0, 0, 0, '"4, 5"', 12, 38, 'Rakibul Ahsan', '[{"type":"mobile","phone":"01724418860"}]', '', 1, 0, NULL, NULL, NULL, '2018-10-06 06:36:39', '2018-10-14 10:58:31'),
(26, 18, 6, 0, 0, 0, '"4, 5"', 12, 39, 'Azizul Islam', '[{"type":"office","phone":"027765249"},{"type":"mobile","phone":"01883948898"}]', '', 1, 0, NULL, NULL, NULL, '2018-10-06 06:38:05', '2018-10-14 10:58:48'),
(27, 18, 6, 0, 0, 0, '"4, 5"', 12, 40, 'Zakir Hossain', '[{"type":"office","phone":"027765255"},{"type":"mobile","phone":"01716418937"}]', '', 1, 0, NULL, NULL, NULL, '2018-10-06 06:39:39', '2018-10-14 11:38:36'),
(28, 18, 6, 0, 0, 0, '"4, 5"', 12, 41, 'Shaymol Chandra Poddar', '[{"type":"office","phone":"01714432399"}]', '', 1, 0, NULL, NULL, NULL, '2018-10-06 06:41:25', '2018-10-14 10:59:27'),
(29, 18, 6, 0, 0, 0, '"4, 5"', 13, 42, 'Shajahan', '[{"type":"office","phone":"027765068"},{"type":"mobile","phone":"01711035870"}]', '', 1, 0, NULL, NULL, NULL, '2018-10-06 06:43:17', '2018-10-14 11:19:47'),
(30, 18, 6, 0, 0, 0, '"4, 5"', 13, 43, 'Saif Md. Zulkar Nain', '[{"type":"mobile","phone":"01672947867"}]', '', 1, 0, NULL, NULL, NULL, '2018-10-06 06:45:23', '2018-10-14 11:20:12'),
(31, 18, 6, 0, 0, 0, '"4, 5"', 13, 44, 'Harun-ur-Rashid Bhuiyan', '[{"type":"mobile","phone":"01680428862"}]', '', 1, 0, NULL, NULL, NULL, '2018-10-06 06:46:39', '2018-10-14 11:20:40'),
(32, 18, 6, 0, 0, 0, '"4, 5"', 14, 45, 'Jesmin Ahmed', '[{"type":"office","phone":"027765123"},{"type":"mobile","phone":"01670160193"}]', '', 1, 0, NULL, NULL, NULL, '2018-10-06 06:48:08', '2018-10-14 11:02:11'),
(33, 18, 6, 0, 0, 0, '"4, 5"', 16, 46, 'Abdus Salam', '[{"type":"office","phone":"027765128"},{"type":"mobile","phone":"01715908371"}]', '', 1, 0, NULL, NULL, NULL, '2018-10-06 06:51:13', '2018-10-14 11:13:17'),
(34, 18, 5, 0, 0, 0, '"4, 5"', 9, 47, 'Afruza Akter Biva', '[{"type":"office","phone":"01795724915"}]', '', 1, 0, NULL, NULL, NULL, '2018-10-06 06:51:37', '2018-10-14 11:09:50'),
(35, 18, 6, 0, 0, 0, '"4, 5"', 17, 48, 'Shanti Ranjan Debnath', '[{"type":"office","phone":"027765233"},{"type":"mobile","phone":"01761713051"}]', '', 1, 0, NULL, NULL, NULL, '2018-10-06 06:55:37', '2018-10-14 11:29:17'),
(36, 18, 5, 0, 0, 0, '"4, 5"', 10, 34, 'Salma Khatun', '[{"type":"office","phone":"01933444057"}]', '', 1, 0, NULL, NULL, NULL, '2018-10-06 06:55:54', '2018-10-14 11:10:06'),
(37, 18, 5, 0, 0, 0, '"4, 7"', 5, 50, 'Sajjat Hossain', '[{"type":"office","phone":"01713373331"}]', '', 1, 0, NULL, NULL, NULL, '2018-10-06 06:58:07', '2018-10-14 11:10:33'),
(38, 18, 5, 0, 0, 0, '"4, 5"', 15, 51, 'Mahbuba Akter', '[{"type":"office","phone":"01554600344"}]', '', 1, 0, NULL, NULL, NULL, '2018-10-06 07:16:36', '2018-10-14 11:10:58'),
(39, 18, 5, 0, 0, 0, '"4, 5"', 11, 36, 'Jasim Uddin', '[{"type":"office","phone":"01711016542"}]', '', 1, 0, NULL, NULL, NULL, '2018-10-06 07:17:57', '2018-10-14 11:11:39'),
(40, 18, 5, 0, 0, 0, '"4, 5"', 12, 37, 'ABM Wahidur Rahman', '[{"type":"office","phone":"01715785390"}]', '', 1, 0, NULL, NULL, NULL, '2018-10-06 07:18:45', '2018-10-14 11:12:22'),
(41, 18, 5, 0, 0, 0, '"4, 5"', 12, 40, 'AKM Mizanur Rahman', '[{"type":"office","phone":"01716637536"}]', '', 1, 0, NULL, NULL, NULL, '2018-10-06 07:19:41', '2018-10-14 11:13:26'),
(42, 18, 5, 0, 0, 0, '"4, 5"', 13, 23, 'Kabir Udin Shah', '[{"type":"office","phone":"01711908530"}]', '', 1, 0, NULL, NULL, NULL, '2018-10-06 07:20:51', '2018-10-14 11:13:50'),
(43, 18, 5, 0, 0, 0, '"4, 5"', 11, 24, 'Mohd. Joynul Abedin', '[{"type":"office","phone":"01721727508"}]', '', 1, 0, NULL, NULL, NULL, '2018-10-06 07:22:22', '2018-10-14 11:14:44'),
(44, 18, 5, 0, 0, 0, '"4, 5"', 13, 79, 'Shahidul Islam', '[{"type":"office","phone":"01786490132"}]', '', 1, 0, NULL, NULL, NULL, '2018-10-06 07:23:18', '2018-10-14 11:15:55'),
(45, 18, 5, 0, 0, 0, '"4, 5"', 11, 55, 'Mehedi Hasan', '[{"type":"office","phone":"01736725660"}]', '', 1, 0, NULL, NULL, NULL, '2018-10-06 07:24:32', '2018-10-14 11:16:23'),
(46, 18, 5, 0, 0, 0, '"4, 5"', 11, 63, 'Momtaj Uddin', '[{"type":"office","phone":"01727756344"}]', '', 1, 0, NULL, NULL, NULL, '2018-10-06 07:25:14', '2018-10-14 11:16:50'),
(47, 18, 5, 0, 0, 0, '"4, 5"', 16, 59, 'Mohd. Alauddin Mia', '[{"type":"office","phone":"01716928747"}]', '', 1, 0, NULL, NULL, NULL, '2018-10-06 07:26:12', '2018-10-14 11:17:13'),
(49, 18, 5, 0, 0, 0, '"4, 5"', 12, 52, 'Kakon Rani Bosak', '[{"type":"office","phone":"01711144626"}]', '', 1, 0, NULL, NULL, NULL, '2018-10-06 07:27:04', '2018-10-14 11:17:35'),
(83, 18, 5, 0, 0, 0, '"4, 5"', 16, 89, 'Joynal Abedin', '[{"type":"office","phone":"01746316418"}]', '', 1, 0, NULL, NULL, NULL, '2018-10-06 07:38:00', '2018-10-14 11:26:57'),
(84, 18, 6, 0, 0, 0, '"4, 5"', 14, 80, 'Faruk Ahmed', '[{"type":"office","phone":"027765124"},{"type":"mobile","phone":"01712222939"}]', '', 1, 0, NULL, NULL, NULL, NULL, '2018-10-14 11:02:48'),
(85, 18, 6, 0, 0, 0, '"4"', 14, 81, 'Ashikur Rahman', '[{"type":"mobile","phone":"01711102211"}]', '', 1, 0, NULL, NULL, NULL, NULL, '2018-10-14 11:03:31'),
(117, 18, 5, 0, 0, 0, '"4, 7"', 5, 99, 'Hamidur Rahman', '[{"type":"office","phone":"01716902211"}]', '', 1, 0, NULL, NULL, NULL, '2018-10-06 08:12:59', '2018-10-14 11:25:29'),
(82, 18, 5, 0, 0, 0, '"4, 5"', 14, 87, 'Shilpi Naag', '[{"type":"office","phone":"01716504029"}]', '', 1, 0, NULL, NULL, NULL, '2018-10-06 07:34:51', '2018-10-14 11:27:22'),
(86, 18, 6, 0, 0, 0, '"4"', 15, 51, 'Farzana Abedin', '[{"type":"office","phone":"027765015"},{"type":"mobile","phone":"01711102211"}]', '', 1, 0, NULL, NULL, NULL, NULL, '2018-10-14 11:07:15'),
(87, 18, 6, 0, 0, 0, '"4, 7"', 5, 77, 'Mostafa Kamal', '[{"type":"office","phone":"027765125"},{"type":"mobile","phone":"01713373330"}]', '', 1, 0, NULL, NULL, NULL, NULL, '2018-10-10 05:11:19'),
(88, 18, 6, 0, 0, 0, '"4, 7"', 5, 78, 'AKM Shamim Hasan', '[{"type":"mobile","phone":"01711102211"}]', '', 1, 0, NULL, NULL, NULL, NULL, '2018-10-10 05:11:54'),
(89, 18, 6, 0, 0, 0, '"4, 5"', 13, 79, 'Habibullah Mia', '[{"type":"office","phone":"027765122"},{"type":"mobile","phone":"01712363723"}]', '', 1, 0, NULL, NULL, NULL, NULL, '2018-10-14 11:21:12'),
(90, 18, 6, 0, 0, 0, '"4, 5"', 12, 52, 'Akbar Hossain Mia', '[{"type":"mobile","phone":"01732074033"}]', '', 1, 0, NULL, NULL, NULL, NULL, '2018-10-14 10:59:43'),
(91, 18, 6, 0, 0, 0, '"4"', 17, 53, 'Aksaur Rahman', '[{"type":"mobile","phone":"01732466049"}]', '', 1, 0, NULL, NULL, NULL, NULL, '2018-10-14 11:29:33'),
(118, 18, 5, 0, 0, 0, '"4, 5"', 13, 91, 'Kazi Sahida Begum', '[{"type":"office","phone":"01711930758"}]', '', 1, 0, NULL, NULL, NULL, '2018-10-06 08:17:40', '2018-10-14 11:25:11'),
(92, 18, 6, 0, 0, 0, '"4, 5"', 11, 54, 'Ibn Mayaz Pramanik', '[{"type":"mobile","phone":"01722109822"}]', '', 1, 0, NULL, NULL, NULL, NULL, '2018-10-14 11:10:05'),
(93, 18, 6, 0, 0, 0, '"4, 5"', 11, 55, 'H M Shahin', '[{"type":"mobile","phone":"01712255819"}]', '', 1, 0, NULL, NULL, NULL, NULL, '2018-10-14 11:11:12'),
(94, 18, 6, 0, 0, 0, '"4, 5"', 11, 56, 'Shahjalal', '[{"type":"office","phone":"027765066"},{"type":"mobile","phone":"01720078857"}]', '', 1, 0, NULL, NULL, NULL, NULL, '2018-10-14 11:12:07'),
(81, 18, 5, 0, 0, 0, '"4, 5"', 16, 75, 'Bolram', '[{"type":"office","phone":"01727058979"}]', '', 1, 0, NULL, NULL, NULL, '2018-10-06 07:32:05', '2018-10-14 11:27:45'),
(95, 18, 6, 0, 0, 0, '"4, 5"', 16, 57, 'Nazrul Islam Sheikh', '[{"type":"mobile","phone":"01552631176"}]', '', 1, 0, NULL, NULL, NULL, NULL, '2018-10-14 11:13:36'),
(119, 18, 5, 0, 0, 0, '"4, 5"', 14, 80, 'Liakot Ali', '[{"type":"office","phone":"01711337660"}]', '', 1, 0, NULL, NULL, NULL, '2018-10-06 08:18:57', '2018-10-14 11:24:16'),
(96, 18, 6, 0, 0, 0, '"4"', 16, 58, 'Rahima Begum', '[{"type":"office","phone":"027765126"},{"type":"mobile","phone":"01718144197"}]', '', 1, 0, NULL, NULL, NULL, NULL, '2018-10-14 11:14:47'),
(97, 18, 6, 0, 0, 0, '"4, 5"', 16, 59, 'Nasir Uddin', '[{"type":"mobile","phone":"0000"}]', '', 1, 0, NULL, NULL, NULL, NULL, '2018-10-14 11:15:11'),
(98, 18, 6, 0, 0, 0, '"4, 5"', 16, 60, 'Taibur Rahman', '[{"type":"office","phone":"01716048269"}]', '', 1, 0, NULL, NULL, NULL, NULL, '2018-10-14 11:16:49'),
(99, 18, 6, 0, 0, 0, '"4, 7"', 5, 99, 'Z M Shamsul Alam', '[{"type":"office","phone":"027765127"},{"type":"mobile","phone":"01712919504"}]', '', 1, 0, NULL, NULL, NULL, NULL, '2018-10-14 10:57:28'),
(100, 18, 6, 0, 0, 0, '"4"', 14, 87, 'Mohd. Ayub Mia', '[{"type":"mobile","phone":"01716209933"}]', '', 1, 0, NULL, NULL, NULL, NULL, '2018-10-14 11:06:06'),
(101, 18, 6, 0, 0, 0, '"4, 5"', 11, 63, 'Momtaz Uddin', '[{"type":"mobile","phone":"01727756344"},{"type":"office","phone":"01556452594"}]', '', 1, 0, NULL, NULL, NULL, NULL, '2018-10-14 11:12:30'),
(102, 18, 6, 0, 0, 0, '"4, 5"', 10, 64, 'Ohidul Islam', '[{"type":"mobile","phone":"01746151447"}]', '', 1, 0, NULL, NULL, NULL, NULL, '2018-10-14 11:28:04'),
(120, 18, 5, 0, 0, 0, '"4, 5"', 16, 60, 'Mansur Rahman', '[{"type":"office","phone":"01730992142"}]', '', 1, 0, NULL, NULL, NULL, '2018-10-06 08:20:05', '2018-10-14 11:22:23'),
(103, 18, 6, 0, 0, 0, '"4, 5"', 16, 89, 'Matiur Rahman', '[{"type":"mobile","phone":"01726532247"}]', '', 1, 0, NULL, NULL, NULL, NULL, '2018-10-14 11:18:16'),
(104, 18, 6, 0, 0, 0, '"4"', 10, 66, 'Fazlul Karim', '[{"type":"mobile","phone":"01711019389"}]', '', 1, 0, NULL, NULL, NULL, NULL, '2018-10-14 11:28:36'),
(105, 18, 6, 0, 0, 0, '"4"', 13, 67, 'Asim Kumar Das', '[{"type":"mobile","phone":"01769400025"}]', '', 1, 0, NULL, NULL, NULL, NULL, '2018-10-14 11:21:39'),
(106, 18, 6, 0, 0, 0, '"4"', 13, 68, 'Mominul Islam', '[{"type":"mobile","phone":"01769400410"}]', '', 1, 0, NULL, NULL, NULL, NULL, '2018-10-14 11:23:21'),
(107, 18, 6, 0, 0, 0, '"4"', 13, 69, 'Arab Ali Sheikh', '[{"type":"mobile","phone":"01769400411"}]', '', 1, 0, NULL, NULL, NULL, NULL, '2018-10-14 11:23:43'),
(121, 18, 5, 0, 0, 0, '"4, 5"', 12, 39, 'ABM Zakaria', '[{"type":"office","phone":"01717046936"}]', '', 1, 0, NULL, NULL, NULL, '2018-10-06 08:21:27', '2018-10-14 11:21:25'),
(108, 18, 6, 0, 0, 0, '"4"', 13, 70, 'Abdul Kader Jilani', '[{"type":"mobile","phone":"01769400412"}]', '', 1, 0, NULL, NULL, NULL, NULL, '2018-10-14 11:24:06'),
(109, 18, 6, 0, 0, 0, '"4"', 13, 71, 'Mahbubur Rahman', '[{"type":"mobile","phone":"01769400413"}]', '', 1, 0, NULL, NULL, NULL, NULL, '2018-10-14 11:24:48'),
(110, 18, 6, 0, 0, 0, '"4"', 13, 72, 'Anwarul Haq', '[{"type":"office","phone":"01716932614"}]', '', 1, 0, NULL, NULL, NULL, NULL, '2018-10-14 11:25:27'),
(111, 18, 6, 0, 0, 0, '"4"', 13, 73, 'Saidur Rahman', '[{"type":"office","phone":"01552301000"}]', '', 1, 0, NULL, NULL, NULL, NULL, '2018-10-14 11:26:21'),
(112, 18, 6, 0, 0, 0, '"4"', 13, 74, 'Shamishtha Kundu', '[{"type":"mobile","phone":"01931998238"}]', '', 1, 0, NULL, NULL, NULL, NULL, '2018-10-14 11:26:43'),
(122, 18, 5, 0, 0, 0, '"4, 5"', 10, 64, 'Hafiza Hakim Ruma', '[{"type":"office","phone":"01715169595"}]', '', 1, 0, NULL, NULL, NULL, '2018-10-06 08:22:19', '2018-10-14 11:21:04'),
(123, 18, 5, 0, 0, 0, '"4, 5"', 14, 45, 'Hindol Bari', '[{"type":"office","phone":"01711906438"}]', '', 1, 0, NULL, NULL, NULL, '2018-10-06 08:25:04', '2018-10-14 11:20:45'),
(114, 18, 6, 0, 0, 0, '"4"', 13, 76, 'Taomal Das', '[{"type":"mobile","phone":"01712524220"},{"type":"mobile","phone":"01737097107"}]', '', 1, 0, NULL, NULL, NULL, NULL, '2018-10-14 11:27:07'),
(115, 18, 5, 0, 0, 0, '"4, 5"', 17, 53, 'Badsha Mia', '[{"type":"office","phone":"01913478419"}]', '', 1, 0, NULL, NULL, NULL, '2018-10-06 07:38:57', '2018-10-14 11:26:08'),
(116, 18, 5, 0, 0, 0, '"4, 5"', 17, 48, 'Kamrul Islam Khan', '[{"type":"office","phone":"01781217589"}]', '', 1, 0, NULL, NULL, NULL, '2018-10-06 07:39:47', '2018-10-14 11:25:48'),
(124, 18, 5, 0, 0, 0, '"4, 5"', 16, 46, 'Sabbir Hossain', '[{"type":"office","phone":"01676766368"}]', '', 1, 0, NULL, NULL, NULL, '2018-10-06 08:26:30', '2018-10-14 11:20:24'),
(125, 18, 5, 0, 0, 0, '"4, 5"', 17, 92, 'Salah Uddin', '[{"type":"office","phone":"01743732835"}]', '', 1, 0, NULL, NULL, NULL, '2018-10-06 08:27:57', '2018-10-14 11:19:53'),
(126, 18, 5, 0, 0, 0, '"4, 5"', 16, 58, 'Sadia Afrin', '[{"type":"office","phone":"01677057166, 01914139981"}]', '', 1, 0, NULL, NULL, NULL, '2018-10-06 08:29:44', '2018-10-14 11:19:26'),
(127, 18, 5, 0, 0, 0, '"4, 5"', 16, 57, 'Samsunnahar Khan', '[{"type":"office","phone":"01711241246"}]', 'Youth Development Officer', 1, 0, NULL, NULL, NULL, '2018-10-06 08:33:57', '2018-10-14 11:18:07'),
(129, 18, 6, 13, 0, 0, '10', 18, 30, 'Alimor Rahman Khan Piyara', '[{"type":"mobile","phone":"01818039941"}]\n', '', 2, 0, 0, '', 0, '2018-10-08 18:00:00', '2018-10-08 18:00:00'),
(130, 18, 6, 13, 0, 0, '"10"', 18, 100, 'Asma', '[{"type":"mobile","phone":"01725891362"}]', '', 2, 0, 0, '', 0, '2018-10-08 18:00:00', '2018-10-14 11:57:22'),
(131, 18, 6, 13, 0, 0, '"10"', 18, 100, 'Momtaj Begum', '[{"type":"mobile","phone":"01982488755"}]', '', 2, 0, 0, '', 0, '2018-10-08 18:00:00', '2018-10-14 11:57:43'),
(132, 18, 6, 13, 0, 0, '"10"', 18, 100, 'Rowshon Ara Begum', '[{"type":"mobile","phone":"01925881941"}]', '', 2, 0, 0, '', 0, '2018-10-08 18:00:00', '2018-10-14 11:57:58'),
(133, 18, 6, 13, 64, 0, '10', 18, 31, 'Md. Pochu Khan', '[{"type":"mobile","phone":"01817591323"}]', '', 2, 0, 0, '', 0, '2018-10-08 18:00:00', '2018-10-08 18:00:00'),
(134, 18, 6, 13, 65, 0, '10', 18, 31, 'Md. Siraj', '[{"type":"mobile","phone":"01743961533"}]', '', 2, 0, 0, '', 0, '2018-10-08 18:00:00', '2018-10-08 18:00:00'),
(135, 18, 6, 13, 66, 0, '10', 18, 31, 'Md. Hashem Ali', '[{"type":"mobile","phone":"01740288869"}]', '', 2, 0, 0, '', 0, '2018-10-08 18:00:00', '2018-10-08 18:00:00'),
(136, 18, 6, 13, 67, 0, '10', 18, 31, 'Md. Aynal Haque', '[{"type":"mobile","phone":"01832791462"}]', '', 2, 0, 0, '', 0, '2018-10-08 18:00:00', '2018-10-08 18:00:00'),
(137, 18, 6, 13, 68, 0, '10', 18, 31, 'Md. Shahar Ali', '[{"type":"mobile","phone":"01840761912"}]', '', 2, 0, 0, '', 0, '2018-10-08 18:00:00', '2018-10-08 18:00:00'),
(138, 18, 6, 13, 69, 0, '10', 18, 31, 'Biswas S.M. Mizan', '[{"type":"mobile","phone":"01967428799"}]', '', 2, 0, 0, '', 0, '2018-10-08 18:00:00', '2018-10-08 18:00:00'),
(139, 18, 6, 13, 70, 0, '10', 18, 31, 'Md. Delwar Hossain Tuku', '[{"type":"mobile","phone":"01939844500"}]', '', 2, 0, 0, '', 0, '2018-10-08 18:00:00', '2018-10-08 18:00:00'),
(140, 18, 6, 13, 71, 0, '10', 18, 31, 'Cholemon', '[{"type":"mobile","phone":"01816183836"}]', '', 2, 0, 0, '', 0, '2018-10-08 18:00:00', '2018-10-08 18:00:00'),
(141, 18, 6, 13, 72, 0, '10', 18, 31, 'Md. Nurul Islam', '[{"type":"mobile","phone":"01834497653"}]', '', 2, 0, 0, '', 0, '2018-10-08 18:00:00', '2018-10-08 18:00:00'),
(142, 18, 6, 14, 0, 0, '10', 18, 30, 'Md. Masudur Rahman', '[{"type":"mobile","phone":"01711106556"}]', '', 2, 0, 0, '', 0, '2018-10-08 18:00:00', '2018-10-08 18:00:00'),
(143, 18, 6, 14, 0, 0, '"10"', 18, 100, 'Rowshon Ara', '[{"type":"mobile","phone":"01824903643"}]', '', 2, 0, 0, '', 0, '2018-10-08 18:00:00', '2018-10-14 11:58:56'),
(144, 18, 6, 14, 0, 0, '"10"', 18, 100, 'Nilufa Yasmin', '[{"type":"mobile","phone":"01918988458"}]', '', 2, 0, 0, '', 0, '2018-10-08 18:00:00', '2018-10-14 11:59:49'),
(145, 18, 6, 14, 0, 0, '"10"', 18, 100, 'Golenur Akhter', '[{"type":"mobile","phone":"01710665208"}]', '', 2, 0, 0, '', 0, '2018-10-08 18:00:00', '2018-10-14 12:00:07'),
(146, 18, 6, 14, 73, 0, '10', 18, 31, 'Md. Nurul Islam Miya', '[{"type":"mobile","phone":"01777178707"}]', '', 2, 0, 0, '', 0, '2018-10-08 18:00:00', '2018-10-08 18:00:00'),
(147, 18, 6, 14, 74, 0, '10', 18, 31, 'Md. Yunus Miya', '[{"type":"mobile","phone":"01845907283"}]', '', 2, 0, 0, '', 0, '2018-10-08 18:00:00', '2018-10-08 18:00:00'),
(148, 18, 6, 14, 75, 0, '10', 18, 31, 'Mabul Miya', '[{"type":"mobile","phone":"01846513417"}]', '', 2, 0, 0, '', 0, '2018-10-08 18:00:00', '2018-10-08 18:00:00'),
(149, 18, 6, 14, 76, 0, '10', 18, 31, 'A. Barek Dewan', '[{"type":"mobile","phone":"01819441211"}]', '', 2, 0, 0, '', 0, '2018-10-08 18:00:00', '2018-10-08 18:00:00'),
(150, 18, 6, 14, 77, 0, '10', 18, 31, 'Md. Khorshed Alam', '[{"type":"mobile","phone":"01878177223"}]', '', 2, 0, 0, '', 0, '2018-10-08 18:00:00', '2018-10-08 18:00:00'),
(151, 18, 6, 14, 78, 0, '10', 18, 31, 'Rashed', '[{"type":"mobile","phone":"01716216021"}]', '', 2, 0, 0, '', 0, '2018-10-08 18:00:00', '2018-10-08 18:00:00'),
(152, 18, 6, 14, 79, 0, '10', 18, 31, 'Md. Harun Ar Rashid', '[{"type":"mobile","phone":"01820846128"}]', '', 2, 0, 0, '', 0, '2018-10-08 18:00:00', '2018-10-08 18:00:00'),
(153, 18, 6, 14, 80, 0, '10', 18, 31, 'Mohammad Ramij', '[{"type":"mobile","phone":"01749675044"}]', '', 2, 0, 0, '', 0, '2018-10-08 18:00:00', '2018-10-08 18:00:00'),
(154, 18, 6, 14, 81, 0, '10', 18, 31, 'Sheikh Hanif', '[{"type":"mobile","phone":"01796776541"}]', '', 2, 0, 0, '', 0, '2018-10-08 18:00:00', '2018-10-08 18:00:00'),
(155, 18, 6, 15, 0, 0, '10', 18, 30, 'Md. Arifur Rahman', '[{"type":"mobile","phone":"01711596023"}]', '', 2, 0, 0, '', 0, '2018-10-08 18:00:00', '2018-10-08 18:00:00'),
(156, 18, 6, 15, 0, 0, '"10"', 18, 100, 'Begum Hena Jalil', '[{"type":"mobile","phone":"01858521750"}]', '', 2, 0, 0, '', 0, '2018-10-08 18:00:00', '2018-10-14 12:17:50'),
(157, 18, 6, 15, 0, 0, '"10"', 18, 100, 'Mala Sultana', '[{"type":"mobile","phone":"01840556159"}]', '', 2, 0, 0, '', 0, '2018-10-08 18:00:00', '2018-10-14 12:03:22'),
(158, 18, 6, 15, 0, 0, '"10"', 18, 100, 'Rukhsana Begum', '[{"type":"mobile","phone":"01988211013"}]', '', 2, 0, 0, '', 0, '2018-10-08 18:00:00', '2018-10-14 12:03:44'),
(159, 18, 6, 15, 82, 0, '10', 18, 31, 'Md. Yunus Ali', '[{"type":"mobile","phone":"01857154983"}]', '', 2, 0, 0, '', 0, '2018-10-08 18:00:00', '2018-10-08 18:00:00'),
(160, 18, 6, 15, 83, 0, '10', 18, 31, 'Md. Majnu Bepari', '[{"type":"mobile","phone":"01729366443"}]', '', 2, 0, 0, '', 0, '2018-10-08 18:00:00', '2018-10-08 18:00:00'),
(161, 18, 6, 15, 84, 0, '10', 18, 31, 'Md. Siraj Khan', '[{"type":"mobile","phone":"01845163990"}]', '', 2, 0, 0, '', 0, '2018-10-08 18:00:00', '2018-10-08 18:00:00'),
(162, 18, 6, 15, 85, 0, '10', 18, 31, 'Moslem Mia', '[{"type":"mobile","phone":"01714447305"}]', '', 2, 0, 0, '', 0, '2018-10-08 18:00:00', '2018-10-08 18:00:00'),
(163, 18, 6, 15, 86, 0, '10', 18, 31, 'Attab Uddin', '[{"type":"mobile","phone":"01882988440"}]', '', 2, 0, 0, '', 0, '2018-10-08 18:00:00', '2018-10-08 18:00:00'),
(164, 18, 6, 15, 87, 0, '10', 18, 31, 'Md. Main Uddin', '[{"type":"mobile","phone":"01714919917"}]', '', 2, 0, 0, '', 0, '2018-10-08 18:00:00', '2018-10-08 18:00:00'),
(165, 18, 6, 15, 88, 0, '10', 18, 31, 'Azahar Feraji', '[{"type":"mobile","phone":"01812113899"}]', '', 2, 0, 0, '', 0, '2018-10-08 18:00:00', '2018-10-08 18:00:00'),
(166, 18, 6, 15, 89, 0, '10', 18, 31, 'Md. Lal Mia', '[{"type":"mobile","phone":"01827943308"}]', '', 2, 0, 0, '', 0, '2018-10-08 18:00:00', '2018-10-08 18:00:00'),
(167, 18, 6, 15, 90, 0, '10', 18, 31, 'Jomatali', '[{"type":"mobile","phone":"01834497654"}]', '', 2, 0, 0, '', 0, '2018-10-08 18:00:00', '2018-10-08 18:00:00'),
(168, 18, 6, 16, 0, 0, '10', 18, 30, 'Md. Ripon Molla', '[{"type":"mobile","phone":"01919000293"}]', '', 2, 0, 0, '', 0, '2018-10-08 18:00:00', '2018-10-08 18:00:00'),
(169, 18, 6, 16, 0, 0, '"10"', 18, 100, 'Nurjahan Begum', '[{"type":"mobile","phone":"01726130730"}]', '', 2, 0, 0, '', 0, '2018-10-08 18:00:00', '2018-10-14 12:04:29'),
(170, 18, 6, 16, 0, 0, '"10"', 18, 100, 'Anwara Begum', '[{"type":"mobile","phone":"01834173153"}]', '', 2, 0, 0, '', 0, '2018-10-08 18:00:00', '2018-10-14 12:04:44'),
(171, 18, 6, 16, 0, 0, '"10"', 18, 100, 'Lipika Berunika Gomez', '[{"type":"mobile","phone":"01860649330"}]', '', 2, 0, 0, '', 0, '2018-10-08 18:00:00', '2018-10-14 12:05:02'),
(172, 18, 6, 16, 91, 0, '10', 18, 31, 'Sekandar Mia', '[{"type":"mobile","phone":"01864854260"}]', '', 2, 0, 0, '', 0, '2018-10-08 18:00:00', '2018-10-08 18:00:00'),
(173, 18, 6, 16, 92, 0, '10', 18, 31, 'Md. Rashid Kazi', '[{"type":"mobile","phone":"01855086603"}]', '', 2, 0, 0, '', 0, '2018-10-08 18:00:00', '2018-10-08 18:00:00'),
(174, 18, 6, 16, 93, 0, '10', 18, 31, 'Shahadat Hossain', '[{"type":"mobile","phone":"01924096665"}]', '', 2, 0, 0, '', 0, '2018-10-08 18:00:00', '2018-10-08 18:00:00'),
(175, 18, 6, 16, 94, 0, '10', 18, 31, 'Md Aslam Mia', '[{"type":"mobile","phone":"01835087065"}]', '', 2, 0, 0, '', 0, '2018-10-08 18:00:00', '2018-10-08 18:00:00'),
(176, 18, 6, 16, 95, 0, '10', 18, 31, 'Md. Anisul Islam', '[{"type":"mobile","phone":"01818544029"}]', '', 2, 0, 0, '', 0, '2018-10-08 18:00:00', '2018-10-08 18:00:00'),
(177, 18, 6, 16, 96, 0, '10', 18, 31, 'Shamsul Haque Sindha', '[{"type":"mobile","phone":"01862750372"}]', '', 2, 0, 0, '', 0, '2018-10-08 18:00:00', '2018-10-08 18:00:00'),
(178, 18, 6, 16, 97, 0, '10', 18, 31, 'Shamim Dewan', '[{"type":"mobile","phone":"01817064846"}]', '', 2, 0, 0, '', 0, '2018-10-08 18:00:00', '2018-10-08 18:00:00'),
(179, 18, 6, 16, 98, 0, '10', 18, 31, 'Ruhul Islam Bhuiyan', '[{"type":"mobile","phone":"01915931207"}]', '', 2, 0, 0, '', 0, '2018-10-08 18:00:00', '2018-10-08 18:00:00'),
(180, 18, 6, 16, 99, 0, '10', 18, 31, 'Thomas Rozario', '[{"type":"mobile","phone":"01817611602"}]', '', 2, 0, 0, '', 0, '2018-10-08 18:00:00', '2018-10-08 18:00:00'),
(181, 18, 6, 17, 0, 0, '10', 18, 30, 'Dewan Tuhinur Rahman', '[{"type":"mobile","phone":"01816494934"}]', '', 2, 0, 0, '', 0, '2018-10-08 18:00:00', '2018-10-08 18:00:00'),
(182, 18, 6, 17, 0, 0, '"10"', 18, 100, 'Rozina Akhtar', '[{"type":"mobile","phone":"01827137511"}]', '', 2, 0, 0, '', 0, '2018-10-08 18:00:00', '2018-10-14 12:05:39'),
(183, 18, 6, 17, 0, 0, '"10"', 18, 100, 'Beauty Chakrabarti', '[{"type":"mobile","phone":"01857026959"}]', '', 2, 0, 0, '', 0, '2018-10-08 18:00:00', '2018-10-14 12:05:57'),
(184, 18, 6, 17, 0, 0, '"10"', 18, 100, 'Momtaz Begum', '[{"type":"mobile","phone":"01923839436"}]', '', 2, 0, 0, '', 0, '2018-10-08 18:00:00', '2018-10-14 12:06:18'),
(185, 18, 6, 17, 100, 0, '10', 18, 31, 'Md. Aiyub Molla', '[{"type":"mobile","phone":"01714496949"}]', '', 2, 0, 0, '', 0, '2018-10-08 18:00:00', '2018-10-08 18:00:00'),
(186, 18, 6, 17, 101, 0, '10', 18, 31, 'Md Shafique Uddin', '[{"type":"mobile","phone":"01824707879"}]', '', 2, 0, 0, '', 0, '2018-10-08 18:00:00', '2018-10-08 18:00:00'),
(187, 18, 6, 17, 102, 0, '10', 18, 31, 'Md. Aynal Haque', '[{"type":"mobile","phone":"01762078414"}]', '', 2, 0, 0, '', 0, '2018-10-08 18:00:00', '2018-10-08 18:00:00'),
(188, 18, 6, 17, 103, 0, '10', 18, 31, 'Dewan Habibur Rahman', '[{"type":"mobile","phone":"01914044274"}]', '', 2, 0, 0, '', 0, '2018-10-08 18:00:00', '2018-10-08 18:00:00'),
(189, 18, 6, 17, 104, 0, '10', 18, 31, 'Md. Rubel Mia', '[{"type":"mobile","phone":"01856956086"}]', '', 2, 0, 0, '', 0, '2018-10-08 18:00:00', '2018-10-08 18:00:00'),
(190, 18, 6, 17, 105, 0, '10', 18, 31, 'A. Mojid Molla', '[{"type":"mobile","phone":"01737721998"}]', '', 2, 0, 0, '', 0, '2018-10-08 18:00:00', '2018-10-08 18:00:00'),
(191, 18, 6, 17, 106, 0, '10', 18, 31, 'Md. Mohon Ali', '[{"type":"mobile","phone":"01816872532"}]', '', 2, 0, 0, '', 0, '2018-10-08 18:00:00', '2018-10-08 18:00:00'),
(192, 18, 6, 17, 107, 0, '10', 18, 31, 'Md. Ujjal Hossain', '[{"type":"mobile","phone":"01817065468"}]', '', 2, 0, 0, '', 0, '2018-10-08 18:00:00', '2018-10-08 18:00:00'),
(193, 18, 6, 17, 108, 0, '10', 18, 31, 'Abdul Majid', '[{"type":"mobile","phone":"01718514696"}]', '', 2, 0, 0, '', 0, '2018-10-08 18:00:00', '2018-10-08 18:00:00'),
(194, 18, 6, 18, 0, 0, '10', 18, 30, 'Mr. Nanda Lal Singh', '[{"type":"mobile","phone":"01819432437"}]', '', 2, 0, 0, '', 0, '2018-10-08 18:00:00', '2018-10-08 18:00:00'),
(195, 18, 6, 18, 0, 0, '"10"', 18, 100, 'Shilpi Begum', '[{"type":"mobile","phone":"01937039611"}]', '', 2, 0, 0, '', 0, '2018-10-08 18:00:00', '2018-10-14 12:06:49'),
(196, 18, 6, 18, 0, 0, '"10"', 18, 100, 'Rekha Rani Biswas', '[{"type":"mobile","phone":"01846397711"}]', '', 2, 0, 0, '', 0, '2018-10-08 18:00:00', '2018-10-14 12:07:06'),
(197, 18, 6, 18, 0, 0, '"10"', 18, 100, 'Fuljan Begum', '[{"type":"mobile","phone":"01911187470"}]', '', 2, 0, 0, '', 0, '2018-10-08 18:00:00', '2018-10-14 12:07:22'),
(198, 18, 6, 18, 109, 0, '10', 18, 31, 'Joynal Abedin', '[{"type":"mobile","phone":"01811524424"}]', '', 2, 0, 0, '', 0, '2018-10-08 18:00:00', '2018-10-08 18:00:00'),
(199, 18, 6, 18, 110, 0, '10', 18, 31, 'Moshiur Rahman Khan', '[{"type":"mobile","phone":"01926771007"}]', '', 2, 0, 0, '', 0, '2018-10-08 18:00:00', '2018-10-08 18:00:00'),
(200, 18, 6, 18, 111, 0, '10', 18, 31, 'Roghunath Majhi', '[{"type":"mobile","phone":"01819676757"}]', '', 2, 0, 0, '', 0, '2018-10-08 18:00:00', '2018-10-08 18:00:00'),
(201, 18, 6, 18, 112, 0, '10', 18, 31, 'Sheikh Chanchal', '[{"type":"mobile","phone":"01815417768"}]', '', 2, 0, 0, '', 0, '2018-10-08 18:00:00', '2018-10-08 18:00:00'),
(202, 18, 6, 18, 113, 0, '10', 18, 31, 'Dhijen Baul', '[{"type":"mobile","phone":"01715667153"}]', '', 2, 0, 0, '', 0, '2018-10-08 18:00:00', '2018-10-08 18:00:00'),
(203, 18, 6, 18, 114, 0, '10', 18, 31, 'Sheikh Aynal', '[{"type":"mobile","phone":"01813834182"}]', '', 2, 0, 0, '', 0, '2018-10-08 18:00:00', '2018-10-08 18:00:00'),
(204, 18, 6, 18, 115, 0, '10', 18, 31, 'Pobitra Kumar Sarkar', '[{"type":"mobile","phone":"01819906092"}]', '', 2, 0, 0, '', 0, '2018-10-08 18:00:00', '2018-10-08 18:00:00'),
(205, 18, 6, 18, 116, 0, '10', 18, 31, 'Swapon Kumar Sarkar', '[{"type":"mobile","phone":"01817120320"}]', '', 2, 0, 0, '', 0, '2018-10-08 18:00:00', '2018-10-08 18:00:00'),
(206, 18, 6, 18, 117, 0, '10', 18, 31, 'Nimai Biswas', '[{"type":"mobile","phone":"01817627065"}]', '', 2, 0, 0, '', 0, '2018-10-08 18:00:00', '2018-10-08 18:00:00'),
(207, 18, 6, 19, 0, 0, '10', 18, 30, 'Md Hillol Mia', '[{"type":"mobile","phone":"01818606019"}]', '', 2, 0, 0, '', 0, '2018-10-08 18:00:00', '2018-10-08 18:00:00'),
(208, 18, 6, 19, 0, 0, '"10"', 18, 100, 'Shiuli Akhter Mili', '[{"type":"mobile","phone":"01816144320"}]', '', 2, 0, 0, '', 0, '2018-10-08 18:00:00', '2018-10-14 12:08:20'),
(209, 18, 6, 19, 0, 0, '"10"', 18, 100, 'Ruma Begum', '[{"type":"mobile","phone":"01814760475"}]', '', 2, 0, 0, '', 0, '2018-10-08 18:00:00', '2018-10-14 12:08:34'),
(210, 18, 6, 19, 0, 0, '"10"', 18, 100, 'Nasima Akhter', '[{"type":"mobile","phone":"0174337395"}]', '', 2, 0, 0, '', 0, '2018-10-08 18:00:00', '2018-10-14 12:08:49'),
(211, 18, 6, 19, 118, 0, '10', 18, 31, 'Harun Ur Rashid Bhuiyan', '[{"type":"mobile","phone":"01926168691"}]', '', 2, 0, 0, '', 0, '2018-10-08 18:00:00', '2018-10-08 18:00:00'),
(212, 18, 6, 19, 119, 0, '10', 18, 31, 'Mohammad Siddique', '[{"type":"mobile","phone":"01817062592"}]', '', 2, 0, 0, '', 0, '2018-10-08 18:00:00', '2018-10-08 18:00:00'),
(213, 18, 6, 19, 120, 0, '10', 18, 31, 'Abdus Samad', '[{"type":"mobile","phone":"01815034562"}]', '', 2, 0, 0, '', 0, '2018-10-08 18:00:00', '2018-10-08 18:00:00'),
(214, 18, 6, 19, 121, 0, '10', 18, 31, 'Md. Atikur Rahman', '[{"type":"mobile","phone":"01817582474"}]', '', 2, 0, 0, '', 0, '2018-10-08 18:00:00', '2018-10-08 18:00:00'),
(215, 18, 6, 19, 122, 0, '10', 18, 31, 'Francis Dilip Gomez', '[{"type":"mobile","phone":"01983454458"}]', '', 2, 0, 0, '', 0, '2018-10-08 18:00:00', '2018-10-08 18:00:00'),
(216, 18, 6, 19, 123, 0, '10', 18, 31, 'Md. Zia Uddin', '[{"type":"mobile","phone":"01812309120"}]', '', 2, 0, 0, '', 0, '2018-10-08 18:00:00', '2018-10-08 18:00:00'),
(217, 18, 6, 19, 124, 0, '10', 18, 31, 'Sukumar Halder', '[{"type":"mobile","phone":"01711056565"}]', '', 2, 0, 0, '', 0, '2018-10-08 18:00:00', '2018-10-08 18:00:00'),
(218, 18, 6, 19, 125, 0, '10', 18, 31, 'Abdul Razzak', '[{"type":"mobile","phone":"01714486088"}]', '', 2, 0, 0, '', 0, '2018-10-08 18:00:00', '2018-10-08 18:00:00'),
(219, 18, 6, 19, 126, 0, '10', 18, 31, 'Pannu Miya', '[{"type":"mobile","phone":"01756951754"}]', '', 2, 0, 0, '', 0, '2018-10-08 18:00:00', '2018-10-08 18:00:00'),
(220, 18, 6, 20, 0, 0, '10', 18, 30, 'Md. Ibrahim Khalil', '[{"type":"mobile","phone":"01813043000"}]', '', 2, 0, 0, '', 0, '2018-10-08 18:00:00', '2018-10-08 18:00:00'),
(221, 18, 6, 20, 0, 0, '"10"', 18, 100, 'Fatema Begum', '[{"type":"mobile","phone":"01782977899"}]', '', 2, 0, 0, '', 0, '2018-10-08 18:00:00', '2018-10-14 12:09:17'),
(222, 18, 6, 20, 0, 0, '"10"', 18, 100, 'Rupali Parveen', '[{"type":"mobile","phone":"01872597283"}]', '', 2, 0, 0, '', 0, '2018-10-08 18:00:00', '2018-10-14 12:09:30'),
(223, 18, 6, 20, 0, 0, '"10"', 18, 100, 'Sabina Akhter', '[{"type":"mobile","phone":"01927741517"}]', '', 2, 0, 0, '', 0, '2018-10-08 18:00:00', '2018-10-14 12:09:56'),
(224, 18, 6, 20, 127, 0, '10', 18, 31, 'Md. Mohsin', '[{"type":"mobile","phone":"01815150423"}]', '', 2, 0, 0, '', 0, '2018-10-08 18:00:00', '2018-10-08 18:00:00'),
(225, 18, 6, 20, 128, 0, '10', 18, 31, 'Md. Bazlur Rahman', '[{"type":"mobile","phone":"01818181932"}]', '', 2, 0, 0, '', 0, '2018-10-08 18:00:00', '2018-10-08 18:00:00'),
(226, 18, 6, 20, 129, 0, '10', 18, 31, 'Khandakar Abul Arif Hitu', '[{"type":"mobile","phone":"01921696129"}]', '', 2, 0, 0, '', 0, '2018-10-08 18:00:00', '2018-10-08 18:00:00'),
(227, 18, 6, 20, 130, 0, '10', 18, 31, 'Md. Saher Uddin', '[{"type":"mobile","phone":"01818069063"}]', '', 2, 0, 0, '', 0, '2018-10-08 18:00:00', '2018-10-08 18:00:00'),
(228, 18, 6, 20, 131, 0, '"10"', 18, 100, 'Lutfa Akhter', '[{"type":"mobile","phone":"01922784259"}]', '', 2, 0, 0, '', 0, '2018-10-08 18:00:00', '2018-10-14 12:10:29'),
(229, 18, 6, 20, 132, 0, '10', 18, 31, 'Md. Rojjob Ali', '[{"type":"mobile","phone":"01818069050"}]', '', 2, 0, 0, '', 0, '2018-10-08 18:00:00', '2018-10-08 18:00:00'),
(230, 18, 6, 20, 133, 0, '10', 18, 31, 'Md. Tenjin Ahmed', '[{"type":"mobile","phone":"01819883342"}]', '', 2, 0, 0, '', 0, '2018-10-08 18:00:00', '2018-10-08 18:00:00'),
(231, 18, 6, 20, 134, 0, '10', 18, 31, 'Babu Lal Modok', '[{"type":"mobile","phone":"016776412410"}]', '', 2, 0, 0, '', 0, '2018-10-08 18:00:00', '2018-10-08 18:00:00'),
(232, 18, 6, 20, 135, 0, '10', 18, 31, 'Siraj Uddin', '[{"type":"mobile","phone":"01813949655"}]', '', 2, 0, 0, '', 0, '2018-10-08 18:00:00', '2018-10-08 18:00:00'),
(233, 18, 6, 21, 0, 0, '10', 18, 30, 'Md Abdul Wadud', '[{"type":"mobile","phone":"01950097675"}]', '', 2, 0, 0, '', 0, '2018-10-08 18:00:00', '2018-10-08 18:00:00'),
(234, 18, 6, 21, 0, 0, '"10"', 18, 100, 'Najma Begum', '[{"type":"mobile","phone":"01964882377"}]', '', 2, 0, 0, '', 0, '2018-10-08 18:00:00', '2018-10-14 12:10:50'),
(235, 18, 6, 21, 0, 0, '10', 18, 31, 'Shahinur Alam', '[{"type":"mobile","phone":"01814087309"}]', '', 2, 0, 0, '', 0, '2018-10-08 18:00:00', '2018-10-08 18:00:00'),
(236, 18, 6, 21, 0, 0, '"10"', 18, 100, 'Samshun Nahar', '[{"type":"mobile","phone":"01816391399"}]', '', 2, 0, 0, '', 0, '2018-10-08 18:00:00', '2018-10-14 12:11:07'),
(237, 18, 6, 21, 136, 0, '10', 18, 31, 'Abdul Hasim', '[{"type":"mobile","phone":"01818154147"}]', '', 2, 0, 0, '', 0, '2018-10-08 18:00:00', '2018-10-08 18:00:00'),
(238, 18, 6, 21, 137, 0, '10', 18, 31, 'Md. Abu Jaher', '[{"type":"mobile","phone":"01819964405"}]', '', 2, 0, 0, '', 0, '2018-10-08 18:00:00', '2018-10-08 18:00:00'),
(239, 18, 6, 21, 138, 0, '10', 18, 31, 'Md. Ripon Mia', '[{"type":"mobile","phone":"01915771016"}]', '', 2, 0, 0, '', 0, '2018-10-08 18:00:00', '2018-10-08 18:00:00'),
(240, 18, 6, 21, 139, 0, '10', 18, 31, 'Anwar Hossain', '[{"type":"mobile","phone":"01981014579"}]', '', 2, 0, 0, '', 0, '2018-10-08 18:00:00', '2018-10-08 18:00:00'),
(241, 18, 6, 21, 140, 0, '10', 18, 31, 'Md. Belayet Hossain Sadhin', '[{"type":"mobile","phone":"01962174710"}]', '', 2, 0, 0, '', 0, '2018-10-08 18:00:00', '2018-10-08 18:00:00'),
(242, 18, 6, 21, 141, 0, '10', 18, 31, 'Md. Sabbir Uddin', '[{"type":"mobile","phone":"01813240062"}]', '', 2, 0, 0, '', 0, '2018-10-08 18:00:00', '2018-10-08 18:00:00'),
(243, 18, 6, 21, 142, 0, '10', 18, 31, 'Md. Aiyub Hossain', '[{"type":"mobile","phone":"01727266795"}]', '', 2, 0, 0, '', 0, '2018-10-08 18:00:00', '2018-10-08 18:00:00'),
(244, 18, 6, 21, 143, 0, '10', 18, 31, 'Sheikh Md. Milon', '[{"type":"mobile","phone":"01818030357"}]', '', 2, 0, 0, '', 0, '2018-10-08 18:00:00', '2018-10-08 18:00:00'),
(245, 18, 6, 21, 144, 0, '10', 18, 31, 'Akhtar Hossain', '[{"type":"mobile","phone":"01712247689"}]', '', 2, 0, 0, '', 0, '2018-10-08 18:00:00', '2018-10-08 18:00:00'),
(246, 18, 6, 22, 0, 0, '10', 18, 30, 'Md. Safil Uddin Miya', '[{"type":"mobile","phone":"01937077988"}]', '', 2, 0, 0, '', 0, '2018-10-08 18:00:00', '2018-10-08 18:00:00'),
(247, 18, 6, 22, 0, 0, '"10"', 18, 100, 'Mridha Marium Sentu', '[{"type":"mobile","phone":"01899478436"}]', '', 2, 0, 0, '', 0, '2018-10-08 18:00:00', '2018-10-14 12:12:25'),
(248, 18, 6, 22, 0, 0, '"10"', 18, 100, 'Shima Begum', '[{"type":"mobile","phone":"01817666828"}]', '', 2, 0, 0, '', 0, '2018-10-08 18:00:00', '2018-10-14 12:12:40'),
(249, 18, 6, 22, 0, 0, '"10"', 18, 100, 'Minu Begum', '[{"type":"mobile","phone":"01840176901"}]', '', 2, 0, 0, '', 0, '2018-10-08 18:00:00', '2018-10-14 12:12:55'),
(250, 18, 6, 22, 145, 0, '10', 18, 31, 'Md. Anwar Hossain', '[{"type":"mobile","phone":"01830059903"}]', '', 2, 0, 0, '', 0, '2018-10-08 18:00:00', '2018-10-08 18:00:00'),
(251, 18, 6, 22, 146, 0, '10', 18, 31, 'Md. Motinur Rahman Matin', '[{"type":"mobile","phone":"01919846706"}]', '', 2, 0, 0, '', 0, '2018-10-08 18:00:00', '2018-10-08 18:00:00'),
(252, 18, 6, 22, 147, 0, '10', 18, 31, 'Monidra Baul', '', '', 2, 0, 0, '', 0, '2018-10-08 18:00:00', '2018-10-08 18:00:00'),
(253, 18, 6, 22, 148, 0, '10', 18, 31, 'Md. Shahjahan Mia', '[{"type":"mobile","phone":"01821728528 "}]', '', 2, 0, 0, '', 0, '2018-10-08 18:00:00', '2018-10-08 18:00:00'),
(254, 18, 6, 22, 149, 0, '10', 18, 31, 'Md. Salah Uddin Babu', '[{"type":"mobile","phone":"01813240002"},{"type":"mobile","phone":"01973240002"}]', '', 2, 0, 0, '', 0, '2018-10-08 18:00:00', '2018-10-08 18:00:00'),
(255, 18, 6, 22, 150, 0, '10', 18, 31, 'Md. Mosharof Hossain', '[{"type":"mobile","phone":"01928403183"}]', '', 2, 0, 0, '', 0, '2018-10-08 18:00:00', '2018-10-08 18:00:00'),
(256, 18, 6, 22, 151, 0, '10', 18, 31, 'Md. Siraj', '[{"type":"mobile","phone":"01928801961"}]', '', 2, 0, 0, '', 0, '2018-10-08 18:00:00', '2018-10-08 18:00:00'),
(257, 18, 6, 22, 152, 0, '10', 18, 31, 'Ijjat Ali', '[{"type":"mobile","phone":"01919935678"}]', '', 2, 0, 0, '', 0, '2018-10-08 18:00:00', '2018-10-08 18:00:00'),
(258, 18, 6, 22, 153, 0, '10', 18, 31, 'Md. Shikim Ali', '[{"type":"mobile","phone":"01712258136"}]', '', 2, 0, 0, '', 0, '2018-10-08 18:00:00', '2018-10-08 18:00:00'),
(259, 18, 6, 23, 0, 0, '10', 18, 30, 'Md. Pannu Mia', '[{"type":"mobile","phone":"01712818869"}]', '', 2, 0, 0, '', 0, '2018-10-08 18:00:00', '2018-10-08 18:00:00'),
(260, 18, 6, 23, 0, 0, '"10"', 18, 100, 'Urmi Chowdhury', '[{"type":"mobile","phone":"01934013742"}]', '', 2, 0, 0, '', 0, '2018-10-08 18:00:00', '2018-10-14 12:13:21'),
(261, 18, 6, 23, 0, 0, '"10"', 18, 100, 'Babita Begum', '[{"type":"mobile","phone":"01943034241"}]', '', 2, 0, 0, '', 0, '2018-10-08 18:00:00', '2018-10-14 12:13:33'),
(262, 18, 6, 23, 0, 0, '"10"', 18, 100, 'Rahima Begum', '[{"type":"mobile","phone":"01857632571"}]', '', 2, 0, 0, '', 0, '2018-10-08 18:00:00', '2018-10-14 12:13:50'),
(263, 18, 6, 23, 154, 0, '10', 18, 31, 'Bijoy Baroi ', '[{"type":"mobile","phone":"01715687247"}]', '', 2, 0, 0, '', 0, '2018-10-08 18:00:00', '2018-10-08 18:00:00'),
(264, 18, 6, 23, 155, 0, '10', 18, 31, 'Abu Bakar ', '[{"type":"mobile","phone":"01924096909"}]', '', 2, 0, 0, '', 0, '2018-10-08 18:00:00', '2018-10-08 18:00:00'),
(265, 18, 6, 23, 156, 0, '10', 18, 31, 'Mohammad Faruque ', '[{"type":"mobile","phone":"01817625688"}]', '', 2, 0, 0, '', 0, '2018-10-08 18:00:00', '2018-10-08 18:00:00'),
(266, 18, 6, 23, 157, 0, '10', 18, 31, 'Md. Samir Uddin ', '[{"type":"mobile","phone":"01817070187"}]', '', 2, 0, 0, '', 0, '2018-10-08 18:00:00', '2018-10-08 18:00:00'),
(267, 18, 6, 23, 158, 0, '10', 18, 31, 'Md. Saidul Islam ', '[{"type":"mobile","phone":"01819090602"}]', '', 2, 0, 0, '', 0, '2018-10-08 18:00:00', '2018-10-08 18:00:00'),
(268, 18, 6, 23, 159, 0, '10', 18, 31, 'Sheikh Abdul Halim ', '[{"type":"mobile","phone":"01913791918"}]', '', 2, 0, 0, '', 0, '2018-10-08 18:00:00', '2018-10-08 18:00:00'),
(269, 18, 6, 23, 160, 0, '10', 18, 31, 'Mohor Chand Mondol ', '[{"type":"mobile","phone":"01946360343"}]', '', 2, 0, 0, '', 0, '2018-10-08 18:00:00', '2018-10-08 18:00:00'),
(270, 18, 6, 23, 161, 0, '10', 18, 31, 'Md. Arman Sheikh ', '[{"type":"mobile","phone":"01921040613"}]', '', 2, 0, 0, '', 0, '2018-10-08 18:00:00', '2018-10-08 18:00:00'),
(271, 18, 6, 23, 162, 0, '10', 18, 31, 'Md. Malek ', '[{"type":"mobile","phone":"01821830900"}]', '', 2, 0, 0, '', 0, '2018-10-08 18:00:00', '2018-10-08 18:00:00'),
(272, 18, 6, 24, 0, 0, '10', 18, 30, 'Abed Hossain', '[{"type":"mobile","phone":"01921848986"},{"type":"mobile","phone":"01819963807"}]', '', 2, 0, 0, '', 0, '2018-10-08 18:00:00', '2018-10-08 18:00:00'),
(273, 18, 6, 24, 0, 0, '"10"', 18, 100, 'Ranuara', '[{"type":"mobile","phone":"01943957791"}]', '', 2, 0, 0, '', 0, '2018-10-08 18:00:00', '2018-10-14 12:14:19'),
(274, 18, 6, 24, 0, 0, '"10"', 18, 100, 'Doli Chowdhury', '[{"type":"mobile","phone":"01780034241"}]', '', 2, 0, 0, '', 0, '2018-10-08 18:00:00', '2018-10-14 12:14:29'),
(275, 18, 6, 24, 0, 0, '"10"', 18, 100, 'Farida Islam', '[{"type":"mobile","phone":"01911707373"}]', '', 2, 0, 0, '', 0, '2018-10-08 18:00:00', '2018-10-14 12:14:46'),
(276, 18, 6, 24, 163, 0, '10', 18, 31, 'Md. Akmot Pathan', '[{"type":"mobile","phone":"01715993453"}]', '', 2, 0, 0, '', 0, '2018-10-08 18:00:00', '2018-10-08 18:00:00'),
(277, 18, 6, 24, 164, 0, '10', 18, 31, 'Joynal Abedin', '[{"type":"mobile","phone":"01814388951"}]', '', 2, 0, 0, '', 0, '2018-10-08 18:00:00', '2018-10-08 18:00:00'),
(278, 18, 6, 24, 165, 0, '10', 18, 31, 'Md. Aslam', '[{"type":"mobile","phone":"01720184430"}]', '', 2, 0, 0, '', 0, '2018-10-08 18:00:00', '2018-10-08 18:00:00'),
(279, 18, 6, 24, 166, 0, '10', 18, 31, 'Md. Alauddin', '[{"type":"mobile","phone":"01732805780"}]', '', 2, 0, 0, '', 0, '2018-10-08 18:00:00', '2018-10-08 18:00:00'),
(280, 18, 6, 24, 167, 0, '10', 18, 31, 'Md. Farid', '[{"type":"mobile","phone":"01812653532"}]', '', 2, 0, 0, '', 0, '2018-10-08 18:00:00', '2018-10-08 18:00:00'),
(281, 18, 6, 24, 168, 0, '10', 18, 31, 'Md. Abu Bakar Chowdhury', '[{"type":"mobile","phone":"01819040850"}]', '', 2, 0, 0, '', 0, '2018-10-08 18:00:00', '2018-10-08 18:00:00'),
(282, 18, 6, 24, 169, 0, '10', 18, 31, 'Khalil', '[{"type":"mobile","phone":"01934108955"}]', '', 2, 0, 0, '', 0, '2018-10-08 18:00:00', '2018-10-08 18:00:00'),
(283, 18, 6, 24, 170, 0, '10', 18, 31, 'Md. Riju Khan', '[{"type":"mobile","phone":"01717163107"}]', '', 2, 0, 0, '', 0, '2018-10-08 18:00:00', '2018-10-08 18:00:00'),
(284, 18, 6, 24, 171, 0, '10', 18, 31, 'Md. Ramjan Ali Khan', '[{"type":"mobile","phone":"01710665017"}]', '', 2, 0, 0, '', 0, '2018-10-08 18:00:00', '2018-10-08 18:00:00'),
(285, 18, 6, 25, 0, 0, '10', 18, 30, 'Tapon Molla', '[{"type":"mobile","phone":"01819478280"}]', '', 2, 0, 0, '', 0, '2018-10-08 18:00:00', '2018-10-08 18:00:00'),
(286, 18, 6, 25, 0, 0, '"10"', 18, 100, 'Ruma Sultana', '[{"type":"mobile","phone":"01816148291"}]', '', 2, 0, 0, '', 0, '2018-10-08 18:00:00', '2018-10-14 12:13:37'),
(287, 18, 6, 25, 0, 0, '"10"', 18, 100, 'Parveen Akhtar', '[{"type":"mobile","phone":"01819479493"}]', '', 2, 0, 0, '', 0, '2018-10-08 18:00:00', '2018-10-14 12:13:52'),
(288, 18, 6, 25, 0, 0, '"10"', 18, 100, 'Sadhina Akhter', '[{"type":"mobile","phone":"01949731422"}]', '', 2, 0, 0, '', 0, '2018-10-08 18:00:00', '2018-10-14 12:14:06'),
(289, 18, 6, 25, 172, 0, '10', 18, 31, 'Md. Selim Dewan', '[{"type":"mobile","phone":"01931947430"}]', '', 2, 0, 0, '', 0, '2018-10-08 18:00:00', '2018-10-08 18:00:00'),
(290, 18, 6, 25, 173, 0, '10', 18, 31, 'Lutfur Rahman Khan', '[{"type":"mobile","phone":"01937062981"}]', '', 2, 0, 0, '', 0, '2018-10-08 18:00:00', '2018-10-08 18:00:00'),
(291, 18, 6, 25, 174, 0, '10', 18, 31, 'Md. Modiuddin', '[{"type":"mobile","phone":"01937887495"}]', '', 2, 0, 0, '', 0, '2018-10-08 18:00:00', '2018-10-08 18:00:00'),
(292, 18, 6, 25, 175, 0, '10', 18, 31, 'Iman Uddin', '[{"type":"mobile","phone":"01726092334"}]', '', 2, 0, 0, '', 0, '2018-10-08 18:00:00', '2018-10-08 18:00:00'),
(293, 18, 6, 25, 176, 0, '10', 18, 31, 'Md. Babul Hossain', '[{"type":"mobile","phone":"01724942608"}]', '', 2, 0, 0, '', 0, '2018-10-08 18:00:00', '2018-10-08 18:00:00'),
(294, 18, 6, 25, 177, 0, '10', 18, 31, 'Md. Shahinur Rahman', '[{"type":"mobile","phone":"01948235477"}]', '', 2, 0, 0, '', 0, '2018-10-08 18:00:00', '2018-10-08 18:00:00'),
(295, 18, 6, 25, 178, 0, '10', 18, 31, 'Nurul Islam', '[{"type":"mobile","phone":"01721028915"}]', '', 2, 0, 0, '', 0, '2018-10-08 18:00:00', '2018-10-08 18:00:00'),
(296, 18, 6, 25, 179, 0, '10', 18, 31, 'Rehaj Uddin', '[{"type":"mobile","phone":"01714361775"}]', '', 2, 0, 0, '', 0, '2018-10-08 18:00:00', '2018-10-08 18:00:00'),
(297, 18, 6, 25, 180, 0, '10', 18, 31, 'Tajul Islam', '[{"type":"mobile","phone":"01817690846"}]', '', 2, 0, 0, '', 0, '2018-10-08 18:00:00', '2018-10-08 18:00:00'),
(298, 18, 6, 0, 0, 0, '10', 18, 30, 'Md. A. Jalil', '[{"type":"mobile","phone":"01962179373"}]', '', 2, 0, 0, '', 0, '2018-10-08 18:00:00', '2018-10-08 18:00:00'),
(299, 18, 6, 26, 0, 0, '"10"', 18, 100, 'Shubana Begum', '[{"type":"mobile","phone":"01720352505"}]', '', 2, 0, 0, '', 0, '2018-10-08 18:00:00', '2018-10-14 12:12:59'),
(300, 18, 6, 26, 0, 0, '"10"', 18, 100, 'Kohinur Begum', '[{"type":"mobile","phone":"01914690254"}]', '', 2, 0, 0, '', 0, '2018-10-08 18:00:00', '2018-10-14 12:13:11'),
(301, 18, 6, 26, 0, 0, '"10"', 18, 100, 'Rowshan Ara Begum', '[{"type":"mobile","phone":"01914162181"}]', '', 2, 0, 0, '', 0, '2018-10-08 18:00:00', '2018-10-14 12:13:23'),
(302, 18, 6, 26, 181, 0, '10', 18, 31, 'Mizanur Rahman', '[{"type":"mobile","phone":"01731547751"}]', '', 2, 0, 0, '', 0, '2018-10-08 18:00:00', '2018-10-08 18:00:00'),
(303, 18, 6, 26, 182, 0, '10', 18, 31, 'Md. Hashem', '[{"type":"mobile","phone":"01920770845"}]', '', 2, 0, 0, '', 0, '2018-10-08 18:00:00', '2018-10-08 18:00:00'),
(304, 18, 6, 26, 183, 0, '10', 18, 31, 'Mizanur Rahman', '[{"type":"mobile","phone":"01934617081"}]', '', 2, 0, 0, '', 0, '2018-10-08 18:00:00', '2018-10-08 18:00:00'),
(305, 18, 6, 26, 184, 0, '10', 18, 31, 'Ahammad Ullah', '[{"type":"mobile","phone":"01772386575"}]', '', 2, 0, 0, '', 0, '2018-10-08 18:00:00', '2018-10-08 18:00:00'),
(306, 18, 6, 26, 185, 0, '10', 18, 31, 'Shofiqul Pathan', '[{"type":"mobile","phone":"01714271948"}]', '', 2, 0, 0, '', 0, '2018-10-08 18:00:00', '2018-10-08 18:00:00'),
(307, 18, 6, 26, 186, 0, '10', 18, 31, 'Mofijur Rahman Sentu', '[{"type":"mobile","phone":"01930366831"}]', '', 2, 0, 0, '', 0, '2018-10-08 18:00:00', '2018-10-08 18:00:00'),
(308, 18, 6, 26, 187, 0, '10', 18, 31, 'Mahbubur Rahman', '[{"type":"mobile","phone":"01915165375"}]', '', 2, 0, 0, '', 0, '2018-10-08 18:00:00', '2018-10-08 18:00:00'),
(309, 18, 6, 26, 188, 0, '10', 18, 31, 'Faruque Hossain', '[{"type":"mobile","phone":"01715677687"}]', '', 2, 0, 0, '', 0, '2018-10-08 18:00:00', '2018-10-08 18:00:00'),
(310, 18, 6, 26, 189, 0, '10', 18, 31, 'Badsha Mia', '[{"type":"mobile","phone":"01714278051"}]', '', 2, 0, 0, '', 0, '2018-10-08 18:00:00', '2018-10-08 18:00:00'),
(312, 18, 5, 5, 6, 0, '"10"', 18, 30, 'Shamim Ahmed', '[{"type":"mobile","phone":"01726128452"}]', 'Vill: Anta P/O: South Barrah;   Upa: Dohar Dist: Dhaka', 2, 0, 0, '', 0, '2018-10-08 18:00:00', '2018-10-14 10:51:38'),
(313, 18, 5, 5, 1, 0, '"10"', 18, 31, 'Iyar Ali', '[{"type":"mobile","phone":"01712434524"}]', 'Vill: North Arongabad; P/O: Arongabaad Bazaar;  Upa: Dohar; Dist: Dhaka', 2, 0, 0, '', 0, '2018-10-08 18:00:00', '2018-10-14 10:57:34'),
(314, 18, 5, 5, 2, 0, '"10"', 18, 31, 'Sonamuddin Bepari', '[{"type":"mobile","phone":"01721659014"}]', 'Vill: Arongabad; P/O: Arongabaad Bazaar;  Upa: Dohar; Dist: Dhaka', 2, 0, 0, '', 0, '2018-10-08 18:00:00', '2018-10-14 10:58:29'),
(315, 18, 5, 5, 3, 0, '"10"', 18, 31, 'Liton Haldar', '[{"type":"mobile","phone":"01731760392"}]', 'Vill: Nosrotpur; P/O: Arongabaad Bazaar;  Upa: Dohar; Dist: Dhaka', 2, 0, 0, '', 0, '2018-10-08 18:00:00', '2018-10-14 10:59:22'),
(316, 18, 5, 5, 4, 0, '"10"', 18, 31, 'Md. Masud Molla', '[{"type":"mobile","phone":"01929570582"}]', 'Vill: Pankundu; P/O: Arongabaad Bazaar;  Upa: Dohar; Dist: Dhaka', 2, 0, 0, '', 0, '2018-10-08 18:00:00', '2018-10-14 10:59:55'),
(317, 18, 5, 5, 5, 0, '"10"', 18, 31, 'Md Arab Ali', '[{"type":"mobile","phone":"01716254881"}]', 'Vill: Barrah; P/O: South Barrah;  Upa: Dohar; Dist: Dhaka', 2, 0, 0, '', 0, '2018-10-08 18:00:00', '2018-10-14 11:00:25'),
(318, 18, 5, 5, 6, 0, '"10"', 18, 31, 'Noyab Ali', '[{"type":"mobile","phone":"01835087145"}]', 'Vill: Anta; P/O: South Barrah;  Upa: Dohar; Dist: Dhaka', 2, 0, 0, '', 0, '2018-10-08 18:00:00', '2018-10-14 11:01:06'),
(319, 18, 5, 5, 7, 0, '"10"', 18, 31, 'Md Samsuddin', '[{"type":"mobile","phone":"01711035017"}]', 'Vill: West Dhoyair; P/O: South Barrah;  Upa: Dohar; Dist: Dhaka', 2, 0, 0, '', 0, '2018-10-08 18:00:00', '2018-10-14 11:01:31'),
(320, 18, 5, 5, 8, 0, '"10"', 18, 31, 'Bokul', '[{"type":"mobile","phone":"01720223895"}]', 'Vill: Mid Dhoyair; P/O: South Barrah;  Upa: Dohar; Dist: Dhaka', 2, 0, 0, '', 0, '2018-10-08 18:00:00', '2018-10-14 11:02:01'),
(321, 18, 5, 5, 9, 0, '"10"', 18, 31, 'Kamrul Molla', '[{"type":"mobile","phone":"01715131338"}]', 'Vill: East Dhoyair; P/O: South Barrah;  Upa: Dohar; Dist: Dhaka', 2, 0, 0, '', 0, '2018-10-08 18:00:00', '2018-10-14 11:03:35'),
(322, 18, 5, 5, 0, 0, '"10"', 18, 100, 'Jhunu Begum', '[{"type":"mobile","phone":"01742084956"}]', 'Vill: Arongabad; P/O: Arongabad Bazaar;  Upa: Dohar; Dist: Dhaka', 2, 0, 0, '', 0, '2018-10-08 18:00:00', '2018-10-14 11:03:57'),
(323, 18, 5, 5, 0, 0, '"10"', 18, 100, 'Jibon Nesa', '[{"type":"mobile","phone":"01874376494"}]', 'Vill: Barrah; P/O: South Barrah;  Upa: Dohar; Dist: Dhaka', 2, 0, 0, '', 0, '2018-10-08 18:00:00', '2018-10-14 11:05:01'),
(324, 18, 5, 5, 0, 0, '"10"', 18, 100, 'Fatema Begum', '[{"type":"mobile","phone":"01922721481"}]', 'Vill: East Dhoyair; P/O: South Barrah;  Upa: Dohar; Dist: Dhaka', 2, 0, 0, '', 0, '2018-10-08 18:00:00', '2018-10-14 11:07:43'),
(325, 18, 5, 12, 63, 106, '"10"', 18, 30, 'Md. Alauddiuddin Molla', '[{"type":"mobile","phone":"01717016999"}]', 'Krishnadebpur', 2, 0, 0, '', 0, '2018-10-08 18:00:00', '2018-10-14 11:08:12'),
(326, 18, 5, 12, 55, 92, '"10"', 18, 31, 'Sarowar Hossain', '[{"type":"mobile","phone":"01712951390"}]', 'Choto Ram Nathpur', 2, 0, 0, '', 0, '2018-10-08 18:00:00', '2018-10-14 11:08:59'),
(327, 18, 5, 12, 56, 93, '"10"', 18, 31, 'Sheikh Iskandar', '[{"type":"mobile","phone":"01739905202"}]', 'Hajhar Bigha', 2, 0, 0, '', 0, '2018-10-08 18:00:00', '2018-10-14 11:09:21'),
(328, 18, 5, 12, 57, 98, '"10"', 18, 31, 'Md. Aynal Sheikh', '[{"type":"mobile","phone":"01775308317"}]', 'Boro Ramnathpur', 2, 0, 0, '', 0, '2018-10-08 18:00:00', '2018-10-14 11:09:43'),
(329, 18, 5, 12, 58, 99, '"10"', 18, 31, 'Md. Abul Hossain', '[]', 'Purbochar', 2, 0, 0, '', 0, '2018-10-08 18:00:00', '2018-10-14 11:10:11'),
(330, 18, 5, 12, 59, 101, '"10"', 18, 31, 'Abul Kashem', '[{"type":"mobile","phone":"01717346411"}]', 'Radhanagar South', 2, 0, 0, '', 0, '2018-10-08 18:00:00', '2018-10-14 11:10:40'),
(331, 18, 5, 12, 60, 0, '"10"', 18, 31, 'Boduruddin Khalashi', '[{"type":"mobile","phone":"01726598841"}]', 'North Debi Nagar', 2, 0, 0, '', 0, '2018-10-08 18:00:00', '2018-10-14 11:11:06'),
(332, 18, 5, 12, 61, 103, '"10"', 18, 31, 'Farhad Hossain', '[{"type":"mobile","phone":"01781302887"}]', 'Kutubpur', 2, 0, 0, '', 0, '2018-10-08 18:00:00', '2018-10-14 11:11:34'),
(333, 18, 5, 12, 62, 104, '"10"', 18, 31, 'Nurul Haque Bepari', '[{"type":"mobile","phone":"01789965165"}]', 'Debi Nagar South', 2, 0, 0, '', 0, '2018-10-08 18:00:00', '2018-10-14 11:12:06'),
(334, 18, 5, 12, 63, 0, '"10"', 18, 31, 'Motaleb Molla', '[{"type":"mobile","phone":"01712334552"}]', 'Kulchari', 2, 0, 0, '', 0, '2018-10-08 18:00:00', '2018-10-14 11:12:28'),
(335, 18, 5, 12, 55, 0, '"10"', 18, 100, 'Fatema Begum', '[{"type":"mobile","phone":"01791069407"}]', 'Choto Ram Nathpur', 2, 0, 0, '', 0, '2018-10-08 18:00:00', '2018-10-14 11:13:10'),
(336, 18, 5, 12, 55, 0, '"10"', 18, 100, 'Anjana Begum', '[{"type":"mobile","phone":"01942561922"}]', 'Radhanagar North', 2, 0, 0, '', 0, '2018-10-08 18:00:00', '2018-10-14 11:13:33');
INSERT INTO `bol_election_people` (`id`, `district_id`, `upazila_id`, `union_id`, `ward_id`, `village_id`, `peoplegroup_ids`, `organization_id`, `designation_id`, `name`, `phones`, `address`, `assign_location`, `has_priority`, `is_al`, `extra_designation`, `in_fluential`, `created_at`, `updated_at`) VALUES
(337, 18, 5, 12, 62, 0, '"10"', 18, 100, 'Sonai Bibi', '[{"type":"mobile","phone":"01859153070"}]', 'Debi Nagar South', 2, 0, 0, '', 0, '2018-10-08 18:00:00', '2018-10-14 11:14:02'),
(338, 18, 5, 6, 18, 28, '"10"', 18, 30, 'Md Amzad Hossain Azad', '[{"type":"mobile","phone":"01712061701"}]', 'Vill: Imamnagar', 2, 0, 0, '', 0, '2018-10-08 18:00:00', '2018-10-14 11:16:06'),
(339, 18, 5, 6, 12, 13, '"10"', 18, 100, 'Hasina Begum', '[{"type":"mobile","phone":"01747252225"}]', 'Vill: Charpurulia', 2, 0, 0, '', 0, '2018-10-08 18:00:00', '2018-10-14 11:16:32'),
(340, 18, 5, 6, 14, 17, '"10"', 18, 100, 'Rehana Akhter', '[{"type":"mobile","phone":"01796398369"}]', 'Vill: Boro Basta', 2, 0, 0, '', 0, '2018-10-08 18:00:00', '2018-10-14 11:16:56'),
(341, 18, 5, 6, 16, 21, '"10"', 18, 100, 'Hemol', '[{"type":"mobile","phone":"01720422027"}]', 'Vill: Charkushai', 2, 0, 0, '', 0, '2018-10-08 18:00:00', '2018-10-14 11:17:27'),
(342, 18, 5, 6, 10, 10, '"10"', 18, 31, 'Md. Shawon Islam', '[{"type":"mobile","phone":"01717346411"}]', 'Vill: Shilakotha', 2, 0, 0, '', 0, '2018-10-08 18:00:00', '2018-10-14 11:17:55'),
(343, 18, 5, 6, 11, 0, '"10"', 18, 31, 'Harun Ar Rashid', '[{"type":"mobile","phone":"01726598841"}]', 'Vill: Shilakotha', 2, 0, 0, '', 0, '2018-10-08 18:00:00', '2018-10-14 11:18:35'),
(344, 18, 5, 6, 12, 14, '"10"', 18, 31, 'Md. Abul Kalam Azad', '[{"type":"mobile","phone":"01781302887"}]', 'Vill: Shundaripara', 2, 0, 0, '', 0, '2018-10-08 18:00:00', '2018-10-14 11:18:56'),
(345, 18, 5, 6, 13, 15, '"10"', 18, 31, 'Komol Majhumder', '[{"type":"mobile","phone":"01789965165"}]', 'Vill: Kartikpur', 2, 0, 0, '', 0, '2018-10-08 18:00:00', '2018-10-14 11:19:34'),
(346, 18, 5, 6, 14, 17, '"10"', 18, 31, 'Akkas Bhuiyan', '[{"type":"mobile","phone":"01712334552"}]', 'Vill: Boro Basta', 2, 0, 0, '', 0, '2018-10-08 18:00:00', '2018-10-14 11:19:56'),
(347, 18, 5, 6, 15, 0, '"10"', 18, 31, 'Shah Swapon', '[{"type":"mobile","phone":"01791069407"}]', 'Vill: Boro Basta', 2, 0, 0, '', 0, '2018-10-08 18:00:00', '2018-10-14 11:20:14'),
(348, 18, 5, 6, 16, 21, '"10"', 18, 31, 'Md. Azahar Ali', '[{"type":"mobile","phone":"01942561922"}]', 'Vill: Charkushai', 2, 0, 0, '', 0, '2018-10-08 18:00:00', '2018-10-14 11:20:33'),
(349, 18, 5, 6, 17, 0, '"10"', 18, 31, 'Asaduzzaman Nur', '[{"type":"mobile","phone":"01859153070"}]', 'Vill: Charkushai', 2, 0, 0, '', 0, '2018-10-08 18:00:00', '2018-10-14 11:20:53'),
(350, 18, 5, 6, 18, 25, '"10"', 18, 31, 'Md. Kafil', '[{"type":"mobile","phone":"01712061701"}]', 'Vill: Mahtabnagar', 2, 0, 0, '', 0, '2018-10-08 18:00:00', '2018-10-14 11:21:13'),
(351, 18, 5, 7, 0, 0, '"10"', 18, 30, 'Showkat Ali Noyon \r\n(Dead)', '[]', '', 2, 0, 0, '', 0, '2018-10-08 18:00:00', '2018-10-14 11:22:36'),
(352, 18, 5, 7, 27, 0, '"10"', 18, 97, 'Md. Safi Uddin', '[{"type":"mobile","phone":"01817670889"}]', '', 2, 0, 0, '', 0, '2018-10-08 18:00:00', '2018-10-14 11:24:35'),
(353, 18, 5, 7, 21, 0, '"10"', 18, 100, 'Layla Anjuman', '[{"type":"mobile","phone":"01714586826"}]', '', 2, 0, 0, '', 0, '2018-10-08 18:00:00', '2018-10-14 11:25:04'),
(354, 18, 5, 7, 24, 0, '"10"', 18, 100, 'Roma Begum', '[{"type":"mobile","phone":"01787787374"}]', '', 2, 0, 0, '', 0, '2018-10-08 18:00:00', '2018-10-14 11:25:27'),
(355, 18, 5, 7, 23, 0, '"10"', 18, 100, 'Rowshon Akhter Rini', '[{"type":"mobile","phone":"01725411877"}]', '', 2, 0, 0, '', 0, '2018-10-08 18:00:00', '2018-10-14 11:25:53'),
(356, 18, 5, 7, 0, 0, '"10"', 18, 31, 'Giyas Uddin (Dead)', '[]', '', 2, 0, 0, '', 0, '2018-10-08 18:00:00', '2018-10-14 11:26:25'),
(357, 18, 5, 7, 20, 0, '"10"', 18, 31, 'Ajgar Ali', '[{"type":"mobile","phone":"01814762522"}]', '', 2, 0, 0, '', 0, '2018-10-08 18:00:00', '2018-10-14 11:26:50'),
(358, 18, 5, 7, 22, 0, '"10"', 18, 31, 'Ishak Khan', '[{"type":"mobile","phone":"01818057173"}]', '', 2, 0, 0, '', 0, '2018-10-08 18:00:00', '2018-10-14 11:27:18'),
(359, 18, 5, 7, 24, 0, '"10"', 18, 31, 'Nurul Haque', '[{"type":"mobile","phone":"01732747977"}]', '', 2, 0, 0, '', 0, '2018-10-08 18:00:00', '2018-10-14 11:27:45'),
(360, 18, 5, 7, 23, 0, '"10"', 18, 31, 'A. Razzak', '[{"type":"mobile","phone":"01932067054"}]', '', 2, 0, 0, '', 0, '2018-10-08 18:00:00', '2018-10-14 11:28:06'),
(361, 18, 5, 7, 0, 0, '"10"', 18, 31, 'Gour Chandra Kundu', '[{"type":"mobile","phone":"01712075186"}]', '', 2, 0, 0, '', 0, '2018-10-08 18:00:00', '2018-10-14 11:28:29'),
(362, 18, 5, 7, 0, 0, '"10"', 18, 31, 'A Samad (Dead)', '[]', '', 2, 0, 0, '', 0, '2018-10-08 18:00:00', '2018-10-14 11:28:51'),
(363, 18, 5, 27, 204, 0, '"10"', 19, 94, 'Alhaj A. Rashid Mia', '[{"type":"mobile","phone":"01711731804"}]', 'Moholla- South Joypara; P/O: Joypara-  1330. Ward No- 05; Dohar Pourashabha; Dohar; Dhaka', 2, 0, 0, '', 0, '2018-10-08 18:00:00', '2018-10-14 11:30:36'),
(364, 18, 5, 27, 202, 0, '"10"', 19, 101, 'Khaleda Akhtar', '[{"type":"mobile","phone":"01715450870"}]', 'North Joypara Bengarchak; Ward -03; Dohar Pourashabha; Dohar; Dhaka', 2, 0, 0, '', 0, '2018-10-08 18:00:00', '2018-10-14 11:33:51'),
(365, 18, 5, 27, 205, 0, '"10"', 19, 101, 'Jamila Khatun', '[{"type":"mobile","phone":"01739195247"}]', 'North Yusufpur; P/O- Joypara-1330; Dohar Pourashabha; Ward -06; Dohar; Dhaka', 2, 0, 0, '', 0, '2018-10-08 18:00:00', '2018-10-14 11:34:17'),
(366, 18, 5, 27, 208, 0, '"10"', 19, 101, 'Shahnaz Parveen', '[{"type":"mobile","phone":"01712383415"}]', 'Moholla: Gazir Tek; P/O + Thana: -Dohar; Dist: Dhaka', 2, 0, 0, '', 0, '2018-10-08 18:00:00', '2018-10-14 11:34:40'),
(367, 18, 5, 27, 190, 397, '"10"', 19, 95, 'Badrul Islam; Councillor', '[{"type":"mobile","phone":"01715768582"}]', 'Moholla: Moddho Lotakhola; Ward No- 01; Dohar Pourashabha', 2, 0, 0, '', 0, '2018-10-08 18:00:00', '2018-10-14 11:35:19'),
(368, 18, 5, 27, 201, 0, '"10"', 19, 95, 'Md. Almas Uddin', '[{"type":"mobile","phone":"01790507004"}]', 'Moholla- Khalpar; P/O: Palamganj;  Ward No- 02; Dohar Pourashabha; Dohar; Dhaka', 2, 0, 0, '', 0, '2018-10-08 18:00:00', '2018-10-14 11:35:40'),
(371, 18, 5, 27, 204, 0, '"10"', 19, 95, 'Md. Adil Shikhder', '[{"type":"mobile","phone":"01713005936"}]', 'Moholla- South Joypara Ghona; P/O: Joypara; Ward No- 05; Dohar Pourashabha; Dohar; Dhaka', 2, 0, 0, '', 0, '2018-10-08 18:00:00', '2018-10-14 11:36:31'),
(372, 18, 5, 27, 205, 0, '"10"', 19, 95, 'Mr. Mohammad Ali', '[{"type":"mobile","phone":"01711162121"}]', 'Moholla-North Yusufpur; P/O: Joypara; Ward No- 06; Dohar Pourashabha; Dohar; Dhaka', 2, 0, 0, '', 0, '2018-10-08 18:00:00', '2018-10-14 11:36:54'),
(373, 18, 5, 27, 206, 0, '"10"', 19, 95, 'Mr. Forhad Bepari', '[{"type":"mobile","phone":"01714035491"}]', 'Moholla- Banaghata; P/O: Dohar; Thana-Dohar; Dist: Dhaka', 2, 0, 0, '', 0, '2018-10-08 18:00:00', '2018-10-14 11:37:18'),
(374, 18, 5, 27, 207, 0, '"10"', 19, 95, 'Mr. Rakibul Hasan Rakib', '[{"type":"mobile","phone":"01716129415"}]', 'Moholla+Post Office +Thana +Upazilla- Dohar; Ward No- 08; Dohar Pourashabha; Dhaka-1330', 2, 0, 0, '', 0, '2018-10-08 18:00:00', '2018-10-14 11:37:42'),
(375, 18, 5, 27, 208, 0, '"10"', 19, 95, 'Md. Anwar Hossain', '[{"type":"mobile","phone":"01712089395"}]', 'Moholla- West Sutarpara; P/O: Dohar;  Ward No- 09; Dohar Pourashabha; Dohar; Dhaka', 2, 0, 0, '', 0, '2018-10-08 18:00:00', '2018-10-14 11:38:17'),
(376, 18, 5, 8, 29, 0, '"10"', 18, 96, 'Md. Suruj Bepari', '[{"type":"mobile","phone":"01719811373"}]', 'Banaghata', 2, 0, 0, '', 0, '2018-10-08 18:00:00', '2018-10-14 11:45:18'),
(377, 18, 5, 8, 34, 0, '"10"', 18, 97, 'Showkat Biswas', '[{"type":"mobile","phone":"01710373617"}]', 'East Sutarpara', 2, 0, 0, '', 0, '2018-10-08 18:00:00', '2018-10-14 12:05:11'),
(378, 18, 5, 8, 35, 0, '"10"', 18, 97, 'A. Majid', '[{"type":"mobile","phone":"01818153716"}]', 'Gazir Tek', 2, 0, 0, '', 0, '2018-10-08 18:00:00', '2018-10-14 12:02:54'),
(379, 18, 5, 8, 0, 0, '"10"', 18, 97, 'Saifun Nahar Iti', '[{"type":"mobile","phone":"01935292448"}]', 'Dohar Ghata', 2, 0, 0, '', 0, '2018-10-08 18:00:00', '2018-10-14 12:05:25'),
(380, 18, 5, 8, 32, 49, '10', 18, 31, 'Md. Aynal Molla', '[{"type":"mobile","phone":"01712832558"}]', 'Modhur Char ', 2, 0, 0, '', 0, '2018-10-08 18:00:00', '2018-10-08 18:00:00'),
(381, 18, 5, 8, 36, 55, '10', 18, 31, 'Abu Taleb Molla', '[{"type":"mobile","phone":"01911926522"}]', 'Daiyagojaria ', 2, 0, 0, '', 0, '2018-10-08 18:00:00', '2018-10-08 18:00:00'),
(382, 18, 5, 8, 0, 0, '"10"', 18, 100, 'Saleha Begum', '[{"type":"mobile","phone":"01729346478"}]', 'Daiyagojaria', 2, 0, 0, '', 0, '2018-10-08 18:00:00', '2018-10-14 12:20:04'),
(383, 18, 5, 8, 28, 0, '10', 18, 31, 'Halim Khan ', '\n', '', 2, 0, 0, '', 0, '2018-10-08 18:00:00', '2018-10-08 18:00:00'),
(384, 18, 5, 8, 30, 0, '10', 18, 31, 'A. Aowal', '', '', 2, 0, 0, '', 0, '2018-10-08 18:00:00', '2018-10-08 18:00:00'),
(385, 18, 5, 8, 33, 0, '10', 18, 31, 'A. Hannan ', '', '', 2, 0, 0, '', 0, '2018-10-08 18:00:00', '2018-10-08 18:00:00'),
(386, 18, 5, 8, 0, 0, '"10"', 18, 100, 'Shahnaz Begum', '[]', '', 2, 0, 0, '', 0, '2018-10-08 18:00:00', '2018-10-14 12:20:19'),
(387, 18, 5, 8, 31, 0, '10', 18, 31, 'Md. Anwar Hossain (Dead)', '', '', 2, 0, 0, '', 0, '2018-10-08 18:00:00', '2018-10-08 18:00:00'),
(388, 18, 5, 8, 0, 0, '10', 18, 31, 'Nurul Islam; Chairman. Resignation for participating in Porasava Election) ', '', '', 2, 0, 0, '', 0, '2018-10-08 18:00:00', '2018-10-08 18:00:00'),
(389, 18, 5, 9, 191, 430, '10', 18, 30, 'Md. Salah Uddin Dorani ', '[{"type":"mobile","phone":"01727703693"}]', 'Jhanki; Dohar; Dhaka ', 2, 0, 0, '', 0, '2018-10-08 18:00:00', '2018-10-08 18:00:00'),
(390, 18, 5, 9, 191, 430, '"10"', 18, 100, 'Halima Sultana', '[{"type":"mobile","phone":"01720829230"}]', 'Jhanki; Dohar; Dhaka', 2, 0, 0, '', 0, '2018-10-08 18:00:00', '2018-10-14 12:18:32'),
(391, 18, 5, 9, 191, 435, '"10"', 18, 100, 'Surjoban Begum', '[{"type":"mobile","phone":"01739676828"}]', 'Narisha Paschimchar;Dohar; Dhaka', 2, 0, 0, '', 0, '2018-10-08 18:00:00', '2018-10-14 12:18:47'),
(392, 18, 5, 9, 192, 0, '"10"', 18, 100, 'Puspa Khanom', '[{"type":"mobile","phone":"01936529942"}]', 'Choita Bator;Dohar; Dhaka', 2, 0, 0, '', 0, '2018-10-08 18:00:00', '2018-10-14 12:19:30'),
(393, 18, 5, 9, 191, 430, '10', 18, 31, 'Dalil Uddin', '[{"type":"mobile","phone":"01715527227"}]', 'Jhanki; Dohar; Dhaka ', 2, 0, 0, '', 0, '2018-10-08 18:00:00', '2018-10-08 18:00:00'),
(394, 18, 5, 9, 192, 434, '10', 18, 31, 'Billal Hossain ', '[{"type":"mobile","phone":"01817562994"}]', 'North Shimulia; \nDohar; Dhaka ', 2, 0, 0, '', 0, '2018-10-08 18:00:00', '2018-10-08 18:00:00'),
(395, 18, 5, 9, 193, 432, '10', 18, 31, 'Md. Sirajul Islam', '[{"type":"mobile","phone":"01956614723"}]', 'Malikanda; Dohar; Dhaka ', 2, 0, 0, '', 0, '2018-10-08 18:00:00', '2018-10-08 18:00:00'),
(396, 18, 5, 9, 195, 433, '10', 18, 31, 'Billalur Rahman', '[{"type":"mobile","phone":"01711172607"}]', 'Meghula; Dohar; Dhaka ', 2, 0, 0, '', 0, '2018-10-08 18:00:00', '2018-10-08 18:00:00'),
(397, 18, 5, 9, 196, 434, '10', 18, 31, 'Kamal Hossain', '[{"type":"mobile","phone":"01926131431"}]', 'South Shimulia; \nDohar; Dhaka ', 2, 0, 0, '', 0, '2018-10-08 18:00:00', '2018-10-08 18:00:00'),
(398, 18, 5, 9, 197, 435, '10', 18, 31, 'Abdul Ali', '[{"type":"mobile","phone":"01718906271"}]', 'Narisha Paschim Char; \nDohar; Dhaka ', 2, 0, 0, '', 0, '2018-10-08 18:00:00', '2018-10-08 18:00:00'),
(399, 18, 5, 9, 198, 436, '10', 18, 31, 'Aminul Islam Jiku', '[{"type":"mobile","phone":"01816858237"}]', 'Narisha;  Dohar; Dhaka ', 2, 0, 0, '', 0, '2018-10-08 18:00:00', '2018-10-08 18:00:00'),
(400, 18, 5, 9, 199, 437, '10', 18, 31, 'Sheikh Nurul Islam', '[{"type":"mobile","phone":"01714647861"}]', 'Narisha Khalpar; \nDohar; Dhaka ', 2, 0, 0, '', 0, '2018-10-08 18:00:00', '2018-10-08 18:00:00'),
(401, 18, 5, 9, 200, 440, '10', 18, 31, 'A. Majid', '[{"type":"mobile","phone":"01923780726"}]', 'Satvita;\nDohar; Dhaka ', 2, 0, 0, '', 0, '2018-10-08 18:00:00', '2018-10-08 18:00:00'),
(402, 18, 5, 10, 38, 59, '10', 18, 30, 'M A Hannan Khan', '[{"type":"mobile","phone":"01715506152"}]', 'Muksudpur ', 2, 0, 0, '', 0, '2018-10-08 18:00:00', '2018-10-08 18:00:00'),
(403, 18, 5, 10, 37, 455, '10', 18, 31, 'Sultan Molla ', '[{"type":"mobile","phone":"01711377812"}]', 'Purbochar', 2, 0, 0, '', 0, '2018-10-08 18:00:00', '2018-10-08 18:00:00'),
(404, 18, 5, 10, 38, 59, '10', 18, 31, 'Musa Kalimullah', '[{"type":"mobile","phone":"01918924678"}]', 'Muksudpur ', 2, 0, 0, '', 0, '2018-10-08 18:00:00', '2018-10-08 18:00:00'),
(405, 18, 5, 10, 39, 457, '10', 18, 31, 'Moklesh Kha', '[{"type":"mobile","phone":"01746111823"}]', 'Gorabon', 2, 0, 0, '', 0, '2018-10-08 18:00:00', '2018-10-08 18:00:00'),
(406, 18, 5, 10, 40, 64, '10', 18, 31, 'Md. Chan Mia', '[{"type":"mobile","phone":"01724009970"}]', 'Khaser Tek', 2, 0, 0, '', 0, '2018-10-08 18:00:00', '2018-10-08 18:00:00'),
(407, 18, 5, 10, 41, 67, '10', 18, 31, 'Md. Hazrat Ali', '[{"type":"mobile","phone":"01719955324"}]', 'Bethua', 2, 0, 0, '', 0, '2018-10-08 18:00:00', '2018-10-08 18:00:00'),
(408, 18, 5, 10, 42, 69, '10', 18, 31, 'Foyzon Khalashi', '[{"type":"mobile","phone":"01732320183"}]', 'South Modhurkhola ', 2, 0, 0, '', 0, '2018-10-08 18:00:00', '2018-10-08 18:00:00'),
(409, 18, 5, 10, 43, 71, '10', 18, 31, 'Ali Hossain ', '[{"type":"mobile","phone":"01726553405"}]', 'Moitpara', 2, 0, 0, '', 0, '2018-10-08 18:00:00', '2018-10-08 18:00:00'),
(410, 18, 5, 10, 44, 77, '10', 18, 31, 'Nannu Majhi ', '[{"type":"mobile","phone":"01772993245"}]', 'Moura', 2, 0, 0, '', 0, '2018-10-08 18:00:00', '2018-10-08 18:00:00'),
(411, 18, 5, 10, 45, 77, '10', 18, 31, 'Md. Liton Hossain', '[{"type":"mobile","phone":"01818253006"}]', 'North Moura', 2, 0, 0, '', 0, '2018-10-08 18:00:00', '2018-10-08 18:00:00'),
(412, 18, 5, 10, 38, 0, '"10"', 18, 100, 'Safia Begum', '[{"type":"mobile","phone":"01927608723"}]', 'Muksudpur', 2, 0, 0, '', 0, '2018-10-08 18:00:00', '2018-10-14 12:17:34'),
(413, 18, 5, 10, 40, 64, '"10"', 18, 100, 'Jahanara Begum', '[{"type":"mobile","phone":"01715198853"}]', 'Khaser Tek', 2, 0, 0, '', 0, '2018-10-08 18:00:00', '2018-10-14 12:17:48'),
(414, 18, 5, 10, 44, 0, '"10"', 18, 100, 'Amena Begum', '[{"type":"mobile","phone":"01720258636"}]', 'Moura', 2, 0, 0, '', 0, '2018-10-08 18:00:00', '2018-10-14 12:18:01'),
(415, 18, 5, 11, 53, 473, '10', 18, 30, 'Tofazzol Hossain', '[{"type":"mobile","phone":"01712043702"}]', 'Mahmudpur', 2, 0, 0, '', 0, '2018-10-08 18:00:00', '2018-10-08 18:00:00'),
(416, 18, 5, 11, 47, 0, '"10"', 18, 100, 'Monowara Begum', '[{"type":"mobile","phone":"01711036701"}]', 'Charkushumhati', 2, 0, 0, '', 0, '2018-10-08 18:00:00', '2018-10-14 12:16:35'),
(417, 18, 5, 11, 50, 0, '"10"', 18, 100, 'Helena Begum', '[{"type":"mobile","phone":"01710810957"}]', 'Charkushaichar', 2, 0, 0, '', 0, '2018-10-08 18:00:00', '2018-10-14 12:16:53'),
(418, 18, 5, 11, 54, 0, '"10"', 18, 100, 'Maksuda Akhter', '[{"type":"mobile","phone":"01710329939"}]', 'Mahmudpur South side of Katakhal', 2, 0, 0, '', 0, '2018-10-08 18:00:00', '2018-10-14 12:17:11'),
(419, 18, 5, 11, 46, 85, '10', 18, 31, 'Abul Kashem ', '[{"type":"mobile","phone":"01727600966"}]', 'Moint', 2, 0, 0, '', 0, '2018-10-08 18:00:00', '2018-10-08 18:00:00'),
(420, 18, 5, 11, 47, 466, '10', 18, 31, 'Sheikh Bacchu \n', '[{"type":"mobile","phone":"01865884287"}]', 'Charkushumhati', 2, 0, 0, '', 0, '2018-10-08 18:00:00', '2018-10-08 18:00:00'),
(421, 18, 5, 11, 48, 0, '10', 18, 31, 'Samad Mridha ', '[{"type":"mobile","phone":"01712060954"}]', '', 2, 0, 0, '', 0, '2018-10-08 18:00:00', '2018-10-08 18:00:00'),
(422, 18, 5, 11, 49, 78, '10', 18, 31, 'A. Latif Molla', '[{"type":"mobile","phone":"01728889031"}]', 'Charboita', 2, 0, 0, '', 0, '2018-10-08 18:00:00', '2018-10-08 18:00:00'),
(423, 18, 5, 11, 50, 468, '10', 18, 31, 'Md. Zahir', '[{"type":"mobile","phone":"01718905623"}]', 'Charkushaichar', 2, 0, 0, '', 0, '2018-10-08 18:00:00', '2018-10-08 18:00:00'),
(425, 18, 5, 11, 52, 468, '10', 18, 31, 'Ibrahim Talukder', '[{"type":"mobile","phone":"01732288710"}]', 'Charkushaichar', 2, 0, 0, '', 0, '2018-10-08 18:00:00', '2018-10-08 18:00:00'),
(426, 18, 5, 11, 53, 473, '10', 18, 31, 'Nur Mohammad Mridha', '[{"type":"mobile","phone":"01823866416"}]', 'Mahmudpur', 2, 0, 0, '', 0, '2018-10-08 18:00:00', '2018-10-08 18:00:00'),
(427, 18, 5, 11, 54, 473, '10', 18, 31, 'Solaiman Dewan', '[{"type":"mobile","phone":"01718780331"}]', 'Mahmudpur \nSouth side of Katakhal', 2, 0, 0, '', 0, '2018-10-08 18:00:00', '2018-10-08 18:00:00'),
(428, 18, 6, 0, 0, 0, '"4"', 16, 75, 'Zakir Hossain', '[]', '', 1, 0, NULL, NULL, NULL, '2018-10-14 11:40:01', '2018-10-14 11:40:01');

-- --------------------------------------------------------

--
-- Table structure for table `bol_election_people_groups`
--

CREATE TABLE `bol_election_people_groups` (
  `id` int(10) UNSIGNED NOT NULL,
  `name` varchar(255) COLLATE utf8mb4_unicode_ci NOT NULL,
  `sort_order` int(11) NOT NULL DEFAULT '0',
  `created_at` timestamp NULL DEFAULT NULL,
  `updated_at` timestamp NULL DEFAULT NULL,
  `parent_id` int(11) NOT NULL DEFAULT '0',
  `nest_left` int(11) DEFAULT NULL,
  `nest_right` int(11) DEFAULT NULL,
  `nest_depth` int(11) DEFAULT NULL
) ENGINE=InnoDB DEFAULT CHARSET=utf8mb4 COLLATE=utf8mb4_unicode_ci ROW_FORMAT=COMPACT;

--
-- Dumping data for table `bol_election_people_groups`
--

INSERT INTO `bol_election_people_groups` (`id`, `name`, `sort_order`, `created_at`, `updated_at`, `parent_id`, `nest_left`, `nest_right`, `nest_depth`) VALUES
(4, 'Government', 0, '2018-10-04 13:41:50', '2018-10-04 13:48:40', 0, 1, 12, 0),
(5, 'Administration', 0, '2018-10-04 13:42:04', '2018-10-04 13:45:07', 4, 2, 3, 1),
(6, 'Law Enforcement', 0, '2018-10-04 13:42:11', '2018-10-04 13:48:36', 4, 4, 11, 1),
(7, 'Police', 0, '2018-10-04 13:43:49', '2018-10-04 13:45:41', 6, 5, 6, 2),
(8, 'RAB', 0, '2018-10-04 13:43:59', '2018-10-04 13:45:58', 6, 7, 8, 2),
(9, 'Ansar & VDP', 0, '2018-10-04 13:44:08', '2018-10-04 13:48:36', 6, 9, 10, 2),
(10, 'Local Government', 0, '2018-10-04 13:44:16', '2018-10-04 13:48:40', 0, 13, 14, 0),
(11, 'Political Party', 0, '2018-10-04 13:44:27', '2018-10-04 13:44:27', 0, 15, 16, 0),
(12, 'Important People', 0, '2018-10-04 13:44:35', '2018-10-04 13:44:35', 0, 17, 18, 0);

-- --------------------------------------------------------

--
-- Table structure for table `bol_election_people_group_relation`
--

CREATE TABLE `bol_election_people_group_relation` (
  `id` int(11) NOT NULL,
  `people_id` int(11) DEFAULT NULL,
  `peoplegroup_id` int(11) DEFAULT NULL,
  `created_at` timestamp NULL DEFAULT NULL,
  `updated_at` timestamp NULL DEFAULT NULL
) ENGINE=MyISAM DEFAULT CHARSET=utf8 COLLATE=utf8_unicode_ci ROW_FORMAT=DYNAMIC;

--
-- Dumping data for table `bol_election_people_group_relation`
--

INSERT INTO `bol_election_people_group_relation` (`id`, `people_id`, `peoplegroup_id`, `created_at`, `updated_at`) VALUES
(166, 5, 0, NULL, NULL),
(820, 6, 4, NULL, NULL),
(168, 7, 0, NULL, NULL),
(169, 8, 0, NULL, NULL),
(170, 9, 0, NULL, NULL),
(171, 10, 0, NULL, NULL),
(172, 11, 0, NULL, NULL),
(821, 12, 10, NULL, NULL),
(823, 13, 10, NULL, NULL),
(825, 14, 10, NULL, NULL),
(780, 20, 4, NULL, NULL),
(603, 24, 5, NULL, NULL),
(602, 24, 4, NULL, NULL),
(179, 22, 4, NULL, NULL),
(180, 22, 7, NULL, NULL),
(795, 21, 5, NULL, NULL),
(794, 21, 4, NULL, NULL),
(647, 23, 5, NULL, NULL),
(646, 23, 4, NULL, NULL),
(619, 25, 5, NULL, NULL),
(618, 25, 4, NULL, NULL),
(621, 26, 5, NULL, NULL),
(620, 26, 4, NULL, NULL),
(808, 27, 5, NULL, NULL),
(807, 27, 4, NULL, NULL),
(627, 28, 5, NULL, NULL),
(626, 28, 4, NULL, NULL),
(725, 29, 5, NULL, NULL),
(724, 29, 4, NULL, NULL),
(730, 30, 5, NULL, NULL),
(729, 30, 4, NULL, NULL),
(736, 31, 5, NULL, NULL),
(735, 31, 4, NULL, NULL),
(636, 32, 5, NULL, NULL),
(635, 32, 4, NULL, NULL),
(680, 33, 5, NULL, NULL),
(679, 33, 4, NULL, NULL),
(653, 34, 5, NULL, NULL),
(652, 34, 4, NULL, NULL),
(792, 35, 5, NULL, NULL),
(791, 35, 4, NULL, NULL),
(657, 36, 5, NULL, NULL),
(656, 36, 4, NULL, NULL),
(660, 37, 7, NULL, NULL),
(659, 37, 4, NULL, NULL),
(663, 38, 5, NULL, NULL),
(662, 38, 4, NULL, NULL),
(669, 39, 5, NULL, NULL),
(668, 39, 4, NULL, NULL),
(674, 40, 5, NULL, NULL),
(673, 40, 4, NULL, NULL),
(682, 41, 5, NULL, NULL),
(681, 41, 4, NULL, NULL),
(687, 42, 5, NULL, NULL),
(686, 42, 4, NULL, NULL),
(690, 43, 5, NULL, NULL),
(689, 43, 4, NULL, NULL),
(695, 44, 5, NULL, NULL),
(694, 44, 4, NULL, NULL),
(698, 45, 5, NULL, NULL),
(697, 45, 4, NULL, NULL),
(703, 46, 5, NULL, NULL),
(702, 46, 4, NULL, NULL),
(706, 47, 5, NULL, NULL),
(705, 47, 4, NULL, NULL),
(709, 49, 5, NULL, NULL),
(708, 49, 4, NULL, NULL),
(775, 83, 5, NULL, NULL),
(774, 83, 4, NULL, NULL),
(637, 84, 4, NULL, NULL),
(639, 85, 4, NULL, NULL),
(764, 117, 7, NULL, NULL),
(763, 117, 4, NULL, NULL),
(779, 82, 5, NULL, NULL),
(778, 82, 4, NULL, NULL),
(644, 86, 4, NULL, NULL),
(242, 87, 4, NULL, NULL),
(243, 87, 7, NULL, NULL),
(244, 88, 4, NULL, NULL),
(245, 88, 7, NULL, NULL),
(742, 89, 4, NULL, NULL),
(793, 91, 4, NULL, NULL),
(760, 118, 5, NULL, NULL),
(759, 118, 4, NULL, NULL),
(654, 92, 4, NULL, NULL),
(665, 93, 4, NULL, NULL),
(671, 94, 4, NULL, NULL),
(784, 81, 5, NULL, NULL),
(783, 81, 4, NULL, NULL),
(684, 95, 4, NULL, NULL),
(755, 119, 5, NULL, NULL),
(754, 119, 4, NULL, NULL),
(691, 96, 4, NULL, NULL),
(692, 97, 4, NULL, NULL),
(700, 98, 4, NULL, NULL),
(615, 99, 7, NULL, NULL),
(614, 99, 4, NULL, NULL),
(643, 100, 4, NULL, NULL),
(676, 101, 4, NULL, NULL),
(785, 102, 4, NULL, NULL),
(749, 120, 5, NULL, NULL),
(748, 120, 4, NULL, NULL),
(713, 103, 4, NULL, NULL),
(789, 104, 4, NULL, NULL),
(747, 105, 4, NULL, NULL),
(751, 106, 4, NULL, NULL),
(752, 107, 4, NULL, NULL),
(746, 121, 5, NULL, NULL),
(745, 121, 4, NULL, NULL),
(753, 108, 4, NULL, NULL),
(757, 109, 4, NULL, NULL),
(762, 110, 4, NULL, NULL),
(770, 111, 4, NULL, NULL),
(772, 112, 4, NULL, NULL),
(741, 122, 5, NULL, NULL),
(740, 122, 4, NULL, NULL),
(738, 123, 5, NULL, NULL),
(737, 123, 4, NULL, NULL),
(776, 114, 4, NULL, NULL),
(769, 115, 5, NULL, NULL),
(768, 115, 4, NULL, NULL),
(766, 116, 5, NULL, NULL),
(765, 116, 4, NULL, NULL),
(733, 124, 5, NULL, NULL),
(732, 124, 4, NULL, NULL),
(727, 125, 5, NULL, NULL),
(726, 125, 4, NULL, NULL),
(722, 126, 5, NULL, NULL),
(721, 126, 4, NULL, NULL),
(712, 127, 5, NULL, NULL),
(711, 127, 4, NULL, NULL),
(298, 128, 12, NULL, NULL),
(299, 129, 10, NULL, NULL),
(811, 130, 10, NULL, NULL),
(812, 131, 10, NULL, NULL),
(813, 132, 10, NULL, NULL),
(303, 133, 10, NULL, NULL),
(304, 134, 10, NULL, NULL),
(305, 135, 10, NULL, NULL),
(306, 136, 10, NULL, NULL),
(307, 137, 10, NULL, NULL),
(308, 138, 10, NULL, NULL),
(309, 139, 10, NULL, NULL),
(310, 140, 10, NULL, NULL),
(311, 141, 10, NULL, NULL),
(312, 142, 10, NULL, NULL),
(814, 143, 10, NULL, NULL),
(815, 144, 10, NULL, NULL),
(816, 145, 10, NULL, NULL),
(316, 146, 10, NULL, NULL),
(317, 147, 10, NULL, NULL),
(318, 148, 10, NULL, NULL),
(319, 149, 10, NULL, NULL),
(320, 150, 10, NULL, NULL),
(321, 151, 10, NULL, NULL),
(322, 152, 10, NULL, NULL),
(323, 153, 10, NULL, NULL),
(324, 154, 10, NULL, NULL),
(325, 155, 10, NULL, NULL),
(864, 156, 10, NULL, NULL),
(818, 157, 10, NULL, NULL),
(819, 158, 10, NULL, NULL),
(329, 159, 10, NULL, NULL),
(330, 160, 10, NULL, NULL),
(331, 161, 10, NULL, NULL),
(332, 162, 10, NULL, NULL),
(333, 163, 10, NULL, NULL),
(334, 164, 10, NULL, NULL),
(335, 165, 10, NULL, NULL),
(336, 166, 10, NULL, NULL),
(337, 167, 10, NULL, NULL),
(338, 168, 10, NULL, NULL),
(822, 169, 10, NULL, NULL),
(824, 170, 10, NULL, NULL),
(826, 171, 10, NULL, NULL),
(342, 172, 10, NULL, NULL),
(343, 173, 10, NULL, NULL),
(344, 174, 10, NULL, NULL),
(345, 175, 10, NULL, NULL),
(346, 176, 10, NULL, NULL),
(347, 177, 10, NULL, NULL),
(348, 178, 10, NULL, NULL),
(349, 179, 10, NULL, NULL),
(350, 180, 10, NULL, NULL),
(351, 181, 10, NULL, NULL),
(829, 182, 10, NULL, NULL),
(830, 183, 10, NULL, NULL),
(831, 184, 10, NULL, NULL),
(355, 185, 10, NULL, NULL),
(356, 186, 10, NULL, NULL),
(357, 187, 10, NULL, NULL),
(358, 188, 10, NULL, NULL),
(359, 189, 10, NULL, NULL),
(360, 190, 10, NULL, NULL),
(361, 191, 10, NULL, NULL),
(362, 192, 10, NULL, NULL),
(363, 193, 10, NULL, NULL),
(364, 194, 10, NULL, NULL),
(832, 195, 10, NULL, NULL),
(833, 196, 10, NULL, NULL),
(834, 197, 10, NULL, NULL),
(368, 198, 10, NULL, NULL),
(369, 199, 10, NULL, NULL),
(370, 200, 10, NULL, NULL),
(371, 201, 10, NULL, NULL),
(372, 202, 10, NULL, NULL),
(373, 203, 10, NULL, NULL),
(374, 204, 10, NULL, NULL),
(375, 205, 10, NULL, NULL),
(376, 206, 10, NULL, NULL),
(377, 207, 10, NULL, NULL),
(835, 208, 10, NULL, NULL),
(836, 209, 10, NULL, NULL),
(837, 210, 10, NULL, NULL),
(381, 211, 10, NULL, NULL),
(382, 212, 10, NULL, NULL),
(383, 213, 10, NULL, NULL),
(384, 214, 10, NULL, NULL),
(385, 215, 10, NULL, NULL),
(386, 216, 10, NULL, NULL),
(387, 217, 10, NULL, NULL),
(388, 218, 10, NULL, NULL),
(389, 219, 10, NULL, NULL),
(390, 220, 10, NULL, NULL),
(838, 221, 10, NULL, NULL),
(839, 222, 10, NULL, NULL),
(840, 223, 10, NULL, NULL),
(394, 224, 10, NULL, NULL),
(395, 225, 10, NULL, NULL),
(396, 226, 10, NULL, NULL),
(397, 227, 10, NULL, NULL),
(841, 228, 10, NULL, NULL),
(399, 229, 10, NULL, NULL),
(400, 230, 10, NULL, NULL),
(401, 231, 10, NULL, NULL),
(402, 232, 10, NULL, NULL),
(403, 233, 10, NULL, NULL),
(842, 234, 10, NULL, NULL),
(405, 235, 10, NULL, NULL),
(843, 236, 10, NULL, NULL),
(407, 237, 10, NULL, NULL),
(408, 238, 10, NULL, NULL),
(409, 239, 10, NULL, NULL),
(410, 240, 10, NULL, NULL),
(411, 241, 10, NULL, NULL),
(412, 242, 10, NULL, NULL),
(413, 243, 10, NULL, NULL),
(414, 244, 10, NULL, NULL),
(415, 245, 10, NULL, NULL),
(416, 246, 10, NULL, NULL),
(844, 247, 10, NULL, NULL),
(845, 248, 10, NULL, NULL),
(846, 249, 10, NULL, NULL),
(420, 250, 10, NULL, NULL),
(421, 251, 10, NULL, NULL),
(422, 252, 10, NULL, NULL),
(423, 253, 10, NULL, NULL),
(424, 254, 10, NULL, NULL),
(425, 255, 10, NULL, NULL),
(426, 256, 10, NULL, NULL),
(427, 257, 10, NULL, NULL),
(428, 258, 10, NULL, NULL),
(429, 259, 10, NULL, NULL),
(849, 260, 10, NULL, NULL),
(851, 261, 10, NULL, NULL),
(853, 262, 10, NULL, NULL),
(433, 263, 10, NULL, NULL),
(434, 264, 10, NULL, NULL),
(435, 265, 10, NULL, NULL),
(436, 266, 10, NULL, NULL),
(437, 267, 10, NULL, NULL),
(438, 268, 10, NULL, NULL),
(439, 269, 10, NULL, NULL),
(440, 270, 10, NULL, NULL),
(441, 271, 10, NULL, NULL),
(442, 272, 10, NULL, NULL),
(856, 273, 10, NULL, NULL),
(857, 274, 10, NULL, NULL),
(858, 275, 10, NULL, NULL),
(446, 276, 10, NULL, NULL),
(447, 277, 10, NULL, NULL),
(448, 278, 10, NULL, NULL),
(449, 279, 10, NULL, NULL),
(450, 280, 10, NULL, NULL),
(451, 281, 10, NULL, NULL),
(452, 282, 10, NULL, NULL),
(453, 283, 10, NULL, NULL),
(454, 284, 10, NULL, NULL),
(455, 285, 10, NULL, NULL),
(852, 286, 10, NULL, NULL),
(854, 287, 10, NULL, NULL),
(855, 288, 10, NULL, NULL),
(459, 289, 10, NULL, NULL),
(460, 290, 10, NULL, NULL),
(461, 291, 10, NULL, NULL),
(462, 292, 10, NULL, NULL),
(463, 293, 10, NULL, NULL),
(464, 294, 10, NULL, NULL),
(465, 295, 10, NULL, NULL),
(466, 296, 10, NULL, NULL),
(467, 297, 10, NULL, NULL),
(468, 298, 10, NULL, NULL),
(847, 299, 10, NULL, NULL),
(848, 300, 10, NULL, NULL),
(850, 301, 10, NULL, NULL),
(472, 302, 10, NULL, NULL),
(473, 303, 10, NULL, NULL),
(474, 304, 10, NULL, NULL),
(475, 305, 10, NULL, NULL),
(476, 306, 10, NULL, NULL),
(477, 307, 10, NULL, NULL),
(478, 308, 10, NULL, NULL),
(479, 309, 10, NULL, NULL),
(480, 310, 10, NULL, NULL),
(601, 312, 10, NULL, NULL),
(616, 313, 10, NULL, NULL),
(617, 314, 10, NULL, NULL),
(625, 315, 10, NULL, NULL),
(630, 316, 10, NULL, NULL),
(631, 317, 10, NULL, NULL),
(632, 318, 10, NULL, NULL),
(633, 319, 10, NULL, NULL),
(634, 320, 10, NULL, NULL),
(640, 321, 10, NULL, NULL),
(641, 322, 10, NULL, NULL),
(642, 323, 10, NULL, NULL),
(645, 324, 10, NULL, NULL),
(648, 325, 10, NULL, NULL),
(649, 326, 10, NULL, NULL),
(650, 327, 10, NULL, NULL),
(651, 328, 10, NULL, NULL),
(658, 329, 10, NULL, NULL),
(661, 330, 10, NULL, NULL),
(664, 331, 10, NULL, NULL),
(667, 332, 10, NULL, NULL),
(670, 333, 10, NULL, NULL),
(675, 334, 10, NULL, NULL),
(678, 335, 10, NULL, NULL),
(683, 336, 10, NULL, NULL),
(688, 337, 10, NULL, NULL),
(696, 338, 10, NULL, NULL),
(699, 339, 10, NULL, NULL),
(704, 340, 10, NULL, NULL),
(707, 341, 10, NULL, NULL),
(710, 342, 10, NULL, NULL),
(717, 343, 10, NULL, NULL),
(718, 344, 10, NULL, NULL),
(723, 345, 10, NULL, NULL),
(728, 346, 10, NULL, NULL),
(731, 347, 10, NULL, NULL),
(734, 348, 10, NULL, NULL),
(739, 349, 10, NULL, NULL),
(744, 350, 10, NULL, NULL),
(750, 351, 10, NULL, NULL),
(756, 352, 10, NULL, NULL),
(758, 353, 10, NULL, NULL),
(761, 354, 10, NULL, NULL),
(767, 355, 10, NULL, NULL),
(771, 356, 10, NULL, NULL),
(773, 357, 10, NULL, NULL),
(777, 358, 10, NULL, NULL),
(782, 359, 10, NULL, NULL),
(787, 360, 10, NULL, NULL),
(788, 361, 10, NULL, NULL),
(790, 362, 10, NULL, NULL),
(796, 363, 10, NULL, NULL),
(797, 364, 10, NULL, NULL),
(798, 365, 10, NULL, NULL),
(799, 366, 10, NULL, NULL),
(800, 367, 10, NULL, NULL),
(801, 368, 10, NULL, NULL),
(538, 369, 10, NULL, NULL),
(539, 370, 10, NULL, NULL),
(802, 371, 10, NULL, NULL),
(803, 372, 10, NULL, NULL),
(804, 373, 10, NULL, NULL),
(805, 374, 10, NULL, NULL),
(806, 375, 10, NULL, NULL),
(810, 376, 10, NULL, NULL),
(827, 377, 10, NULL, NULL),
(817, 378, 10, NULL, NULL),
(828, 379, 10, NULL, NULL),
(549, 380, 10, NULL, NULL),
(550, 381, 10, NULL, NULL),
(869, 382, 10, NULL, NULL),
(552, 383, 10, NULL, NULL),
(553, 384, 10, NULL, NULL),
(554, 385, 10, NULL, NULL),
(870, 386, 10, NULL, NULL),
(556, 387, 10, NULL, NULL),
(557, 388, 10, NULL, NULL),
(558, 389, 10, NULL, NULL),
(866, 390, 10, NULL, NULL),
(867, 391, 10, NULL, NULL),
(868, 392, 10, NULL, NULL),
(562, 393, 10, NULL, NULL),
(563, 394, 10, NULL, NULL),
(564, 395, 10, NULL, NULL),
(565, 396, 10, NULL, NULL),
(566, 397, 10, NULL, NULL),
(567, 398, 10, NULL, NULL),
(568, 399, 10, NULL, NULL),
(569, 400, 10, NULL, NULL),
(570, 401, 10, NULL, NULL),
(571, 402, 10, NULL, NULL),
(572, 403, 10, NULL, NULL),
(573, 404, 10, NULL, NULL),
(574, 405, 10, NULL, NULL),
(575, 406, 10, NULL, NULL),
(576, 407, 10, NULL, NULL),
(577, 408, 10, NULL, NULL),
(578, 409, 10, NULL, NULL),
(579, 410, 10, NULL, NULL),
(580, 411, 10, NULL, NULL),
(862, 412, 10, NULL, NULL),
(863, 413, 10, NULL, NULL),
(865, 414, 10, NULL, NULL),
(584, 415, 10, NULL, NULL),
(859, 416, 10, NULL, NULL),
(860, 417, 10, NULL, NULL),
(861, 418, 10, NULL, NULL),
(588, 419, 10, NULL, NULL),
(589, 420, 10, NULL, NULL),
(590, 421, 10, NULL, NULL),
(591, 422, 10, NULL, NULL),
(592, 423, 10, NULL, NULL),
(593, 424, 10, NULL, NULL),
(594, 425, 10, NULL, NULL),
(595, 426, 10, NULL, NULL),
(596, 427, 10, NULL, NULL),
(629, 90, 5, NULL, NULL),
(628, 90, 4, NULL, NULL),
(638, 84, 5, NULL, NULL),
(655, 92, 5, NULL, NULL),
(666, 93, 5, NULL, NULL),
(672, 94, 5, NULL, NULL),
(677, 101, 5, NULL, NULL),
(685, 95, 5, NULL, NULL),
(693, 97, 5, NULL, NULL),
(701, 98, 5, NULL, NULL),
(714, 103, 5, NULL, NULL),
(743, 89, 5, NULL, NULL),
(781, 20, 5, NULL, NULL),
(786, 102, 5, NULL, NULL),
(809, 428, 4, NULL, NULL);

-- --------------------------------------------------------

--
-- Table structure for table `bol_election_union`
--

CREATE TABLE `bol_election_union` (
  `id` int(11) NOT NULL,
  `name` text COLLATE utf8_unicode_ci NOT NULL,
  `union_number` int(11) NOT NULL DEFAULT '0',
  `district_id` int(11) NOT NULL,
  `upazila_id` int(11) DEFAULT NULL,
  `created_at` timestamp NULL DEFAULT NULL,
  `updated_at` timestamp NULL DEFAULT NULL
) ENGINE=MyISAM DEFAULT CHARSET=utf8 COLLATE=utf8_unicode_ci ROW_FORMAT=DYNAMIC;

--
-- Dumping data for table `bol_election_union`
--

INSERT INTO `bol_election_union` (`id`, `name`, `union_number`, `district_id`, `upazila_id`, `created_at`, `updated_at`) VALUES
(6, 'Kushumhati', 2, 18, 5, '2018-10-03 09:56:31', '2018-10-06 10:44:03'),
(5, 'Nayabari', 1, 18, 5, '2018-10-03 09:55:51', '2018-10-03 09:55:51'),
(7, 'Raipara', 3, 18, 5, '2018-10-03 09:57:06', '2018-10-03 09:57:06'),
(8, 'Sutarpara', 5, 18, 5, '2018-10-03 09:57:28', '2018-10-03 09:57:28'),
(9, 'Narisha', 6, 18, 5, '2018-10-03 09:57:51', '2018-10-03 09:57:51'),
(10, 'Muksudpur', 7, 18, 5, '2018-10-03 09:58:12', '2018-10-03 09:58:12'),
(11, 'Mahmudpur', 8, 18, 5, '2018-10-03 09:58:36', '2018-10-03 09:58:36'),
(12, 'Bilaspur', 9, 18, 5, '2018-10-03 09:59:05', '2018-10-03 12:58:15'),
(13, 'Shikaripara', 10, 18, 6, '2018-10-03 12:46:37', '2018-10-03 12:46:37'),
(14, 'Joykrishnapur', 11, 18, 6, '2018-10-03 12:48:01', '2018-10-03 12:48:01'),
(15, 'Baruakhali', 12, 18, 6, '2018-10-03 12:48:37', '2018-10-03 12:48:37'),
(16, 'Nayansree', 13, 18, 6, '2018-10-03 12:50:49', '2018-10-03 12:50:49'),
(17, 'Sholla', 14, 18, 6, '2018-10-03 12:51:33', '2018-10-03 12:51:33'),
(18, 'Jantrail', 15, 18, 6, '2018-10-03 12:52:00', '2018-10-03 12:52:00'),
(19, 'Bandura', 16, 18, 6, '2018-10-03 12:52:20', '2018-10-03 12:52:20'),
(20, 'Kalakopa', 17, 18, 6, '2018-10-03 12:52:53', '2018-10-03 12:52:53'),
(21, 'Bakshanagar', 18, 18, 6, '2018-10-03 12:53:17', '2018-10-03 12:53:17'),
(22, 'Barrah', 19, 18, 6, '2018-10-03 12:53:41', '2018-10-03 12:53:41'),
(23, 'Kailail', 20, 18, 6, '2018-10-03 12:54:08', '2018-10-03 12:54:08'),
(24, 'Agla', 21, 18, 6, '2018-10-03 12:54:33', '2018-10-03 12:54:33'),
(25, 'Galimpur', 22, 18, 6, '2018-10-03 12:54:54', '2018-10-03 12:54:54'),
(26, 'Churain', 23, 18, 6, '2018-10-03 12:55:20', '2018-10-03 12:55:20'),
(27, 'Dohar Pourashava', 4, 18, 5, '2018-10-06 11:39:24', '2018-10-06 11:39:24');

-- --------------------------------------------------------

--
-- Table structure for table `bol_election_upazila`
--

CREATE TABLE `bol_election_upazila` (
  `id` int(11) NOT NULL,
  `district_id` int(11) NOT NULL,
  `name` text COLLATE utf8_unicode_ci NOT NULL,
  `created_at` timestamp NULL DEFAULT NULL,
  `updated_at` timestamp NULL DEFAULT NULL
) ENGINE=MyISAM DEFAULT CHARSET=utf8 COLLATE=utf8_unicode_ci ROW_FORMAT=DYNAMIC;

--
-- Dumping data for table `bol_election_upazila`
--

INSERT INTO `bol_election_upazila` (`id`, `district_id`, `name`, `created_at`, `updated_at`) VALUES
(6, 18, 'Nawabganj', '2018-10-03 12:45:38', '2018-10-03 12:50:58'),
(5, 18, 'Dohar', '2018-10-03 09:55:09', '2018-10-03 09:55:09');

-- --------------------------------------------------------

--
-- Table structure for table `bol_election_village`
--

CREATE TABLE `bol_election_village` (
  `id` int(11) NOT NULL,
  `name` text COLLATE utf8_unicode_ci NOT NULL,
  `district_id` int(11) NOT NULL,
  `upazila_id` int(11) DEFAULT NULL,
  `union_id` int(11) DEFAULT NULL,
  `ward_id` int(11) DEFAULT NULL,
  `village_number` varchar(2) COLLATE utf8_unicode_ci NOT NULL,
  `female_voter` int(11) NOT NULL,
  `male_voter` int(11) NOT NULL,
  `created_at` timestamp NULL DEFAULT NULL,
  `updated_at` timestamp NULL DEFAULT NULL
) ENGINE=MyISAM DEFAULT CHARSET=utf8 COLLATE=utf8_unicode_ci ROW_FORMAT=DYNAMIC;

--
-- Dumping data for table `bol_election_village`
--

INSERT INTO `bol_election_village` (`id`, `name`, `district_id`, `upazila_id`, `union_id`, `ward_id`, `village_number`, `female_voter`, `male_voter`, `created_at`, `updated_at`) VALUES
(1, 'North Arongabad', 18, 5, 5, 1, '01', 364, 399, '2018-10-02 18:00:00', '2018-10-08 04:55:42'),
(2, 'Moddho Arongabad', 18, 5, 5, 2, '04', 420, 477, '0000-00-00 00:00:00', '2018-10-08 04:55:32'),
(3, 'South Arongabad', 18, 5, 5, 3, '02', 321, 329, '0000-00-00 00:00:00', '2018-10-08 04:55:50'),
(4, 'Pankunda', 18, 5, 5, 4, '01', 646, 663, '0000-00-00 00:00:00', '2018-10-11 06:34:24'),
(5, 'Bahra', 18, 5, 5, 5, '03', 1256, 1265, '0000-00-00 00:00:00', '2018-10-11 06:36:23'),
(6, 'Asta', 18, 5, 5, 6, '01', 1197, 1192, '0000-00-00 00:00:00', '2018-10-06 10:40:18'),
(9, 'East Dhoyair', 18, 5, 5, 9, '01', 767, 741, '0000-00-00 00:00:00', '2018-10-11 06:40:05'),
(10, 'North Shilakotha', 18, 5, 6, 10, '01', 931, 830, '0000-00-00 00:00:00', '2018-10-06 10:44:40'),
(11, 'South Shilakotha', 18, 5, 6, 11, '02', 1431, 1376, '0000-00-00 00:00:00', '2018-10-06 10:45:14'),
(12, 'Deovogh', 18, 5, 6, 12, '03', 87, 95, '0000-00-00 00:00:00', '2018-10-06 10:46:21'),
(13, 'Charpurulia', 18, 5, 6, 12, '01', 174, 170, '0000-00-00 00:00:00', '2018-10-11 06:50:29'),
(14, 'Sundharipara', 18, 5, 6, 12, '02', 1125, 1005, '0000-00-00 00:00:00', '2018-10-06 10:47:04'),
(15, 'Kartikpur', 18, 5, 6, 13, '01', 984, 928, '0000-00-00 00:00:00', '0000-00-00 00:00:00'),
(17, 'Boro Rasta Part (Part of 5no Ward)', 18, 5, 6, 14, '01', 805, 697, '0000-00-00 00:00:00', '2018-10-06 10:57:16'),
(18, 'Boro Rasta Part (Part of 6no Ward)', 18, 5, 6, 15, '02', 483, 409, '0000-00-00 00:00:00', '2018-10-06 10:57:29'),
(19, 'Choto Rasta', 18, 5, 6, 15, '03', 128, 131, '0000-00-00 00:00:00', '2018-10-06 10:57:46'),
(20, 'Babur Dangi', 18, 5, 6, 15, '04', 170, 171, '0000-00-00 00:00:00', '2018-10-06 10:58:05'),
(21, 'Charkushai (part of 7 no ward )', 18, 5, 6, 16, '01', 1149, 1101, '0000-00-00 00:00:00', '2018-10-11 06:54:31'),
(23, 'Charkushai (part of 8 no ward)', 18, 5, 6, 17, '02', 625, 563, '0000-00-00 00:00:00', '2018-10-06 10:59:29'),
(25, 'Mahtabnagar', 18, 5, 6, 18, '04', 180, 170, '0000-00-00 00:00:00', '2018-10-06 11:01:38'),
(26, 'Arita', 18, 5, 6, 18, '02', 292, 252, '0000-00-00 00:00:00', '0000-00-00 00:00:00'),
(27, 'Awliyabad', 18, 5, 6, 18, '01', 396, 396, '0000-00-00 00:00:00', '2018-10-06 11:01:06'),
(28, 'Imamnagar', 18, 5, 6, 18, '03', 219, 188, '0000-00-00 00:00:00', '2018-10-06 11:01:25'),
(29, 'Ikrashi  North', 18, 5, 7, 19, '01', 903, 831, '0000-00-00 00:00:00', '2018-10-06 11:25:19'),
(31, 'Haturpara', 18, 5, 7, 20, '02', 171, 138, '0000-00-00 00:00:00', '2018-10-11 10:45:21'),
(32, 'Palamganj', 18, 5, 7, 20, '01', 271, 307, '0000-00-00 00:00:00', '2018-10-06 11:26:02'),
(33, 'Jamalchar', 18, 5, 7, 21, '03', 457, 438, '0000-00-00 00:00:00', '2018-10-11 07:11:55'),
(34, 'Karimganj', 18, 5, 7, 21, '02', 108, 74, '0000-00-00 00:00:00', '2018-10-06 11:26:51'),
(35, 'Roghudebpur', 18, 5, 7, 22, '01', 139, 134, '0000-00-00 00:00:00', '2018-10-06 11:26:34'),
(36, 'Raipara North', 18, 5, 7, 22, '01', 1391, 1383, '0000-00-00 00:00:00', '2018-10-06 11:27:14'),
(608, 'Middle Dhoyair', 18, 5, 5, 1, '02', 641, 650, '2018-10-06 20:20:57', '2018-10-11 06:38:47'),
(607, 'West Dhoyair', 18, 5, 5, 1, '01', 722, 769, '2018-10-06 20:19:47', '2018-10-11 06:37:37'),
(44, 'Katakhali', 18, 5, 8, 28, '01', 773, 707, '0000-00-00 00:00:00', '2018-10-06 19:13:31'),
(46, 'Banaghata (West part)', 18, 5, 8, 30, '01', 1165, 1092, '0000-00-00 00:00:00', '2018-10-06 19:14:42'),
(47, 'Dohar ghata', 18, 5, 8, 31, '01', 1955, 1875, '0000-00-00 00:00:00', '2018-10-11 07:34:46'),
(48, 'Dohar', 18, 5, 8, 32, '01', 1010, 920, '0000-00-00 00:00:00', '2018-10-06 19:16:26'),
(49, 'Modhurchar (east part)', 18, 5, 8, 33, '02', 435, 412, '0000-00-00 00:00:00', '2018-10-11 07:36:48'),
(50, 'West Sutarpara', 18, 5, 8, 34, '01', 1213, 1090, '0000-00-00 00:00:00', '2018-10-06 19:21:06'),
(51, 'Kajirchar', 18, 5, 8, 35, '01', 621, 599, '0000-00-00 00:00:00', '2018-10-06 19:16:44'),
(52, 'East Sutarpara (west part)', 18, 5, 8, 36, '01', 605, 525, '0000-00-00 00:00:00', '2018-10-06 19:22:19'),
(53, 'Gajirtek', 18, 5, 8, 36, '01', 857, 742, '0000-00-00 00:00:00', '2018-10-06 19:21:29'),
(54, 'Daiyarkum', 18, 5, 8, 36, '01', 486, 440, '0000-00-00 00:00:00', '2018-10-06 19:23:40'),
(55, 'Daiya Gojariya', 18, 5, 8, 36, '02', 647, 600, '0000-00-00 00:00:00', '2018-10-06 19:24:00'),
(57, 'Gharmora', 18, 5, 8, 36, '03', 271, 274, '0000-00-00 00:00:00', '2018-10-06 19:24:16'),
(58, 'Munsikanda', 18, 5, 8, 36, '04', 249, 253, '0000-00-00 00:00:00', '2018-10-06 19:25:25'),
(59, 'Mokshudpur (Part of 1 no ward)', 18, 5, 10, 37, '02', 481, 442, '0000-00-00 00:00:00', '2018-10-06 14:23:48'),
(60, 'Mokshudpur (part of 2 no Ward)', 18, 5, 10, 38, '01', 750, 721, '0000-00-00 00:00:00', '2018-10-06 14:24:09'),
(61, 'Mokshudpur (Part of 3 no ward)', 18, 5, 10, 39, '02', 916, 802, '0000-00-00 00:00:00', '2018-10-06 14:24:32'),
(62, 'Dhalarpar', 18, 5, 10, 40, '02', 468, 447, '0000-00-00 00:00:00', '2018-10-06 19:33:09'),
(63, 'Khariya  North', 18, 5, 10, 40, '01', 304, 291, '0000-00-00 00:00:00', '2018-10-06 19:32:45'),
(64, 'Khasertek', 18, 5, 10, 40, '01', 137, 139, '0000-00-00 00:00:00', '2018-10-06 19:34:18'),
(65, 'Baniyabari', 18, 5, 10, 40, '02', 267, 273, '0000-00-00 00:00:00', '2018-10-06 19:34:33'),
(67, 'Bethuya', 18, 5, 10, 41, '03', 958, 973, '0000-00-00 00:00:00', '2018-10-06 19:34:56'),
(68, 'Ultadangi (shantinagar)', 18, 5, 10, 42, '04', 133, 124, '0000-00-00 00:00:00', '2018-10-06 19:33:45'),
(69, 'South Modhurkhola', 18, 5, 10, 42, '02', 493, 482, '0000-00-00 00:00:00', '2018-10-06 19:36:08'),
(70, 'Modhurkhola', 18, 5, 10, 42, '01', 529, 559, '0000-00-00 00:00:00', '2018-10-11 09:03:52'),
(71, 'Moitpara', 18, 5, 10, 43, '02', 973, 939, '0000-00-00 00:00:00', '2018-10-06 19:37:06'),
(74, 'Chatravog', 18, 5, 10, 44, '01', 63, 42, '0000-00-00 00:00:00', '2018-10-06 19:37:35'),
(76, 'Dhitpur', 18, 5, 10, 45, '02', 999, 1009, '0000-00-00 00:00:00', '2018-10-06 19:38:30'),
(77, 'Moura North', 18, 5, 10, 45, '01', 914, 938, '0000-00-00 00:00:00', '2018-10-06 19:38:14'),
(78, 'Charboita', 18, 5, 11, 46, '07', 417, 383, '0000-00-00 00:00:00', '2018-10-06 19:54:10'),
(79, 'Char Bilashpur', 18, 5, 11, 47, '02', 40, 57, '0000-00-00 00:00:00', '2018-10-06 19:56:54'),
(81, 'Harichandi', 18, 5, 11, 49, '01', 568, 565, '0000-00-00 00:00:00', '2018-10-06 19:56:40'),
(82, 'Hosenpur', 18, 5, 11, 50, '05', 27, 26, '0000-00-00 00:00:00', '2018-10-06 19:53:36'),
(85, 'Moinot', 18, 5, 11, 53, '02', 5, 4, '0000-00-00 00:00:00', '2018-10-06 19:52:57'),
(86, 'Narayanpur', 18, 5, 11, 54, '02', 291, 348, '0000-00-00 00:00:00', '2018-10-06 19:54:46'),
(87, 'Purulia', 18, 5, 11, 54, '01', 126, 142, '0000-00-00 00:00:00', '2018-10-06 19:52:02'),
(88, 'Mahmudpur(north side of Katakhal)', 18, 5, 11, 54, '02', 729, 827, '0000-00-00 00:00:00', '2018-10-06 19:56:20'),
(90, 'Shrikrishnapur', 18, 5, 11, 54, '01', 381, 425, '0000-00-00 00:00:00', '2018-10-11 09:11:45'),
(91, 'Bilaspur', 18, 5, 12, 55, '01', 463, 435, '0000-00-00 00:00:00', '2018-10-06 19:58:17'),
(92, 'Choto Ramnathpur', 18, 5, 12, 55, '02', 234, 274, '0000-00-00 00:00:00', '2018-10-06 19:58:39'),
(93, 'Hajharbigha', 18, 5, 12, 56, '03', 296, 339, '0000-00-00 00:00:00', '2018-10-06 19:59:10'),
(94, 'Alamkhachar', 18, 5, 12, 56, '01', 123, 95, '0000-00-00 00:00:00', '2018-10-06 20:05:04'),
(95, 'Alinagar', 18, 5, 12, 56, '04', 64, 95, '0000-00-00 00:00:00', '2018-10-06 19:59:27'),
(97, 'Majhirchar', 18, 5, 12, 57, '02', 280, 308, '0000-00-00 00:00:00', '2018-10-06 20:00:21'),
(98, 'Boro Ramnathpur', 18, 5, 12, 57, '01', 351, 366, '0000-00-00 00:00:00', '2018-10-06 20:00:07'),
(99, 'Purbachar', 18, 5, 12, 58, '01', 272, 298, '0000-00-00 00:00:00', '2018-10-06 20:03:13'),
(100, 'Radhanagar North', 18, 5, 12, 58, '02', 351, 356, '0000-00-00 00:00:00', '2018-10-11 09:23:50'),
(101, 'Radhanagar South', 18, 5, 12, 59, '01', 513, 505, '0000-00-00 00:00:00', '2018-10-06 20:07:25'),
(606, 'Matabpur', 18, 6, 23, 154, '01', 634, 567, '2018-10-06 20:03:49', '2018-10-06 21:20:31'),
(103, 'Kutubpur', 18, 5, 12, 61, '02', 467, 479, '0000-00-00 00:00:00', '2018-10-06 20:05:31'),
(104, 'Debinagar South', 18, 5, 12, 62, '03', 794, 872, '0000-00-00 00:00:00', '2018-10-06 20:05:58'),
(105, 'Kulchuri', 18, 5, 12, 63, '02', 431, 496, '0000-00-00 00:00:00', '2018-10-06 20:07:45'),
(106, 'Krishnadebpur', 18, 5, 12, 63, '03', 138, 148, '0000-00-00 00:00:00', '2018-10-06 20:08:06'),
(107, 'Anondanagar', 18, 6, 13, 64, '02', 226, 253, '2018-10-05 18:00:00', '2018-10-06 20:24:55'),
(108, 'Monikanda', 18, 6, 13, 64, '01', 603, 581, '2018-10-05 18:00:00', '2018-10-06 20:24:42'),
(109, 'Moheshpur', 18, 6, 13, 65, '03', 181, 172, '2018-10-05 18:00:00', '2018-10-06 20:26:04'),
(110, 'Bishompur', 18, 6, 13, 65, '03', 352, 367, '2018-10-05 18:00:00', '2018-10-11 11:37:20'),
(111, 'Sonatola', 18, 6, 13, 65, '02', 258, 257, '2018-10-05 18:00:00', '2018-10-06 20:25:51'),
(112, 'Shibpur', 18, 6, 13, 66, '01', 240, 187, '2018-10-05 18:00:00', '2018-10-06 20:25:27'),
(114, 'Notti', 18, 6, 13, 66, '07', 149, 132, '2018-10-05 18:00:00', '2018-10-11 11:39:25'),
(115, 'Nurpur', 18, 6, 13, 66, '06', 141, 139, '2018-10-05 18:00:00', '2018-10-06 20:29:13'),
(116, 'Vodrokanda', 18, 6, 13, 66, '04', 82, 75, '2018-10-05 18:00:00', '2018-10-06 20:26:16'),
(117, 'Shikaripara', 18, 6, 13, 67, '01', 872, 838, '2018-10-05 18:00:00', '2018-10-11 09:34:35'),
(118, 'Kondrabpur', 18, 6, 13, 67, '02', 161, 149, '2018-10-05 18:00:00', '2018-10-11 09:34:10'),
(119, 'Lashkarkanda', 18, 6, 13, 68, '04', 191, 190, '2018-10-05 18:00:00', '2018-10-11 09:32:58'),
(120, 'Charbaghuri', 18, 6, 13, 68, '03', 59, 61, '2018-10-05 18:00:00', '2018-10-11 09:33:32'),
(121, 'Hagradi', 18, 6, 13, 68, '02', 612, 578, '2018-10-05 18:00:00', '2018-10-06 20:34:58'),
(122, 'Narsinghapur', 18, 6, 13, 68, '01', 85, 85, '2018-10-05 18:00:00', '2018-10-11 09:37:06'),
(123, 'Noyadangi', 18, 6, 13, 68, '03', 94, 84, '2018-10-05 18:00:00', '2018-10-06 20:35:13'),
(124, 'Garibpur', 18, 6, 13, 69, '04', 420, 339, '2018-10-05 18:00:00', '2018-10-06 20:35:30'),
(125, 'Boktarnagar', 18, 6, 13, 69, '05', 626, 584, '2018-10-05 18:00:00', '2018-10-06 20:35:49'),
(126, 'Sherpur', 18, 6, 13, 70, '02', 286, 251, '2018-10-05 18:00:00', '2018-10-06 20:37:14'),
(127, 'Sujapur', 18, 6, 13, 70, '03', 458, 392, '2018-10-05 18:00:00', '2018-10-06 20:37:42'),
(128, 'Narayanpur', 18, 6, 13, 71, '01', 301, 287, '2018-10-05 18:00:00', '2018-10-06 20:37:01'),
(129, 'Daudpur', 18, 6, 13, 71, '03', 371, 409, '2018-10-05 18:00:00', '2018-10-06 20:36:43'),
(130, 'Panjiprohori', 18, 6, 13, 72, '02', 456, 460, '2018-10-05 18:00:00', '2018-10-06 20:36:25'),
(131, 'Gongadiya', 18, 6, 13, 72, '01', 216, 230, '2018-10-05 18:00:00', '2018-10-06 20:36:08'),
(132, 'Shonabajhu', 18, 6, 14, 73, '01', 1151, 1144, '2018-10-05 18:00:00', '2018-10-06 20:39:37'),
(133, 'Shankardiya', 18, 6, 14, 74, '01', 296, 293, '2018-10-05 18:00:00', '2018-10-06 20:38:21'),
(134, 'Bahadurpur', 18, 6, 14, 74, '03', 229, 202, '2018-10-05 18:00:00', '2018-10-06 20:40:30'),
(135, 'Joykrishnapur', 18, 6, 14, 74, '04', 197, 174, '2018-10-05 18:00:00', '2018-10-06 20:39:03'),
(136, 'Shyampur', 18, 6, 14, 74, '02', 70, 66, '2018-10-05 18:00:00', '2018-10-06 20:38:31'),
(137, 'Gojariay', 18, 6, 14, 74, '05', 68, 74, '2018-10-05 18:00:00', '2018-10-06 20:39:19'),
(138, 'Bilchuri', 18, 6, 14, 74, '03', 17, 19, '2018-10-05 18:00:00', '2018-10-06 20:38:45'),
(139, 'Kollyanshri', 18, 6, 14, 75, '02', 308, 286, '2018-10-05 18:00:00', '2018-10-06 20:40:13'),
(140, 'Titopoldiya', 18, 6, 14, 75, '01', 244, 277, '2018-10-05 18:00:00', '2018-10-06 20:39:57'),
(141, 'Panikawr', 18, 6, 14, 75, '04', 197, 214, '2018-10-05 18:00:00', '2018-10-06 20:40:44'),
(142, 'Kuthuri', 18, 6, 14, 76, '01', 601, 587, '2018-10-05 18:00:00', '2018-10-06 20:41:02'),
(143, 'Bamuahati', 18, 6, 14, 76, '04', 137, 152, '2018-10-05 18:00:00', '2018-10-11 11:45:10'),
(144, 'Brahmangram', 18, 6, 14, 76, '05', 61, 61, '2018-10-05 18:00:00', '2018-10-06 20:42:25'),
(145, 'Ashoypur', 18, 6, 14, 76, '02', 271, 280, '2018-10-05 18:00:00', '2018-10-06 20:41:14'),
(146, 'Raypur', 18, 6, 14, 77, '04', 323, 293, '2018-10-05 18:00:00', '2018-10-06 20:42:03'),
(147, 'Kedharpur', 18, 6, 14, 77, '03', 182, 176, '2018-10-05 18:00:00', '2018-10-06 20:43:32'),
(148, 'Ghoshail', 18, 6, 14, 78, '01', 481, 458, '2018-10-05 18:00:00', '2018-10-06 20:42:55'),
(149, 'Ar Ghoshai', 18, 6, 14, 78, '02', 251, 262, '2018-10-05 18:00:00', '2018-10-06 20:43:16'),
(605, 'Debinagar North', 18, 5, 12, 55, '03', 381, 316, '2018-10-06 20:01:30', '2018-10-06 20:01:30'),
(152, 'Rajhapur Noyadangi', 18, 6, 14, 79, '05', 38, 36, '2018-10-05 18:00:00', '2018-10-06 20:45:22'),
(153, 'Bataimuri', 18, 6, 14, 79, '04', 9, 11, '2018-10-05 18:00:00', '2018-10-06 20:46:40'),
(154, 'Balenga', 18, 6, 14, 80, '02', 497, 535, '2018-10-05 18:00:00', '2018-10-06 20:44:18'),
(155, 'Dhoyair', 18, 6, 14, 80, '04', 44, 38, '2018-10-05 18:00:00', '2018-10-06 20:44:47'),
(156, 'Purbachak', 18, 6, 14, 81, '01', 41, 42, '2018-10-05 18:00:00', '2018-10-06 20:45:55'),
(157, 'Mothbari', 18, 6, 14, 81, '03', 59, 75, '2018-10-05 18:00:00', '2018-10-06 20:46:25'),
(158, 'Charakhali', 18, 6, 14, 81, '02', 125, 118, '2018-10-05 18:00:00', '2018-10-06 20:46:09'),
(159, 'Batoijuri', 18, 6, 14, 81, '06', 29, 18, '2018-10-05 18:00:00', '2018-10-06 20:45:38'),
(160, 'Daktarkanda', 18, 6, 15, 82, '02', 36, 42, '2018-10-05 18:00:00', '2018-10-06 20:48:35'),
(161, 'Baherchar', 18, 6, 15, 82, '01', 400, 342, '2018-10-05 18:00:00', '2018-10-06 20:48:24'),
(162, 'Baruakhali North', 18, 6, 15, 82, '01', 194, 201, '2018-10-05 18:00:00', '2018-10-06 20:47:21'),
(604, 'West Chok Baharra', 18, 6, 22, 0, '03', 226, 177, '2018-10-06 20:01:02', '2018-10-06 21:56:10'),
(165, 'Madla', 18, 6, 15, 83, '02', 203, 216, '2018-10-05 18:00:00', '2018-10-06 20:47:34'),
(166, 'Baruakhali South', 18, 6, 15, 83, '04', 546, 529, '2018-10-05 18:00:00', '2018-10-06 20:48:05'),
(167, 'Chakbarilla', 18, 6, 15, 84, '03', 129, 121, '2018-10-05 18:00:00', '2018-10-06 20:47:47'),
(168, 'Dhirrghogram', 18, 6, 15, 84, '04', 356, 325, '2018-10-05 18:00:00', '2018-10-06 20:52:44'),
(169, 'Joinotpur', 18, 6, 15, 84, '03', 106, 108, '2018-10-05 18:00:00', '2018-10-06 20:52:31'),
(170, 'Vangagora', 18, 6, 15, 84, '06', 124, 134, '2018-10-05 18:00:00', '2018-10-06 20:53:11'),
(171, 'Kar Para', 18, 6, 15, 84, '01', 242, 227, '2018-10-05 18:00:00', '2018-10-06 20:52:03'),
(172, 'Dorikandi', 18, 6, 15, 85, '01', 108, 101, '2018-10-05 18:00:00', '2018-10-11 11:50:26'),
(173, 'Veramuriya', 18, 6, 15, 85, '02', 253, 252, '2018-10-05 18:00:00', '2018-10-06 20:49:36'),
(174, 'Kandabarilla', 18, 6, 15, 85, '04', 497, 497, '2018-10-05 18:00:00', '2018-10-06 20:50:04'),
(175, 'Kumarbarilla', 18, 6, 15, 85, '03', 387, 377, '2018-10-05 18:00:00', '2018-10-06 20:49:49'),
(176, 'Borobarilla', 18, 6, 15, 86, '05', 109, 118, '2018-10-05 18:00:00', '2018-10-06 20:50:17'),
(177, 'Chatrapur', 18, 6, 15, 86, '02', 170, 165, '2018-10-05 18:00:00', '2018-10-06 20:52:19'),
(178, 'Shiyaljaan', 18, 6, 15, 86, '05', 41, 29, '2018-10-05 18:00:00', '2018-10-06 20:52:55'),
(179, 'Munshinagar', 18, 6, 15, 87, '06', 409, 344, '2018-10-05 18:00:00', '2018-10-11 10:24:09'),
(180, 'Alalpur North', 18, 6, 15, 87, '07', 275, 273, '2018-10-05 18:00:00', '2018-10-11 10:24:26'),
(181, 'Alalpur South', 18, 6, 15, 88, '05', 357, 327, '2018-10-05 18:00:00', '2018-10-11 10:23:45'),
(183, 'Ramnagar', 18, 6, 15, 89, '01', 75, 73, '2018-10-05 18:00:00', '2018-10-06 20:50:30'),
(185, 'Jahanabaad', 18, 6, 15, 89, '03', 106, 105, '2018-10-05 18:00:00', '2018-10-06 20:53:57'),
(186, 'Kanchannagar', 18, 6, 15, 90, '05', 77, 78, '2018-10-05 18:00:00', '2018-10-06 20:54:41'),
(187, 'Boro Kawniyakandi', 18, 6, 15, 90, '01', 362, 361, '2018-10-05 18:00:00', '2018-10-06 20:53:26'),
(188, 'Choto Kawniyakandi', 18, 6, 15, 90, '02', 161, 149, '2018-10-05 18:00:00', '2018-10-06 20:53:43'),
(189, 'Sahebganj', 18, 6, 16, 91, '01', 231, 231, '2018-10-05 18:00:00', '2018-10-07 00:49:23'),
(190, 'North Bahra', 18, 6, 16, 91, '02', 616, 547, '2018-10-05 18:00:00', '2018-10-07 00:49:00'),
(191, 'Ghoshpara', 18, 6, 16, 91, '01', 402, 390, '2018-10-05 18:00:00', '2018-10-07 00:50:38'),
(192, 'Vaowadubi', 18, 6, 16, 92, '02', 440, 395, '2018-10-05 18:00:00', '2018-10-07 00:50:11'),
(193, 'Vurakhali', 18, 6, 16, 92, '03', 127, 158, '2018-10-05 18:00:00', '2018-10-07 00:49:47'),
(194, 'Choto Tashulla', 18, 6, 16, 92, '01', 819, 774, '2018-10-05 18:00:00', '2018-10-06 16:41:42'),
(195, 'Bipratashulla', 18, 6, 16, 92, '03', 396, 373, '2018-10-05 18:00:00', '2018-10-07 00:47:07'),
(196, 'Bipulla', 18, 6, 16, 93, '02', 766, 680, '2018-10-05 18:00:00', '2018-10-07 00:48:30'),
(197, 'Char Tuitail', 18, 6, 16, 93, '02', 218, 204, '2018-10-05 18:00:00', '2018-10-07 00:47:35'),
(199, 'Notun Tuitail', 18, 6, 16, 93, '04', 0, 97, '2018-10-05 18:00:00', '2018-10-11 11:58:40'),
(200, 'Bokchar', 18, 6, 16, 93, '02', 0, 721, '2018-10-05 18:00:00', '2018-10-11 11:57:58'),
(201, 'Charbaghuri', 18, 6, 16, 94, '03', 0, 96, '2018-10-05 18:00:00', '2018-10-11 11:58:26'),
(202, 'Afzalnagar', 18, 6, 16, 94, '05', 0, 290, '2018-10-05 18:00:00', '2018-10-11 11:58:53'),
(203, 'Char Shoilla', 18, 6, 16, 94, '04', 251, 226, '2018-10-05 18:00:00', '2018-10-07 00:42:19'),
(204, 'Khanepur Kanda', 18, 6, 16, 94, '03', 173, 169, '2018-10-05 18:00:00', '2018-10-07 00:42:50'),
(205, 'Kandakhanepur', 18, 6, 16, 95, '02', 590, 579, '2018-10-05 18:00:00', '2018-10-11 12:00:15'),
(206, 'Char Khanepur', 18, 6, 16, 95, '03', 219, 197, '2018-10-05 18:00:00', '2018-10-07 00:40:30'),
(207, 'Radhakantopur', 18, 6, 16, 95, '01', 601, 538, '2018-10-05 18:00:00', '2018-10-07 00:41:52'),
(208, 'Rahuthati', 18, 6, 16, 96, '02', 327, 231, '2018-10-05 18:00:00', '2018-10-11 12:02:18'),
(209, 'Noyonshree', 18, 6, 16, 96, '04', 630, 583, '2018-10-05 18:00:00', '2018-10-11 12:02:59'),
(210, 'Shahjadpur', 18, 6, 16, 97, '03', 92, 85, '2018-10-05 18:00:00', '2018-10-07 00:23:43'),
(211, 'Krishnanagar', 18, 6, 16, 97, '08', 184, 167, '2018-10-05 18:00:00', '2018-10-07 00:25:11'),
(212, 'Deotola', 18, 6, 16, 98, '01', 570, 503, '2018-10-05 18:00:00', '2018-10-07 00:24:39'),
(213, 'Padrikanda', 18, 6, 16, 98, '05', 79, 58, '2018-10-05 18:00:00', '2018-10-07 00:26:24'),
(214, 'Sap Leja', 18, 6, 16, 98, '01', 118, 126, '2018-10-05 18:00:00', '2018-10-07 00:28:32'),
(215, 'Mataber Tek', 18, 6, 16, 99, '06', 14, 14, '2018-10-05 18:00:00', '2018-10-07 00:26:00'),
(216, 'Purba Shoytankathi', 18, 6, 16, 99, '04', 430, 381, '2018-10-05 18:00:00', '2018-10-07 00:23:22'),
(217, 'Choto Golla', 18, 6, 16, 99, '02', 258, 189, '2018-10-05 18:00:00', '2018-10-07 00:28:09'),
(218, 'Boro Golla', 18, 6, 16, 99, '03', 253, 186, '2018-10-05 18:00:00', '2018-10-07 00:27:04'),
(219, 'Kumar Golla', 18, 6, 16, 99, '07', 311, 262, '2018-10-05 18:00:00', '2018-10-07 00:25:35'),
(220, 'Kashinagar', 18, 6, 16, 99, '04', 43, 39, '2018-10-05 18:00:00', '2018-10-11 12:14:44'),
(221, 'Dokkhin Balukhonda', 18, 6, 17, 100, '02', 990, 1030, '2018-10-05 18:00:00', '2018-10-11 12:21:26'),
(222, 'North Balukhanda', 18, 6, 17, 100, '01', 1168, 1070, '2018-10-05 18:00:00', '2018-10-07 00:22:51'),
(223, 'Kumulli', 18, 6, 17, 100, '02', 311, 320, '2018-10-05 18:00:00', '2018-10-11 12:19:49'),
(224, 'Patiljhap', 18, 6, 17, 101, '01', 1111, 1049, '2018-10-05 18:00:00', '2018-10-07 00:20:14'),
(226, 'Parashora', 18, 6, 17, 101, '02', 140, 145, '2018-10-05 18:00:00', '2018-10-07 00:17:15'),
(227, 'Abdani', 18, 6, 17, 0, '04', 199, 180, '2018-10-05 18:00:00', '2018-10-07 00:16:26'),
(228, 'Chokoria', 18, 6, 17, 103, '01', 560, 555, '2018-10-05 18:00:00', '2018-10-07 00:15:12'),
(229, 'Khotia', 18, 6, 17, 103, '01', 1243, 1241, '2018-10-05 18:00:00', '2018-10-11 12:23:55'),
(230, 'Jhonjhonia', 18, 6, 17, 103, '03', 112, 112, '2018-10-05 18:00:00', '2018-10-07 00:18:10'),
(231, 'Ajgora', 18, 6, 17, 103, '02', 162, 167, '2018-10-05 18:00:00', '2018-10-07 00:18:33'),
(232, 'Modonmohonpur', 18, 6, 17, 103, '02', 708, 667, '2018-10-05 18:00:00', '2018-10-07 00:14:04'),
(233, 'Konda', 18, 6, 17, 104, '03', 340, 348, '2018-10-05 18:00:00', '2018-10-07 00:13:48'),
(234, 'Auna', 18, 6, 17, 104, '01', 366, 356, '2018-10-05 18:00:00', '2018-10-07 00:13:24'),
(603, 'Boro Baharra West Para', 18, 6, 22, 145, '02', 611, 613, '2018-10-06 19:59:12', '2018-10-06 21:56:35'),
(236, 'Dudhghata', 18, 6, 17, 104, '01', 386, 396, '2018-10-05 18:00:00', '2018-10-07 00:21:06'),
(237, 'Dutta Khanda', 18, 6, 17, 105, '01', 894, 876, '2018-10-05 18:00:00', '2018-10-07 00:22:28'),
(241, 'Shinghora Aikbari', 18, 6, 17, 106, '06', 336, 265, '2018-10-05 18:00:00', '2018-10-07 00:15:39'),
(242, 'Noyahati', 18, 6, 17, 107, '03', 260, 281, '2018-10-05 18:00:00', '2018-10-07 00:16:50'),
(244, 'Sholla Nagar', 18, 6, 17, 108, '02', 342, 327, '2018-10-05 18:00:00', '2018-10-07 00:19:51'),
(245, 'Boali', 18, 6, 17, 108, '06', 232, 261, '2018-10-05 18:00:00', '2018-10-11 12:29:16'),
(246, 'Shingjor', 18, 6, 17, 108, '01', 1392, 1358, '2018-10-05 18:00:00', '2018-10-07 00:14:27'),
(247, 'Kartikpur', 18, 6, 17, 0, '04', 50, 63, '2018-10-05 18:00:00', '2018-10-07 00:12:21'),
(248, 'Sultanpur', 18, 6, 17, 0, '01', 216, 194, '2018-10-05 18:00:00', '2018-10-06 17:12:22'),
(249, 'Ulail', 18, 6, 17, 0, '03', 438, 421, '2018-10-05 18:00:00', '2018-10-07 00:12:38'),
(250, 'Chok Auna', 18, 6, 17, 100, '05', 246, 272, '2018-10-05 18:00:00', '2018-10-07 00:11:53'),
(251, 'Jontraile (Part of Ward No. 1)', 18, 6, 18, 110, '01', 1056, 987, '2018-10-05 18:00:00', '2018-10-11 12:30:48'),
(252, 'Ajijpur', 18, 6, 18, 110, '02', 372, 378, '2018-10-05 18:00:00', '2018-10-07 00:09:51'),
(253, 'Chondrokhola', 18, 6, 18, 111, '01', 820, 868, '2018-10-05 18:00:00', '2018-10-06 17:36:11'),
(254, 'Vaoyaliya', 18, 6, 18, 112, '02', 377, 347, '2018-10-05 18:00:00', '2018-10-07 00:09:12'),
(255, 'Jalalchor', 18, 6, 18, 113, '02', 620, 592, '2018-10-05 18:00:00', '2018-10-07 00:06:47'),
(256, 'Horishkul (Part of Ward No. 6)', 18, 6, 18, 114, '01', 1196, 1168, '2018-10-05 18:00:00', '2018-10-07 00:07:57'),
(257, 'Debukhali', 18, 6, 18, 115, '01', 108, 128, '2018-10-05 18:00:00', '2018-10-07 00:08:43'),
(258, 'Horishkul (Part of Ward No. 5)', 18, 6, 18, 116, '02', 998, 976, '2018-10-05 18:00:00', '2018-10-07 00:08:21'),
(259, 'East Gobindopur', 18, 6, 18, 117, '01', 1410, 1352, '2018-10-05 18:00:00', '2018-10-06 13:59:30'),
(260, 'Moymondi', 18, 6, 18, 117, '02', 466, 459, '2018-10-05 18:00:00', '2018-10-07 00:06:28'),
(261, 'Mohobbotpur', 18, 6, 19, 118, '01', 1327, 1213, '2018-10-05 18:00:00', '2018-10-06 23:52:04'),
(262, 'Majhirkanda', 18, 6, 19, 118, '03', 403, 419, '2018-10-05 18:00:00', '2018-10-11 12:36:57'),
(602, 'Baharra East Tati Para', 18, 6, 22, 145, '01', 565, 553, '2018-10-06 19:58:15', '2018-10-06 21:57:09'),
(266, 'Imamnagar', 18, 6, 19, 119, '03', 200, 189, '2018-10-05 18:00:00', '2018-10-06 23:50:55'),
(267, 'Sayedpur', 18, 6, 19, 120, '01', 556, 500, '2018-10-05 18:00:00', '2018-10-06 23:45:12'),
(270, 'Kathalighata', 18, 6, 19, 120, '05', 0, 0, '2018-10-05 18:00:00', '2018-10-11 12:38:52'),
(272, 'Hasanabad (Part of Ward No. 5)', 18, 6, 19, 122, '02', 747, 609, '2018-10-05 18:00:00', '2018-10-06 23:39:47'),
(273, 'Molasikanda', 18, 6, 19, 122, '01', 335, 316, '2018-10-05 18:00:00', '2018-10-06 23:41:15'),
(601, 'Mridhakanda', 18, 6, 19, 118, '04', 159, 131, '2018-10-06 19:54:25', '2018-10-06 23:42:55'),
(281, 'Baroduari', 18, 6, 19, 126, '05', 201, 220, '2018-10-05 18:00:00', '2018-10-11 12:42:59'),
(282, 'Champanagar', 18, 6, 19, 126, '06', 83, 87, '2018-10-05 18:00:00', '2018-10-06 23:38:41'),
(283, 'Goyalnagar', 18, 6, 20, 127, '02', 105, 148, '2018-10-05 18:00:00', '2018-10-11 12:49:10'),
(558, 'West Somsabad', 18, 6, 20, 0, '02', 662, 625, '2018-10-01 18:00:00', '2018-10-06 22:52:14'),
(288, 'Bagahati', 18, 6, 20, 128, '04', 91, 75, '2018-10-05 18:00:00', '2018-10-11 12:49:55'),
(570, 'South Sholla', 18, 6, 17, 100, '01', 1166, 1197, '2018-10-06 17:08:12', '2018-10-11 12:25:12'),
(600, 'South Joypara ghona', 18, 5, 27, 190, '01', 327, 361, '2018-10-06 19:42:14', '2018-10-06 19:42:14'),
(296, 'Panalia', 18, 6, 20, 130, '01', 534, 530, '2018-10-05 18:00:00', '2018-10-06 22:51:41'),
(298, 'Nowabganj', 18, 6, 20, 131, '04', 212, 238, '2018-10-05 18:00:00', '2018-10-06 22:53:27'),
(572, 'Chokoria Chokbari', 18, 6, 17, 100, '02', 449, 485, '2018-10-06 17:11:40', '2018-10-07 00:14:54'),
(302, 'Baghmara', 18, 6, 20, 134, '01', 299, 295, '2018-10-05 18:00:00', '2018-10-06 22:48:57'),
(303, 'Amirpur', 18, 6, 20, 134, '05', 540, 499, '2018-10-05 18:00:00', '2018-10-06 22:44:55'),
(304, 'Jalalpur', 18, 6, 20, 134, '03', 446, 463, '2018-10-05 18:00:00', '2018-10-06 22:47:08'),
(306, 'Boikunthopur', 18, 6, 20, 134, '04', 127, 108, '2018-10-05 18:00:00', '2018-10-11 13:05:34'),
(307, 'Rajpara', 18, 6, 20, 135, '03', 597, 550, '2018-10-05 18:00:00', '2018-10-06 22:42:40'),
(308, 'Pirmamudia', 18, 6, 20, 135, '04', 407, 346, '2018-10-05 18:00:00', '2018-10-06 22:42:06'),
(309, 'Bibirchor', 18, 6, 20, 135, '05', 160, 130, '2018-10-05 18:00:00', '2018-10-06 22:40:25'),
(530, 'Boro Boxnogor', 18, 6, 21, 136, '03', 560, 513, '2018-10-06 16:28:00', '2018-10-11 13:19:32'),
(312, 'Choto Rajpara', 18, 6, 21, 138, '01', 467, 486, '2018-10-05 18:00:00', '2018-10-06 22:27:14'),
(316, 'Dhighir par', 18, 6, 21, 142, '01', 1023, 949, '2018-10-05 18:00:00', '2018-10-08 05:11:37'),
(317, 'Balurchor', 18, 6, 21, 143, '01', 772, 710, '2018-10-05 18:00:00', '2018-10-06 22:19:50'),
(320, 'Kahur', 18, 6, 22, 146, '02', 219, 223, '2018-10-05 18:00:00', '2018-10-06 22:15:30'),
(322, 'Kandamatra', 18, 6, 22, 148, '01', 856, 907, '2018-10-05 18:00:00', '2018-10-06 22:15:59'),
(323, 'Bagbari', 18, 6, 22, 149, '03', 55, 57, '2018-10-05 18:00:00', '2018-10-11 13:31:48'),
(326, 'Shuvoriya', 18, 6, 22, 152, '01', 407, 418, '2018-10-05 18:00:00', '2018-10-08 05:16:53'),
(330, 'Telenga', 18, 6, 23, 156, '03', 402, 419, '2018-10-05 18:00:00', '2018-10-06 21:26:56'),
(331, 'Paragram', 18, 6, 23, 157, '03', 531, 524, '2018-10-05 18:00:00', '2018-10-06 21:19:06'),
(332, 'Dorikanda', 18, 6, 23, 158, '01', 1100, 1100, '2018-10-05 18:00:00', '2018-10-06 21:18:19'),
(333, 'Modhupur', 18, 6, 23, 159, '02', 323, 346, '2018-10-05 18:00:00', '2018-10-06 21:17:55'),
(334, 'Noyakanda', 18, 6, 23, 160, '02', 778, 803, '2018-10-05 18:00:00', '2018-10-11 13:51:47'),
(335, 'Malikanda', 18, 6, 23, 161, '01', 684, 651, '2018-10-05 18:00:00', '2018-10-06 21:16:25'),
(337, 'Raipur', 18, 6, 23, 162, '04', 339, 344, '2018-10-05 18:00:00', '2018-10-06 21:23:52'),
(346, 'Dowlotpur', 18, 6, 23, 162, '01', 1167, 1184, '2018-10-05 18:00:00', '2018-10-11 13:53:20'),
(465, 'Majhpara', 18, 6, 24, 163, '05', 948, 880, '2018-10-06 14:41:53', '2018-10-06 21:08:40'),
(464, 'Deovog', 18, 5, 11, 46, '04', 1, 2, '2018-10-06 14:41:22', '2018-10-06 19:53:24'),
(463, 'Shukhdebpur', 18, 5, 11, 46, '03', 32, 41, '2018-10-06 14:41:02', '2018-10-06 19:53:10'),
(354, 'Agla', 18, 6, 24, 170, '03', 375, 337, '2018-10-05 18:00:00', '2018-10-06 21:09:34'),
(355, 'Agla East para', 18, 6, 24, 171, '04', 319, 311, '2018-10-05 18:00:00', '2018-10-06 21:09:06'),
(357, 'Kuthibari', 18, 6, 25, 173, '02', 116, 97, '2018-10-05 18:00:00', '2018-10-06 20:56:33'),
(599, 'East Sutarpara (East part)', 18, 5, 8, 28, '02', 405, 403, '2018-10-06 19:22:56', '2018-10-06 19:22:56'),
(359, 'Miahati', 18, 6, 25, 175, '04', 195, 182, '2018-10-05 18:00:00', '2018-10-06 20:55:39'),
(363, 'Borogram', 18, 6, 25, 179, '01', 604, 584, '2018-10-05 18:00:00', '2018-10-06 20:54:19'),
(364, 'Surjokhali', 18, 6, 25, 180, '02', 434, 440, '2018-10-05 18:00:00', '2018-10-06 20:54:00'),
(365, 'Sahabad', 18, 6, 25, 180, '03', 236, 241, '2018-10-05 18:00:00', '2018-10-13 05:25:50'),
(366, 'Khanhati', 18, 6, 25, 180, '04', 470, 483, '2018-10-05 18:00:00', '2018-10-06 20:52:57'),
(367, 'Nagar', 18, 6, 25, 180, '02', 154, 147, '2018-10-05 18:00:00', '2018-10-06 20:51:45'),
(368, 'Ramnathpur', 18, 6, 25, 180, '03', 245, 221, '2018-10-05 18:00:00', '2018-10-06 20:50:56'),
(369, 'Chanhati', 18, 6, 25, 180, '01', 189, 173, '2018-10-05 18:00:00', '2018-10-06 20:52:08'),
(370, 'Sonahazara', 18, 6, 25, 180, '04', 715, 667, '2018-10-05 18:00:00', '2018-10-13 05:27:46'),
(371, 'Shonkorkhali', 18, 6, 25, 180, '05', 339, 323, '2018-10-05 18:00:00', '2018-10-13 05:28:08'),
(372, 'Paiksha', 18, 6, 25, 180, '06', 225, 201, '2018-10-05 18:00:00', '2018-10-06 20:48:44'),
(373, 'West  Gobindopur', 18, 6, 26, 181, '04', 707, 673, '2018-10-05 18:00:00', '2018-10-06 20:40:00'),
(374, 'Chourahati', 18, 6, 26, 181, '02', 256, 207, '2018-10-05 18:00:00', '2018-10-13 05:42:06'),
(375, 'Muslimhati', 18, 6, 26, 182, '02', 1068, 1065, '2018-10-05 18:00:00', '2018-10-13 05:43:00'),
(376, 'Sonatola', 18, 6, 26, 183, '01', 362, 391, '2018-10-05 18:00:00', '2018-10-06 20:35:46'),
(377, 'Paiksha', 18, 6, 26, 184, '02', 156, 171, '2018-10-05 18:00:00', '2018-10-06 20:30:22'),
(378, 'Shonkorkhali', 18, 6, 26, 185, '01', 395, 347, '2018-10-05 18:00:00', '2018-10-13 05:43:58'),
(379, 'Sonahazra', 18, 6, 26, 186, '01', 96, 88, '2018-10-05 18:00:00', '2018-10-13 05:41:24'),
(380, 'Chanhati', 18, 6, 26, 187, '03', 39, 45, '2018-10-05 18:00:00', '2018-10-06 20:39:26'),
(598, 'Modhurchar (West part)', 18, 5, 8, 28, '01', 2235, 2357, '2018-10-06 19:19:35', '2018-10-06 19:19:35'),
(383, 'East Churain', 18, 6, 26, 188, '02', 962, 940, '2018-10-05 18:00:00', '2018-10-06 20:41:13'),
(387, 'Modonkhali', 18, 6, 26, 188, '02', 140, 150, '2018-10-05 18:00:00', '2018-10-05 18:00:00'),
(388, 'Morichpotti', 18, 6, 26, 188, '01', 715, 676, '2018-10-05 18:00:00', '2018-10-13 05:37:03'),
(389, 'Nosratpur', 18, 5, 5, 1, '03', 169, 169, '2018-10-06 10:27:14', '2018-10-06 10:27:14'),
(390, 'Hatni', 18, 5, 5, 0, '01', 65, 44, '2018-10-06 10:38:08', '2018-10-06 10:38:08'),
(391, 'Char Hatni', 18, 5, 5, 1, '02', 23, 24, '2018-10-06 10:38:33', '2018-10-06 10:38:33'),
(392, 'Kusumhati', 18, 5, 6, 10, '02', 34, 32, '2018-10-06 10:48:40', '2018-10-06 10:48:40'),
(393, 'Joymangal', 18, 5, 6, 10, '03', 222, 222, '2018-10-06 11:00:27', '2018-10-06 11:00:27'),
(394, 'Ikrashi  South', 18, 5, 7, 19, '02', 1149, 1061, '2018-10-06 11:25:46', '2018-10-06 11:25:46'),
(395, 'Raipara South', 18, 5, 7, 19, '02', 930, 918, '2018-10-06 11:27:47', '2018-10-06 11:27:47'),
(396, 'Nagerkanda', 18, 5, 27, 190, '01', 680, 657, '2018-10-06 11:40:40', '2018-10-08 05:04:41'),
(397, 'Lotakhola Biler Par', 18, 5, 27, 190, '02', 804, 810, '2018-10-06 11:41:10', '2018-10-06 11:41:10'),
(398, 'West Lota khola', 18, 5, 27, 190, '01', 703, 667, '2018-10-06 11:41:38', '2018-10-06 11:41:38'),
(399, 'Moddho Lotakhola', 18, 5, 27, 190, '02', 667, 661, '2018-10-06 11:41:58', '2018-10-06 11:41:58'),
(400, 'East Lotakhola', 18, 5, 27, 190, '01', 739, 783, '2018-10-06 11:42:15', '2018-10-06 11:42:15'),
(401, 'North Char Joypara', 18, 5, 27, 190, '02', 559, 572, '2018-10-06 11:42:36', '2018-10-11 07:17:56'),
(402, 'South Char Joypara', 18, 5, 27, 190, '03', 739, 815, '2018-10-06 11:42:58', '2018-10-06 11:42:58'),
(403, 'Kathalighata', 18, 5, 27, 190, '01', 377, 327, '2018-10-06 11:43:27', '2018-10-11 07:21:58'),
(404, 'Khalpar (north part of the Khal)', 18, 5, 27, 190, '02', 1180, 1118, '2018-10-06 11:43:58', '2018-10-06 11:43:58'),
(405, 'North Joypara Khal(North part of the Khal)', 18, 5, 27, 190, '03', 71, 64, '2018-10-06 11:44:41', '2018-10-06 11:44:41'),
(406, 'Islampur', 18, 5, 27, 190, '01', 683, 649, '2018-10-06 11:45:00', '2018-10-11 10:53:36'),
(408, 'North Joypara khalpar (South part of khal)', 18, 5, 27, 190, '01', 584, 590, '2018-10-06 11:46:29', '2018-10-06 11:46:29'),
(409, 'North Joypara Gajikanda', 18, 5, 27, 190, '02', 271, 245, '2018-10-06 11:46:48', '2018-10-08 05:12:08'),
(410, 'North Joypara Miyapara', 18, 5, 27, 190, '03', 385, 369, '2018-10-06 11:47:08', '2018-10-06 11:47:08'),
(411, 'North Joypara Byangarchar', 18, 5, 27, 190, '04', 319, 308, '2018-10-06 11:47:29', '2018-10-06 11:47:29'),
(412, 'North Joypara Chowdhurypara', 18, 5, 27, 190, '02', 706, 661, '2018-10-06 11:47:54', '2018-10-06 11:47:54'),
(413, 'North Joypara Kutibari', 18, 5, 27, 190, '03', 360, 379, '2018-10-06 11:48:12', '2018-10-06 11:48:12'),
(414, 'Botia', 18, 5, 27, 190, '01', 571, 556, '2018-10-06 11:48:29', '2018-10-06 11:48:29'),
(415, 'Nurpur (west side of WAPDA road )', 18, 5, 27, 190, '02', 350, 378, '2018-10-06 11:48:49', '2018-10-06 11:48:49'),
(416, 'South Joypara Gangpar (West side of WAPDA Road)', 18, 5, 27, 190, '03', 417, 462, '2018-10-06 11:49:44', '2018-10-08 05:56:11'),
(418, 'Charlotakhola', 18, 5, 27, 190, '02', 1524, 1584, '2018-10-06 11:50:45', '2018-10-06 19:07:02'),
(419, 'South Joypara majhipara', 18, 5, 27, 190, '03', 671, 667, '2018-10-06 11:51:20', '2018-10-06 19:07:25'),
(420, 'Murpur (East side of WAPDA road)', 18, 5, 27, 190, '05', 227, 242, '2018-10-06 11:52:14', '2018-10-08 06:08:44'),
(421, 'South Joypara Kharakanda', 18, 5, 27, 190, '01', 1047, 1068, '2018-10-06 11:52:49', '2018-10-06 19:08:20'),
(422, 'South Joypara', 18, 5, 27, 190, '02', 471, 454, '2018-10-06 11:53:19', '2018-10-06 19:08:43'),
(423, 'Loskorkanda', 18, 5, 27, 190, '01', 304, 273, '2018-10-06 11:54:09', '2018-10-06 19:09:04'),
(424, 'Rasulpur', 18, 5, 27, 190, '02', 160, 164, '2018-10-06 11:54:28', '2018-10-06 19:09:23'),
(425, 'North Yousufpur', 18, 5, 27, 190, '03', 787, 751, '2018-10-06 11:54:47', '2018-10-11 11:03:47'),
(426, 'South Yousufpur', 18, 5, 27, 190, '04', 350, 358, '2018-10-06 11:55:04', '2018-10-06 19:10:05'),
(427, 'Nikra (West part)', 18, 5, 8, 28, '02', 329, 344, '2018-10-06 12:19:51', '2018-10-06 19:13:52'),
(428, 'Banaghata (East part)', 18, 5, 8, 30, '02', 53, 76, '2018-10-06 12:20:36', '2018-10-06 19:14:55'),
(429, 'Nikra (East part)', 18, 5, 8, 30, '03', 163, 165, '2018-10-06 12:20:59', '2018-10-06 19:15:16'),
(430, 'Jhanki', 18, 5, 9, 191, '01', 1626, 1452, '2018-10-06 12:32:10', '2018-10-11 08:41:58'),
(431, 'Uttar shimuliya', 18, 5, 9, 191, '01', 1724, 1539, '2018-10-06 12:32:36', '2018-10-06 19:26:25'),
(432, 'Malikanda', 18, 5, 9, 191, '01', 1901, 1885, '2018-10-06 12:35:50', '2018-10-06 19:26:51'),
(433, 'Meghula', 18, 5, 9, 191, '01', 1512, 1639, '2018-10-06 12:36:42', '2018-10-06 19:27:11'),
(434, 'South Shimuliya', 18, 5, 9, 191, '01', 1998, 1799, '2018-10-06 12:37:07', '2018-10-06 19:27:34'),
(435, 'Narisha Paschimchar', 18, 5, 9, 191, '01', 2736, 2708, '2018-10-06 12:37:30', '2018-10-06 19:27:57'),
(436, 'Narisha', 18, 5, 9, 191, '01', 1072, 973, '2018-10-06 12:37:57', '2018-10-06 19:28:22'),
(437, 'Narisha  Khalpar', 18, 5, 9, 191, '01', 843, 790, '2018-10-06 12:38:18', '2018-10-06 19:28:50'),
(438, 'Narisha Choitabator', 18, 5, 9, 191, '02', 623, 559, '2018-10-06 12:38:38', '2018-10-06 19:29:17'),
(439, 'Ruikha', 18, 5, 9, 191, '01', 214, 187, '2018-10-06 12:38:58', '2018-10-06 19:29:39'),
(440, 'Satvita', 18, 5, 9, 191, '02', 1085, 1031, '2018-10-06 12:39:16', '2018-10-06 19:30:08'),
(441, 'West Churain', 18, 6, 26, 181, '01', 1098, 1112, '2018-10-06 13:56:51', '2018-10-13 05:39:45'),
(455, 'Purbachar', 18, 5, 10, 37, '01', 302, 313, '2018-10-06 14:23:12', '2018-10-06 19:31:20'),
(443, 'West Munshinogor', 18, 6, 26, 181, '01', 580, 530, '2018-10-06 14:02:35', '2018-10-06 20:45:40'),
(444, 'East Munshinogor', 18, 6, 26, 181, '02', 686, 572, '2018-10-06 14:05:19', '2018-10-06 20:46:05'),
(445, 'Kamarkhola', 18, 6, 26, 181, '01', 801, 848, '2018-10-06 14:06:08', '2018-10-06 20:46:34'),
(461, 'Mukimpur', 18, 6, 24, 163, '01', 124, 132, '2018-10-06 14:38:21', '2018-10-06 21:10:17'),
(460, 'Moura south', 18, 5, 10, 37, '02', 1158, 1107, '2018-10-06 14:30:13', '2018-10-06 19:37:52'),
(449, 'Andharkotha', 18, 6, 25, 172, '01', 526, 499, '2018-10-06 14:11:00', '2018-10-06 20:56:52'),
(450, 'Noyadda', 18, 6, 25, 172, '03', 687, 700, '2018-10-06 14:11:35', '2018-10-06 20:56:09'),
(458, 'Horiyar tek', 18, 5, 10, 37, '01', 167, 154, '2018-10-06 14:28:44', '2018-10-06 19:36:43'),
(452, 'Joynogor surgonj', 18, 6, 25, 172, '05', 630, 573, '2018-10-06 14:12:53', '2018-10-06 20:54:39'),
(453, 'East Gobindopur', 18, 6, 26, 181, '01', 747, 739, '2018-10-06 14:19:02', '2018-10-06 20:43:03'),
(454, 'Durgapur', 18, 6, 26, 181, '02', 843, 858, '2018-10-06 14:19:59', '2018-10-06 20:43:25'),
(456, 'Khariya South', 18, 5, 10, 37, '03', 187, 186, '2018-10-06 14:25:51', '2018-10-06 19:33:29'),
(457, 'Gorabon', 18, 5, 10, 37, '05', 121, 172, '2018-10-06 14:26:55', '2018-10-06 19:34:01'),
(459, 'Ruita', 18, 5, 10, 37, '03', 220, 200, '2018-10-06 14:29:20', '2018-10-06 19:37:19'),
(462, 'Hajikanda', 18, 6, 24, 163, '02', 160, 155, '2018-10-06 14:38:47', '2018-10-06 21:09:54'),
(466, 'Char Kushumhati', 18, 5, 11, 46, '06', 519, 553, '2018-10-06 14:42:15', '2018-10-06 19:53:57'),
(467, 'Kaluyahati North', 18, 6, 24, 163, '01', 1195, 1186, '2018-10-06 14:42:35', '2018-10-06 21:08:12'),
(468, 'Charkushaichar (part of 4 no ward)', 18, 5, 11, 46, '01', 220, 239, '2018-10-06 14:43:24', '2018-10-06 19:55:08'),
(469, 'Kaluyahati South', 18, 6, 24, 163, '02', 352, 393, '2018-10-06 14:43:31', '2018-10-06 21:07:42'),
(470, 'Charkushaichar (part of 5 no ward)', 18, 5, 11, 46, '02', 886, 862, '2018-10-06 14:43:47', '2018-10-06 19:55:27'),
(471, 'Tikorpur', 18, 6, 24, 163, '03', 778, 840, '2018-10-06 14:44:03', '2018-10-06 21:07:21'),
(472, 'Charkushaichar (part of 7 no ward)', 18, 5, 11, 46, '01', 293, 287, '2018-10-06 14:44:09', '2018-10-11 09:14:57'),
(473, 'Mahmudpur south side of Katakha', 18, 5, 11, 46, '03', 617, 635, '2018-10-06 14:45:12', '2018-10-06 19:57:21'),
(474, 'Mohonpur', 18, 6, 24, 163, '01', 1016, 913, '2018-10-06 14:45:35', '2018-10-06 21:04:47'),
(475, 'Chatiya', 18, 6, 24, 163, '02', 697, 657, '2018-10-06 14:46:17', '2018-10-06 21:03:14'),
(476, 'Chorchoriya', 18, 6, 24, 163, '01', 568, 605, '2018-10-06 14:46:43', '2018-10-06 14:46:43'),
(477, 'Chor Modhuchoriya', 18, 6, 24, 163, '02', 341, 351, '2018-10-06 14:47:32', '2018-10-06 21:02:48'),
(478, 'Gokulnogor', 18, 6, 24, 163, '01', 318, 291, '2018-10-06 14:48:10', '2018-10-06 21:02:11'),
(479, 'Benukhali', 18, 6, 24, 163, '02', 578, 553, '2018-10-06 14:49:17', '2018-10-06 21:00:25'),
(480, 'Char Roghudebpur', 18, 5, 12, 55, '05', 18, 14, '2018-10-06 14:51:36', '2018-10-06 19:59:43'),
(481, 'Koilail South', 18, 6, 23, 154, '01', 264, 252, '2018-10-06 15:08:01', '2018-10-06 21:28:37'),
(483, 'Koilail North', 18, 6, 23, 154, '01', 638, 686, '2018-10-06 15:09:42', '2018-10-06 21:25:20'),
(484, 'Sonargaon', 18, 6, 23, 154, '02', 215, 209, '2018-10-06 15:10:13', '2018-10-06 21:24:49'),
(485, 'Meleng South', 18, 6, 23, 154, '03', 210, 198, '2018-10-06 15:10:50', '2018-10-11 13:47:05'),
(486, 'Meleng North', 18, 6, 23, 154, '01', 420, 416, '2018-10-06 15:11:33', '2018-10-06 21:22:39'),
(487, 'Meleng East', 18, 6, 23, 154, '02', 420, 438, '2018-10-06 15:12:00', '2018-10-06 21:22:06'),
(488, 'Meleng West (Khal Paar)', 18, 6, 23, 154, '03', 232, 218, '2018-10-06 15:12:28', '2018-10-06 21:21:39'),
(489, 'Dignara', 18, 6, 23, 154, '01', 241, 295, '2018-10-06 15:15:17', '2018-10-06 21:19:33'),
(490, 'Mashail', 18, 6, 23, 154, '03', 226, 262, '2018-10-06 15:15:58', '2018-10-06 21:18:45'),
(492, 'Molla Kanda', 18, 6, 23, 154, '01', 243, 222, '2018-10-06 15:18:04', '2018-10-06 15:18:04'),
(493, 'Bhangavita', 18, 6, 23, 154, '02', 840, 971, '2018-10-06 15:18:40', '2018-10-06 21:16:51'),
(499, 'Boro Bolomonttochar', 18, 6, 22, 145, '01', 1314, 1224, '2018-10-06 15:40:56', '2018-10-11 13:27:28'),
(496, 'Koilail Bagmara', 18, 6, 23, 154, '02', 460, 458, '2018-10-06 15:24:02', '2018-10-06 21:28:03'),
(497, 'Ghatbazar', 18, 6, 14, 73, '03', 30, 29, '2018-10-06 15:26:14', '2018-10-06 20:41:26'),
(498, 'Kantartek', 18, 6, 14, 73, '03', 144, 144, '2018-10-06 15:29:49', '2018-10-11 11:46:13'),
(500, 'Choto Bolomonttochar', 18, 6, 22, 145, '02', 400, 361, '2018-10-06 15:42:40', '2018-10-11 13:28:12'),
(501, 'Algirchar', 18, 6, 22, 145, '01', 769, 751, '2018-10-06 15:43:08', '2018-10-11 13:30:03'),
(502, 'Urarchor', 18, 6, 22, 145, '02', 74, 73, '2018-10-06 15:43:39', '2018-10-06 22:16:22'),
(525, 'Komorgonj', 18, 6, 21, 136, '02', 651, 700, '2018-10-06 16:21:01', '2018-10-06 22:31:46'),
(504, 'Bramhankhali', 18, 6, 15, 82, '03', 445, 410, '2018-10-06 15:45:39', '2018-10-06 20:48:51'),
(524, 'Pathankanda (Part of ward no. 1)', 18, 6, 21, 136, '01', 308, 288, '2018-10-06 16:20:21', '2018-10-06 22:31:26'),
(506, 'Choto Nabagram', 18, 6, 15, 0, '04', 384, 382, '2018-10-06 15:46:13', '2018-10-06 20:49:07'),
(507, 'Boro Baharra Chakuri Para', 18, 6, 22, 145, '02', 1021, 1105, '2018-10-06 15:46:35', '2018-10-06 22:08:17'),
(511, 'Boro Priti Noyadda', 18, 6, 15, 82, '02', 76, 68, '2018-10-06 15:48:58', '2018-10-06 20:50:46'),
(512, 'Baharra Mollakanda', 18, 6, 22, 145, '01', 560, 501, '2018-10-06 15:49:01', '2018-10-06 21:55:14'),
(513, 'Choto Priti Noyadda', 18, 6, 15, 82, '03', 104, 93, '2018-10-06 15:49:24', '2018-10-11 10:26:49'),
(514, 'Mylaile', 18, 6, 22, 145, '02', 466, 430, '2018-10-06 15:49:52', '2018-10-06 21:54:42'),
(515, 'Baharra Charkanda', 18, 6, 22, 145, '03', 891, 881, '2018-10-06 15:50:24', '2018-10-11 13:34:53'),
(516, 'North Chowkighata', 18, 6, 22, 145, '01', 834, 790, '2018-10-06 15:50:46', '2018-10-06 15:50:46'),
(517, 'South Chowkighata', 18, 6, 22, 145, '02', 635, 616, '2018-10-06 15:51:24', '2018-10-06 21:53:33'),
(518, 'Boro Baharra East & North', 18, 6, 22, 145, '01', 296, 322, '2018-10-06 15:51:49', '2018-10-06 21:51:25'),
(519, 'East Chok Baharra', 18, 6, 22, 145, '02', 170, 163, '2018-10-06 15:52:26', '2018-10-06 21:50:11'),
(520, 'Baharra Sonargaon', 18, 6, 22, 145, '03', 204, 188, '2018-10-06 15:52:56', '2018-10-06 21:49:42'),
(521, 'Uluman Chandura', 18, 6, 22, 145, '04', 120, 120, '2018-10-06 15:53:27', '2018-10-06 21:49:15'),
(522, 'Baniyagram', 18, 6, 15, 82, '04', 93, 68, '2018-10-06 15:53:31', '2018-10-06 20:54:26'),
(523, 'Naopara', 18, 6, 22, 145, '05', 247, 241, '2018-10-06 15:54:15', '2018-10-06 21:46:00'),
(526, 'Gajikhali', 18, 6, 21, 136, '03', 124, 135, '2018-10-06 16:21:21', '2018-10-06 22:32:10'),
(527, 'Pathankanda (Part of ward no. 2)', 18, 6, 21, 136, '01', 99, 107, '2018-10-06 16:22:51', '2018-10-06 22:29:56'),
(528, 'Choto Boxnogor', 18, 6, 21, 136, '01', 996, 936, '2018-10-06 16:23:59', '2018-10-11 13:10:57'),
(529, 'Boro Boxnogor Sabekhati', 18, 6, 21, 136, '02', 287, 295, '2018-10-06 16:24:45', '2018-10-11 13:19:07'),
(531, 'Boxnogor Chowrahoti', 18, 6, 21, 136, '04', 349, 281, '2018-10-06 16:29:31', '2018-10-11 13:20:08'),
(532, 'Boxnogor Christianhati', 18, 6, 21, 136, '05', 264, 221, '2018-10-06 16:30:34', '2018-10-11 13:23:59'),
(533, 'Dhighir para', 18, 6, 21, 136, '02', 997, 958, '2018-10-06 16:31:07', '2018-10-06 22:22:55'),
(534, 'Surgonj Tukunikanda', 18, 6, 21, 136, '02', 524, 531, '2018-10-06 16:31:48', '2018-10-11 13:25:37'),
(535, 'Bordhonpara  (Part of ward no. 2)', 18, 6, 21, 136, '02', 527, 487, '2018-10-06 16:35:38', '2018-10-06 22:29:19'),
(536, 'Bordhonpara (Part of ward no. 3)', 18, 6, 21, 136, '03', 772, 714, '2018-10-06 16:36:11', '2018-10-06 22:28:53'),
(537, 'Boro Tashulla', 18, 6, 16, 91, '01', 459, 438, '2018-10-06 16:42:36', '2018-10-07 00:47:59'),
(538, 'Tuitail', 18, 6, 16, 91, '01', 0, 1671, '2018-10-06 16:43:31', '2018-10-07 00:46:41'),
(539, 'Shoilla', 18, 6, 16, 91, '01', 369, 339, '2018-10-06 16:47:34', '2018-10-07 00:44:08'),
(542, 'Dhori Deotola', 18, 6, 16, 91, '02', 123, 97, '2018-10-06 16:51:47', '2018-10-07 00:24:10'),
(575, 'Jontraile (Part of Ward No. 2)', 18, 6, 18, 109, '01', 570, 530, '2018-10-06 17:35:54', '2018-10-11 12:30:33'),
(556, 'Mohijdia', 18, 6, 17, 100, '01', 405, 390, '2018-10-06 17:02:11', '2018-10-07 00:22:01'),
(548, 'Voirahati', 18, 6, 20, 0, '06', 118, 126, '2018-10-01 18:00:00', '2018-10-11 12:54:03'),
(549, 'Rajarampur', 18, 6, 20, 0, '07', 177, 148, '2018-10-01 18:00:00', '2018-10-11 12:54:27'),
(553, 'Rayhati', 18, 6, 20, 0, '11', 28, 37, '2018-10-01 18:00:00', '2018-10-11 12:56:07'),
(554, 'Mohajonpur', 18, 6, 20, 0, '12', 67, 78, '2018-10-01 18:00:00', '2018-10-11 12:57:00'),
(555, 'Bhuiyanhati', 18, 6, 20, 0, '13', 33, 33, '2018-10-01 18:00:00', '2018-10-11 12:57:26'),
(559, 'Boro Somsabad', 18, 6, 20, 0, '03', 716, 651, '2018-10-01 18:00:00', '2018-10-06 22:52:40'),
(560, 'Kashimpur', 18, 6, 20, 0, '01', 1590, 1445, '2018-10-01 18:00:00', '2018-10-06 22:49:45'),
(571, 'South East Shinghora', 18, 6, 17, 0, '05', 202, 195, '2018-10-06 17:10:46', '2018-10-11 12:26:25'),
(562, 'Surgonj', 18, 6, 20, 0, '02', 297, 290, '2018-10-01 18:00:00', '2018-10-06 22:47:51'),
(564, 'Khondokarhati', 18, 6, 20, 0, '01', 463, 456, '2018-10-01 18:00:00', '2018-10-11 13:06:41'),
(565, 'Madhobpur', 18, 6, 20, 0, '02', 483, 446, '2018-10-01 18:00:00', '2018-10-06 22:43:32'),
(574, 'Shinghora', 18, 6, 17, 100, '01', 649, 656, '2018-10-06 17:30:23', '2018-10-07 00:17:44'),
(573, 'Hayatkanda', 18, 6, 17, 100, '02', 389, 372, '2018-10-06 17:13:24', '2018-10-07 00:12:56'),
(576, 'Balidior', 18, 6, 18, 109, '01', 199, 143, '2018-10-06 17:38:08', '2018-10-07 00:06:08'),
(577, 'Chorkhlosi', 18, 6, 18, 109, '02', 609, 617, '2018-10-06 17:40:13', '2018-10-06 23:58:33'),
(578, 'Nobogram', 18, 6, 18, 109, '03', 246, 251, '2018-10-06 17:40:35', '2018-10-06 23:58:03'),
(579, 'Nolgora', 18, 6, 18, 109, '01', 272, 271, '2018-10-06 17:40:54', '2018-10-06 23:57:43'),
(580, 'Kirinchi', 18, 6, 18, 109, '02', 699, 746, '2018-10-06 17:41:13', '2018-10-06 23:57:08'),
(583, 'Boro Harikanda', 18, 6, 19, 118, '02', 283, 257, '2018-10-05 12:00:00', '2018-10-06 23:44:52'),
(586, 'Shorupdi Kandi', 18, 6, 19, 118, '06', 78, 44, '2018-10-05 12:00:00', '2018-10-06 23:42:13'),
(587, 'Old Bandura', 18, 6, 19, 118, '01', 1715, 1550, '2018-10-05 12:00:00', '2018-10-06 23:41:48'),
(596, 'Molouvi Dangi', 18, 6, 19, 118, '01', 463, 443, '2018-10-05 12:00:00', '2018-10-06 23:40:17'),
(589, 'Hasanabad  (Part of Ward No. 6)', 18, 6, 19, 118, '02', 963, 882, '2018-10-05 12:00:00', '2018-10-06 23:39:26'),
(590, 'New Bandura (Part of ward No. 8)', 18, 6, 19, 118, '01', 582, 508, '2018-10-05 12:00:00', '2018-10-06 23:33:49'),
(591, 'Mirer Dangi', 18, 6, 19, 118, '02', 106, 63, '2018-10-05 12:00:00', '2018-10-06 23:34:56'),
(592, 'Nurnagar', 18, 6, 19, 118, '03', 373, 384, '2018-10-05 12:00:00', '2018-10-11 12:42:04'),
(597, 'New Bandura (Part of ward No. 7)', 18, 6, 19, 118, '01', 1268, 1327, '2018-10-05 12:00:00', '2018-10-06 23:32:30'),
(595, 'Noyanogor', 18, 6, 19, 118, '04', 801, 721, '2018-10-05 12:00:00', '2018-10-06 23:36:28'),
(609, 'Shekher Nagar', 18, 6, 13, 64, '05', 65, 60, '2018-10-06 20:29:54', '2018-10-06 20:29:54'),
(610, 'Pukurpar', 18, 6, 20, 0, '10', 128, 125, '2018-10-06 23:05:48', '2018-10-11 12:55:37'),
(611, 'Khandokar Noyadda', 18, 6, 20, 127, '09', 78, 69, '2018-10-06 23:07:17', '2018-10-11 12:55:24'),
(612, 'Gopikantopur', 18, 6, 20, 127, '08', 85, 76, '2018-10-06 23:08:30', '2018-10-06 23:08:30'),
(613, 'Barangar', 18, 6, 20, 127, '05', 161, 167, '2018-10-06 23:10:30', '2018-10-11 12:50:56'),
(614, 'Gopalpur', 18, 6, 20, 127, '03', 238, 218, '2018-10-06 23:11:51', '2018-10-06 23:11:51'),
(615, 'Moddhonagar', 18, 6, 20, 127, '01', 128, 115, '2018-10-06 23:14:26', '2018-10-11 12:46:51'),
(616, 'Alhadipur', 18, 6, 19, 118, '03', 481, 420, '2018-10-06 23:47:42', '2018-10-06 23:47:42'),
(617, 'Hazratpur', 18, 6, 19, 118, '02', 326, 343, '2018-10-06 23:48:22', '2018-10-06 23:48:22'),
(618, 'Sadapur', 18, 6, 19, 118, '01', 979, 936, '2018-10-06 23:49:03', '2018-10-06 23:49:03'),
(619, 'Krishnanagar', 18, 6, 16, 0, '08', 43, 39, '2018-10-07 00:30:55', '2018-10-11 12:12:02'),
(620, 'Khalpar (South part of Khal)', 18, 5, 27, 190, '02', 276, 266, '2018-10-08 05:09:35', '2018-10-10 06:44:48'),
(621, 'North Joypara', 18, 5, 27, 190, '01', 441, 455, '2018-10-08 05:26:25', '2018-10-08 05:29:02'),
(622, 'South Joypara Gangpar (East side of WAPDA road)', 18, 5, 27, 190, '04', 637, 601, '2018-10-08 06:02:09', '2018-10-11 07:29:42'),
(623, 'Lakshmiprasad', 18, 5, 7, 19, '03', 492, 452, '2018-10-11 07:10:14', '2018-10-11 07:10:14'),
(624, 'Rajhapur', 18, 6, 14, 73, '01', 603, 600, '2018-10-11 10:01:14', '2018-10-11 10:01:14'),
(625, 'Ratanpur', 18, 6, 15, 82, '04', 45, 35, '2018-10-11 10:16:30', '2018-10-11 10:16:30');

-- --------------------------------------------------------

--
-- Table structure for table `bol_election_ward`
--

CREATE TABLE `bol_election_ward` (
  `id` int(11) NOT NULL,
  `name` text COLLATE utf8_unicode_ci NOT NULL,
  `district_id` int(11) NOT NULL,
  `upazila_id` int(11) DEFAULT NULL,
  `union_id` int(11) DEFAULT NULL,
  `created_at` timestamp NULL DEFAULT NULL,
  `updated_at` timestamp NULL DEFAULT NULL
) ENGINE=MyISAM DEFAULT CHARSET=utf8 COLLATE=utf8_unicode_ci ROW_FORMAT=DYNAMIC;

--
-- Dumping data for table `bol_election_ward`
--

INSERT INTO `bol_election_ward` (`id`, `name`, `district_id`, `upazila_id`, `union_id`, `created_at`, `updated_at`) VALUES
(1, 'Ward 1', 18, 5, 5, '2018-10-02 18:00:00', '2018-10-02 18:00:00'),
(2, 'Ward 2', 18, 5, 5, '0000-00-00 00:00:00', '0000-00-00 00:00:00'),
(3, 'Ward 3', 18, 5, 5, '0000-00-00 00:00:00', '0000-00-00 00:00:00'),
(4, 'Ward 4', 18, 5, 5, '0000-00-00 00:00:00', '0000-00-00 00:00:00'),
(5, 'Ward 5', 18, 5, 5, '0000-00-00 00:00:00', '0000-00-00 00:00:00'),
(6, 'Ward 6', 18, 5, 5, '0000-00-00 00:00:00', '0000-00-00 00:00:00'),
(7, 'Ward 7', 18, 5, 5, '0000-00-00 00:00:00', '0000-00-00 00:00:00'),
(8, 'Ward 8', 18, 5, 5, '0000-00-00 00:00:00', '0000-00-00 00:00:00'),
(9, 'Ward 9', 18, 5, 5, '0000-00-00 00:00:00', '0000-00-00 00:00:00'),
(10, 'Ward 1', 18, 5, 6, '0000-00-00 00:00:00', '0000-00-00 00:00:00'),
(11, 'Ward 2', 18, 5, 6, '0000-00-00 00:00:00', '0000-00-00 00:00:00'),
(12, 'Ward 3', 18, 5, 6, '0000-00-00 00:00:00', '0000-00-00 00:00:00'),
(13, 'Ward 4', 18, 5, 6, '0000-00-00 00:00:00', '0000-00-00 00:00:00'),
(14, 'Ward 5', 18, 5, 6, '0000-00-00 00:00:00', '0000-00-00 00:00:00'),
(15, 'Ward 6', 18, 5, 6, '0000-00-00 00:00:00', '0000-00-00 00:00:00'),
(16, 'Ward 7', 18, 5, 6, '0000-00-00 00:00:00', '0000-00-00 00:00:00'),
(17, 'Ward 8', 18, 5, 6, '0000-00-00 00:00:00', '0000-00-00 00:00:00'),
(18, 'Ward 9', 18, 5, 6, '0000-00-00 00:00:00', '0000-00-00 00:00:00'),
(19, 'Ward 1', 18, 5, 7, '0000-00-00 00:00:00', '0000-00-00 00:00:00'),
(20, 'Ward 2', 18, 5, 7, '0000-00-00 00:00:00', '0000-00-00 00:00:00'),
(21, 'Ward 3', 18, 5, 7, '0000-00-00 00:00:00', '0000-00-00 00:00:00'),
(22, 'Ward 4', 18, 5, 7, '0000-00-00 00:00:00', '0000-00-00 00:00:00'),
(23, 'Ward 5', 18, 5, 7, '0000-00-00 00:00:00', '0000-00-00 00:00:00'),
(24, 'Ward 6', 18, 5, 7, '0000-00-00 00:00:00', '0000-00-00 00:00:00'),
(25, 'Ward 7', 18, 5, 7, '0000-00-00 00:00:00', '0000-00-00 00:00:00'),
(26, 'Ward 8', 18, 5, 7, '0000-00-00 00:00:00', '0000-00-00 00:00:00'),
(27, 'Ward 9', 18, 5, 7, '0000-00-00 00:00:00', '0000-00-00 00:00:00'),
(28, 'Ward 1', 18, 5, 8, '0000-00-00 00:00:00', '0000-00-00 00:00:00'),
(29, 'Ward 2', 18, 5, 8, '0000-00-00 00:00:00', '0000-00-00 00:00:00'),
(30, 'Ward 3', 18, 5, 8, '0000-00-00 00:00:00', '0000-00-00 00:00:00'),
(31, 'Ward 4', 18, 5, 8, '0000-00-00 00:00:00', '0000-00-00 00:00:00'),
(32, 'Ward 5', 18, 5, 8, '0000-00-00 00:00:00', '0000-00-00 00:00:00'),
(33, 'Ward 6', 18, 5, 8, '0000-00-00 00:00:00', '0000-00-00 00:00:00'),
(34, 'Ward 7', 18, 5, 8, '0000-00-00 00:00:00', '0000-00-00 00:00:00'),
(35, 'Ward 8', 18, 5, 8, '0000-00-00 00:00:00', '0000-00-00 00:00:00'),
(36, 'Ward 9', 18, 5, 8, '0000-00-00 00:00:00', '0000-00-00 00:00:00'),
(37, 'Ward 1', 18, 5, 10, '0000-00-00 00:00:00', '0000-00-00 00:00:00'),
(38, 'Ward 2', 18, 5, 10, '0000-00-00 00:00:00', '0000-00-00 00:00:00'),
(39, 'Ward 3', 18, 5, 10, '0000-00-00 00:00:00', '0000-00-00 00:00:00'),
(40, 'Ward 4', 18, 5, 10, '0000-00-00 00:00:00', '0000-00-00 00:00:00'),
(41, 'Ward 5', 18, 5, 10, '0000-00-00 00:00:00', '0000-00-00 00:00:00'),
(42, 'Ward 6', 18, 5, 10, '0000-00-00 00:00:00', '0000-00-00 00:00:00'),
(43, 'Ward 7', 18, 5, 10, '0000-00-00 00:00:00', '0000-00-00 00:00:00'),
(44, 'Ward 8', 18, 5, 10, '0000-00-00 00:00:00', '0000-00-00 00:00:00'),
(45, 'Ward 9', 18, 5, 10, '0000-00-00 00:00:00', '0000-00-00 00:00:00'),
(46, 'Ward 1', 18, 5, 11, '0000-00-00 00:00:00', '0000-00-00 00:00:00'),
(47, 'Ward 2', 18, 5, 11, '0000-00-00 00:00:00', '0000-00-00 00:00:00'),
(48, 'Ward 3', 18, 5, 11, '0000-00-00 00:00:00', '0000-00-00 00:00:00'),
(49, 'Ward 4', 18, 5, 11, '0000-00-00 00:00:00', '0000-00-00 00:00:00'),
(50, 'Ward 5', 18, 5, 11, '0000-00-00 00:00:00', '0000-00-00 00:00:00'),
(51, 'Ward 6', 18, 5, 11, '0000-00-00 00:00:00', '0000-00-00 00:00:00'),
(52, 'Ward 7', 18, 5, 11, '0000-00-00 00:00:00', '0000-00-00 00:00:00'),
(53, 'Ward 8', 18, 5, 11, '0000-00-00 00:00:00', '0000-00-00 00:00:00'),
(54, 'Ward 9', 18, 5, 11, '0000-00-00 00:00:00', '0000-00-00 00:00:00'),
(55, 'Ward 1', 18, 5, 12, '0000-00-00 00:00:00', '0000-00-00 00:00:00'),
(56, 'Ward 2', 18, 5, 12, '0000-00-00 00:00:00', '0000-00-00 00:00:00'),
(57, 'Ward 3', 18, 5, 12, '0000-00-00 00:00:00', '0000-00-00 00:00:00'),
(58, 'Ward 4', 18, 5, 12, '0000-00-00 00:00:00', '0000-00-00 00:00:00'),
(59, 'Ward 5', 18, 5, 12, '0000-00-00 00:00:00', '0000-00-00 00:00:00'),
(60, 'Ward 6', 18, 5, 12, '0000-00-00 00:00:00', '0000-00-00 00:00:00'),
(61, 'Ward 7', 18, 5, 12, '0000-00-00 00:00:00', '0000-00-00 00:00:00'),
(62, 'Ward 8', 18, 5, 12, '0000-00-00 00:00:00', '0000-00-00 00:00:00'),
(63, 'Ward 9', 18, 5, 12, '0000-00-00 00:00:00', '0000-00-00 00:00:00'),
(64, 'Ward 1', 18, 6, 13, '2018-10-05 18:00:00', '2018-10-05 18:00:00'),
(65, 'Ward 2', 18, 6, 13, '2018-10-05 18:00:00', '2018-10-05 18:00:00'),
(66, 'Ward 3', 18, 6, 13, '2018-10-05 18:00:00', '2018-10-05 18:00:00'),
(67, 'Ward 4', 18, 6, 13, '2018-10-05 18:00:00', '2018-10-05 18:00:00'),
(68, 'Ward 5', 18, 6, 13, '2018-10-05 18:00:00', '2018-10-05 18:00:00'),
(69, 'Ward 6', 18, 6, 13, '2018-10-05 18:00:00', '2018-10-05 18:00:00'),
(70, 'Ward 7', 18, 6, 13, '2018-10-05 18:00:00', '2018-10-05 18:00:00'),
(71, 'Ward 8', 18, 6, 13, '2018-10-05 18:00:00', '2018-10-05 18:00:00'),
(72, 'Ward 9', 18, 6, 13, '2018-10-05 18:00:00', '2018-10-05 18:00:00'),
(73, 'Ward 1', 18, 6, 14, '2018-10-05 18:00:00', '2018-10-05 18:00:00'),
(74, 'Ward 2', 18, 6, 14, '2018-10-05 18:00:00', '2018-10-05 18:00:00'),
(75, 'Ward 3', 18, 6, 14, '2018-10-05 18:00:00', '2018-10-05 18:00:00'),
(76, 'Ward 4', 18, 6, 14, '2018-10-05 18:00:00', '2018-10-05 18:00:00'),
(77, 'Ward 5', 18, 6, 14, '2018-10-05 18:00:00', '2018-10-05 18:00:00'),
(78, 'Ward 6', 18, 6, 14, '2018-10-05 18:00:00', '2018-10-05 18:00:00'),
(79, 'Ward 7', 18, 6, 14, '2018-10-05 18:00:00', '2018-10-05 18:00:00'),
(80, 'Ward 8', 18, 6, 14, '2018-10-05 18:00:00', '2018-10-05 18:00:00'),
(81, 'Ward 9', 18, 6, 14, '2018-10-05 18:00:00', '2018-10-05 18:00:00'),
(82, 'Ward 1', 18, 6, 15, '2018-10-05 18:00:00', '2018-10-05 18:00:00'),
(83, 'Ward 2', 18, 6, 15, '2018-10-05 18:00:00', '2018-10-05 18:00:00'),
(84, 'Ward 3', 18, 6, 15, '2018-10-05 18:00:00', '2018-10-05 18:00:00'),
(85, 'Ward 4', 18, 6, 15, '2018-10-05 18:00:00', '2018-10-05 18:00:00'),
(86, 'Ward 5', 18, 6, 15, '2018-10-05 18:00:00', '2018-10-05 18:00:00'),
(87, 'Ward 6', 18, 6, 15, '2018-10-05 18:00:00', '2018-10-05 18:00:00'),
(88, 'Ward 7', 18, 6, 15, '2018-10-05 18:00:00', '2018-10-05 18:00:00'),
(89, 'Ward 8', 18, 6, 15, '2018-10-05 18:00:00', '2018-10-05 18:00:00'),
(90, 'Ward 9', 18, 6, 15, '2018-10-05 18:00:00', '2018-10-05 18:00:00'),
(91, 'Ward 1', 18, 6, 16, '2018-10-05 18:00:00', '2018-10-05 18:00:00'),
(92, 'Ward 2', 18, 6, 16, '2018-10-05 18:00:00', '2018-10-05 18:00:00'),
(93, 'Ward 3', 18, 6, 16, '2018-10-05 18:00:00', '2018-10-05 18:00:00'),
(94, 'Ward 4', 18, 6, 16, '2018-10-05 18:00:00', '2018-10-05 18:00:00'),
(95, 'Ward 5', 18, 6, 16, '2018-10-05 18:00:00', '2018-10-05 18:00:00'),
(96, 'Ward 6', 18, 6, 16, '2018-10-05 18:00:00', '2018-10-05 18:00:00'),
(97, 'Ward 7', 18, 6, 16, '2018-10-05 18:00:00', '2018-10-05 18:00:00'),
(98, 'Ward 8', 18, 6, 16, '2018-10-05 18:00:00', '2018-10-05 18:00:00'),
(99, 'Ward 9', 18, 6, 16, '2018-10-05 18:00:00', '2018-10-05 18:00:00'),
(100, 'Ward 1', 18, 6, 17, '2018-10-05 18:00:00', '2018-10-05 18:00:00'),
(101, 'Ward 2', 18, 6, 17, '2018-10-05 18:00:00', '2018-10-05 18:00:00'),
(102, 'Ward 3', 18, 6, 17, '2018-10-05 18:00:00', '2018-10-05 18:00:00'),
(103, 'Ward 4', 18, 6, 17, '2018-10-05 18:00:00', '2018-10-05 18:00:00'),
(104, 'Ward 5', 18, 6, 17, '2018-10-05 18:00:00', '2018-10-05 18:00:00'),
(105, 'Ward 6', 18, 6, 17, '2018-10-05 18:00:00', '2018-10-05 18:00:00'),
(106, 'Ward 7', 18, 6, 17, '2018-10-05 18:00:00', '2018-10-05 18:00:00'),
(107, 'Ward 8', 18, 6, 17, '2018-10-05 18:00:00', '2018-10-05 18:00:00'),
(108, 'Ward 9', 18, 6, 17, '2018-10-05 18:00:00', '2018-10-05 18:00:00'),
(109, 'Ward 1', 18, 6, 18, '2018-10-05 18:00:00', '2018-10-05 18:00:00'),
(110, 'Ward 2', 18, 6, 18, '2018-10-05 18:00:00', '2018-10-05 18:00:00'),
(111, 'Ward 3', 18, 6, 18, '2018-10-05 18:00:00', '2018-10-05 18:00:00'),
(112, 'Ward 4', 18, 6, 18, '2018-10-05 18:00:00', '2018-10-05 18:00:00'),
(113, 'Ward 5', 18, 6, 18, '2018-10-05 18:00:00', '2018-10-05 18:00:00'),
(114, 'Ward 6', 18, 6, 18, '2018-10-05 18:00:00', '2018-10-05 18:00:00'),
(115, 'Ward 7', 18, 6, 18, '2018-10-05 18:00:00', '2018-10-05 18:00:00'),
(116, 'Ward 8', 18, 6, 18, '2018-10-05 18:00:00', '2018-10-05 18:00:00'),
(117, 'Ward 9', 18, 6, 18, '2018-10-05 18:00:00', '2018-10-05 18:00:00'),
(118, 'Ward 1', 18, 6, 19, '2018-10-05 18:00:00', '2018-10-05 18:00:00'),
(119, 'Ward 2', 18, 6, 19, '2018-10-05 18:00:00', '2018-10-05 18:00:00'),
(120, 'Ward 3', 18, 6, 19, '2018-10-05 18:00:00', '2018-10-05 18:00:00'),
(121, 'Ward 4', 18, 6, 19, '2018-10-05 18:00:00', '2018-10-05 18:00:00'),
(122, 'Ward 5', 18, 6, 19, '2018-10-05 18:00:00', '2018-10-05 18:00:00'),
(123, 'Ward 6', 18, 6, 19, '2018-10-05 18:00:00', '2018-10-05 18:00:00'),
(124, 'Ward 7', 18, 6, 19, '2018-10-05 18:00:00', '2018-10-05 18:00:00'),
(125, 'Ward 8', 18, 6, 19, '2018-10-05 18:00:00', '2018-10-05 18:00:00'),
(126, 'Ward 9', 18, 6, 19, '2018-10-05 18:00:00', '2018-10-05 18:00:00'),
(127, 'Ward 1', 18, 6, 20, '2018-10-05 18:00:00', '2018-10-05 18:00:00'),
(128, 'Ward 2', 18, 6, 20, '2018-10-05 18:00:00', '2018-10-05 18:00:00'),
(129, 'Ward 3', 18, 6, 20, '2018-10-05 18:00:00', '2018-10-05 18:00:00'),
(130, 'Ward 4', 18, 6, 20, '2018-10-05 18:00:00', '2018-10-05 18:00:00'),
(131, 'Ward 5', 18, 6, 20, '2018-10-05 18:00:00', '2018-10-05 18:00:00'),
(132, 'Ward 6', 18, 6, 20, '2018-10-05 18:00:00', '2018-10-05 18:00:00'),
(133, 'Ward 7', 18, 6, 20, '2018-10-05 18:00:00', '2018-10-05 18:00:00'),
(134, 'Ward 8', 18, 6, 20, '2018-10-05 18:00:00', '2018-10-05 18:00:00'),
(135, 'Ward 9', 18, 6, 20, '2018-10-05 18:00:00', '2018-10-05 18:00:00'),
(136, 'Ward 1', 18, 6, 21, '2018-10-05 18:00:00', '2018-10-05 18:00:00'),
(137, 'Ward 2', 18, 6, 21, '2018-10-05 18:00:00', '2018-10-05 18:00:00'),
(138, 'Ward 3', 18, 6, 21, '2018-10-05 18:00:00', '2018-10-05 18:00:00'),
(139, 'Ward 4', 18, 6, 21, '2018-10-05 18:00:00', '2018-10-05 18:00:00'),
(140, 'Ward 5', 18, 6, 21, '2018-10-05 18:00:00', '2018-10-05 18:00:00'),
(141, 'Ward 6', 18, 6, 21, '2018-10-05 18:00:00', '2018-10-05 18:00:00'),
(142, 'Ward 7', 18, 6, 21, '2018-10-05 18:00:00', '2018-10-05 18:00:00'),
(143, 'Ward 8', 18, 6, 21, '2018-10-05 18:00:00', '2018-10-05 18:00:00'),
(144, 'Ward 9', 18, 6, 21, '2018-10-05 18:00:00', '2018-10-05 18:00:00'),
(145, 'Ward 1', 18, 6, 22, '2018-10-05 18:00:00', '2018-10-05 18:00:00'),
(146, 'Ward 2', 18, 6, 22, '2018-10-05 18:00:00', '2018-10-05 18:00:00'),
(147, 'Ward 3', 18, 6, 22, '2018-10-05 18:00:00', '2018-10-05 18:00:00'),
(148, 'Ward 4', 18, 6, 22, '2018-10-05 18:00:00', '2018-10-05 18:00:00'),
(149, 'Ward 5', 18, 6, 22, '2018-10-05 18:00:00', '2018-10-05 18:00:00'),
(150, 'Ward 6', 18, 6, 22, '2018-10-05 18:00:00', '2018-10-05 18:00:00'),
(151, 'Ward 7', 18, 6, 22, '2018-10-05 18:00:00', '2018-10-05 18:00:00'),
(152, 'Ward 8', 18, 6, 22, '2018-10-05 18:00:00', '2018-10-05 18:00:00'),
(153, 'Ward 9', 18, 6, 22, '2018-10-05 18:00:00', '2018-10-05 18:00:00'),
(154, 'Ward 1', 18, 6, 23, '2018-10-05 18:00:00', '2018-10-05 18:00:00'),
(155, 'Ward 2', 18, 6, 23, '2018-10-05 18:00:00', '2018-10-05 18:00:00'),
(156, 'Ward 3', 18, 6, 23, '2018-10-05 18:00:00', '2018-10-05 18:00:00'),
(157, 'Ward 4', 18, 6, 23, '2018-10-05 18:00:00', '2018-10-05 18:00:00'),
(158, 'Ward 5', 18, 6, 23, '2018-10-05 18:00:00', '2018-10-05 18:00:00'),
(159, 'Ward 6', 18, 6, 23, '2018-10-05 18:00:00', '2018-10-05 18:00:00'),
(160, 'Ward 7', 18, 6, 23, '2018-10-05 18:00:00', '2018-10-05 18:00:00'),
(161, 'Ward 8', 18, 6, 23, '2018-10-05 18:00:00', '2018-10-05 18:00:00'),
(162, 'Ward 9', 18, 6, 23, '2018-10-05 18:00:00', '2018-10-05 18:00:00'),
(163, 'Ward 1', 18, 6, 24, '2018-10-05 18:00:00', '2018-10-05 18:00:00'),
(164, 'Ward 2', 18, 6, 24, '2018-10-05 18:00:00', '2018-10-05 18:00:00'),
(165, 'Ward 3', 18, 6, 24, '2018-10-05 18:00:00', '2018-10-05 18:00:00'),
(166, 'Ward 4', 18, 6, 24, '2018-10-05 18:00:00', '2018-10-05 18:00:00'),
(167, 'Ward 5', 18, 6, 24, '2018-10-05 18:00:00', '2018-10-05 18:00:00'),
(168, 'Ward 6', 18, 6, 24, '2018-10-05 18:00:00', '2018-10-05 18:00:00'),
(169, 'Ward 7', 18, 6, 24, '2018-10-05 18:00:00', '2018-10-05 18:00:00'),
(170, 'Ward 8', 18, 6, 24, '2018-10-05 18:00:00', '2018-10-05 18:00:00'),
(171, 'Ward 9', 18, 6, 24, '2018-10-05 18:00:00', '2018-10-05 18:00:00'),
(172, 'Ward 1', 18, 6, 25, '2018-10-05 18:00:00', '2018-10-05 18:00:00'),
(173, 'Ward 2', 18, 6, 25, '2018-10-05 18:00:00', '2018-10-05 18:00:00'),
(174, 'Ward 3', 18, 6, 25, '2018-10-05 18:00:00', '2018-10-05 18:00:00'),
(175, 'Ward 4', 18, 6, 25, '2018-10-05 18:00:00', '2018-10-05 18:00:00'),
(176, 'Ward 5', 18, 6, 25, '2018-10-05 18:00:00', '2018-10-05 18:00:00'),
(177, 'Ward 6', 18, 6, 25, '2018-10-05 18:00:00', '2018-10-05 18:00:00'),
(178, 'Ward 7', 18, 6, 25, '2018-10-05 18:00:00', '2018-10-05 18:00:00'),
(179, 'Ward 8', 18, 6, 25, '2018-10-05 18:00:00', '2018-10-05 18:00:00'),
(180, 'Ward 9', 18, 6, 25, '2018-10-05 18:00:00', '2018-10-05 18:00:00'),
(181, 'Ward 1', 18, 6, 26, '2018-10-05 18:00:00', '2018-10-05 18:00:00'),
(182, 'Ward 2', 18, 6, 26, '2018-10-05 18:00:00', '2018-10-05 18:00:00'),
(183, 'Ward 3', 18, 6, 26, '2018-10-05 18:00:00', '2018-10-05 18:00:00'),
(184, 'Ward 4', 18, 6, 26, '2018-10-05 18:00:00', '2018-10-05 18:00:00'),
(185, 'Ward 5', 18, 6, 26, '2018-10-05 18:00:00', '2018-10-05 18:00:00'),
(186, 'Ward 6', 18, 6, 26, '2018-10-05 18:00:00', '2018-10-05 18:00:00'),
(187, 'Ward 7', 18, 6, 26, '2018-10-05 18:00:00', '2018-10-05 18:00:00'),
(188, 'Ward 8', 18, 6, 26, '2018-10-05 18:00:00', '2018-10-05 18:00:00'),
(189, 'Ward 9', 18, 6, 26, '2018-10-05 18:00:00', '2018-10-05 18:00:00'),
(190, 'Ward 1', 18, 5, 27, '2018-10-06 11:40:21', '2018-10-06 11:40:21'),
(191, 'Ward 1', 18, 5, 9, '2018-10-06 12:31:51', '2018-10-06 12:31:51'),
(192, 'Ward 2', 18, 5, 9, '2018-10-08 18:00:00', NULL),
(193, 'Ward 3', 18, 5, 9, '2018-10-08 18:00:00', NULL),
(201, 'Ward 2', 18, 5, 27, '2018-10-08 18:00:00', NULL),
(195, 'Ward 4', 18, 5, 9, '2018-10-08 18:00:00', NULL),
(196, 'Ward 5', 18, 5, 9, '2018-10-08 18:00:00', NULL),
(197, 'Ward 6', 18, 5, 9, '2018-10-08 18:00:00', NULL),
(198, 'Ward 7', 18, 5, 9, '2018-10-08 18:00:00', NULL),
(199, 'Ward 8', 18, 5, 9, '2018-10-08 18:00:00', NULL),
(200, 'Ward 9', 18, 5, 9, '2018-10-08 18:00:00', NULL),
(202, 'Ward 3', 18, 5, 27, '2018-10-08 18:00:00', NULL),
(203, 'Ward 4', 18, 5, 27, '2018-10-08 18:00:00', NULL),
(204, 'Ward 5', 18, 5, 27, '2018-10-08 18:00:00', NULL),
(205, 'Ward 6', 18, 5, 27, '2018-10-08 18:00:00', NULL),
(206, 'Ward 7', 18, 5, 27, '2018-10-08 18:00:00', NULL),
(207, 'Ward 8', 18, 5, 27, '2018-10-08 18:00:00', NULL),
(208, 'Ward 9', 18, 5, 27, '2018-10-08 18:00:00', NULL);

-- --------------------------------------------------------

--
-- Table structure for table `rainlab_translate_attributes`
--

CREATE TABLE `rainlab_translate_attributes` (
  `id` int(10) UNSIGNED NOT NULL,
  `locale` varchar(191) COLLATE utf8mb4_unicode_ci NOT NULL,
  `model_id` varchar(191) COLLATE utf8mb4_unicode_ci DEFAULT NULL,
  `model_type` varchar(191) COLLATE utf8mb4_unicode_ci DEFAULT NULL,
  `attribute_data` mediumtext COLLATE utf8mb4_unicode_ci
) ENGINE=InnoDB DEFAULT CHARSET=utf8mb4 COLLATE=utf8mb4_unicode_ci;

--
-- Dumping data for table `rainlab_translate_attributes`
--

INSERT INTO `rainlab_translate_attributes` (`id`, `locale`, `model_id`, `model_type`, `attribute_data`) VALUES
(1, 'bn', '1', 'BOL\\Election\\Models\\ElectionCenter', '{"name":"অরঙ্গবাদ সরকারি প্রাথমিক বিদ্যালয়"}'),
(2, 'bn', '2', 'BOL\\Election\\Models\\ElectionCenter', '{"name":"ধোয়াইর মদিনাতুল উলুম কওমিয়া মাদ্রাসা"}'),
(3, 'bn', '3', 'BOL\\Election\\Models\\ElectionCenter', '{"name":"বাহ্রা সরকারি প্রাথমিক বিদ্যালয়"}'),
(4, 'bn', '4', 'BOL\\Election\\Models\\ElectionCenter', '{"name":"হাতনি সরকারি প্রাথমিক বিদ্যালয়"}'),
(5, 'bn', '5', 'BOL\\Election\\Models\\ElectionCenter', '{"name":"ধোয়াইর সরকারি প্রাথমিক বিদ্যালয় "}'),
(6, 'bn', '6', 'BOL\\Election\\Models\\ElectionCenter', '{"name":"পূর্ব ধোয়াইর বেসরকারি প্রাথমিক বিদ্যালয়"}'),
(7, 'bn', '7', 'BOL\\Election\\Models\\ElectionCenter', '{"name":"শিলাকোঠা মাদ্রাসাঃ (পুরুষ ভোটার) কেন্দ্র -১"}'),
(8, 'bn', '8', 'BOL\\Election\\Models\\ElectionCenter', '{"name":"শিলাকোঠা মাদ্রাসাঃ (মহিলা ভোটার) কেন্দ্র -২"}'),
(9, 'bn', '9', 'BOL\\Election\\Models\\ElectionCenter', '{"name":"শিলাকোঠা সরকারি প্রাথমিক বিদ্যালয়"}'),
(10, 'bn', '10', 'BOL\\Election\\Models\\ElectionCenter', '{"name":"কার্তিকপুর উচ্চ বিদ্যালয়"}'),
(11, 'bn', '11', 'BOL\\Election\\Models\\ElectionCenter', '{"name":"বাস্তা এতিমখানা এবং মাদ্রসা"}'),
(12, 'bn', '12', 'BOL\\Election\\Models\\ElectionCenter', '{"name":"কুসুমকাঠি পরিবার কল্যাণ কেন্দ্র (পুরুষ ভোটার) কেন্দ্র-১"}'),
(13, 'bn', '13', 'BOL\\Election\\Models\\ElectionCenter', '{"name":"কুসুমকাঠি পরিবার কল্যাণ কেন্দ্র (মহিলা ভোটার) কেন্দ্র-২"}'),
(14, 'bn', '14', 'BOL\\Election\\Models\\ElectionCenter', '{"name":"আউলিয়াবাদ সরকারি প্রাথমিক বিদ্যালয়"}'),
(15, 'bn', '15', 'BOL\\Election\\Models\\ElectionCenter', '{"name":"ইকরাশি আর্দশ উচ্চ বিদ্যালয় (পুরুষ ভোটার) কেন্দ্র-১"}'),
(16, 'bn', '16', 'BOL\\Election\\Models\\ElectionCenter', '{"name":"ইকরাশি আর্দশ উচ্চ বিদ্যালয় (মহিলা ভোটার) কেন্দ্র-২"}'),
(17, 'bn', '17', 'BOL\\Election\\Models\\ElectionCenter', '{"name":"পালামগঞ্জ সরকারি প্রাথমিক বিদ্যালয়"}'),
(18, 'bn', '18', 'BOL\\Election\\Models\\ElectionCenter', '{"name":"জামালচড় সরকারি প্রাথমিক বিদ্যালয়"}'),
(19, 'bn', '19', 'BOL\\Election\\Models\\ElectionCenter', '{"name":"রায়পাড়া সরকারি প্রাথমিক বিদ্যালয় (পুরুষ ভোটার) কেন্দ্র-১"}'),
(20, 'bn', '20', 'BOL\\Election\\Models\\ElectionCenter', '{"name":"রায়পাড়া সরকারি প্রাথমিক বিদ্যালয় (মহিলা ভোটার) কেন্দ্র-২"}'),
(21, 'bn', '21', 'BOL\\Election\\Models\\ElectionCenter', '{"name":"লটাখোলা সরকারি প্রাথমিক বিদ্যালয়"}'),
(22, 'bn', '22', 'BOL\\Election\\Models\\ElectionCenter', '{"name":"লটাখোলা উচ্চ বিদ্যালয়"}'),
(23, 'bn', '23', 'BOL\\Election\\Models\\ElectionCenter', '{"name":"লটাখোলা আজহার আলি মেমরিয়াল উচ্চ বিদ্যালয় (পুরুষ ভোটার) কেন্দ্র-১"}'),
(24, 'bn', '24', 'BOL\\Election\\Models\\ElectionCenter', '{"name":"লটাখোলা আজহার আলি মেমরিয়াল উচ্চ বিদ্যালয় (মহিলা ভোটার) কেন্দ্র-২"}'),
(25, 'bn', '25', 'BOL\\Election\\Models\\ElectionCenter', '{"name":"জয়পাড়া খালপাড় সরকারি প্রাথমিক বিদ্যালয় (উত্তর জয়পাড়া খালপাড়)"}'),
(26, 'bn', '26', 'BOL\\Election\\Models\\ElectionCenter', '{"name":"ইসলামপুর সরকারি প্রাথমিক বিদ্যালয়"}'),
(27, 'bn', '27', 'BOL\\Election\\Models\\ElectionCenter', '{"name":"জয়পাড়া মডেল সরকারি প্রাথমিক বিদ্যালয় (জয়পাড়া চৌধুরিপাড়া)"}'),
(28, 'bn', '28', 'BOL\\Election\\Models\\ElectionCenter', '{"name":"জয়পাড়া কলেজ (দক্ষিণ জয়পাড়া খাড়াকান্দা)"}'),
(29, 'bn', '29', 'BOL\\Election\\Models\\ElectionCenter', '{"name":"বৈট সরকারি প্রাথমিক বিদ্যালয়"}'),
(30, 'bn', '30', 'BOL\\Election\\Models\\ElectionCenter', '{"name":"জয়পাড়া পাইলট উচ্চ বিদ্যালয় (পুরুষ ভোটার) কেন্দ্র-১"}'),
(31, 'bn', '31', 'BOL\\Election\\Models\\ElectionCenter', '{"name":"জয়পাড়া পাইলট উচ্চ বিদ্যালয় (মহিলা ভোটার) কেন্দ্র-২"}'),
(32, 'bn', '32', 'BOL\\Election\\Models\\ElectionCenter', '{"name":"বেগম আয়শা পাইলট বালিকা বিদ্যালয়"}'),
(33, 'bn', '33', 'BOL\\Election\\Models\\ElectionCenter', '{"name":"ইউসুফপুর সরকারি প্রাথমিক বিদ্যালয়"}'),
(34, 'bn', '34', 'BOL\\Election\\Models\\ElectionCenter', '{"name":"কাটাখালি সরকারি প্রাথমিক বিদ্যালয়"}'),
(35, 'bn', '35', 'BOL\\Election\\Models\\ElectionCenter', '{"name":"ঘাটা-২ সরকারি প্রাথমিক বিদ্যালয়"}'),
(36, 'bn', '36', 'BOL\\Election\\Models\\ElectionCenter', '{"name":"ঘাটা-১ সরকারি প্রাথমিক বিদ্যালয় (পুরুষ ভোটার) কেন্দ্র-১"}'),
(37, 'bn', '37', 'BOL\\Election\\Models\\ElectionCenter', '{"name":"ঘাটা-১ সরকারি প্রাথমিক বিদ্যালয় (মহিলা ভোটার) কেন্দ্র-২"}'),
(38, 'bn', '38', 'BOL\\Election\\Models\\ElectionCenter', '{"name":"দোহার সরকারি প্রাথমিক বিদ্যালয়"}'),
(39, 'bn', '39', 'BOL\\Election\\Models\\ElectionCenter', '{"name":"কাজিরচর মোগলজান সরকারি প্রাথমিক বিদ্যালয়"}'),
(40, 'bn', '40', 'BOL\\Election\\Models\\ElectionCenter', '{"name":"হযরত বিলাল (রাঃ) মাদ্রাসা (প্রিন্সিপাল সাত্তার সাহেব মাদ্রাসাঃ পশ্চিম সুতারপার)"}'),
(41, 'bn', '41', 'BOL\\Election\\Models\\ElectionCenter', '{"name":"সুতারপাড়া আব্দুল হামেদ উচ্চ বিদ্যালয়"}'),
(42, 'bn', '42', 'BOL\\Election\\Models\\ElectionCenter', '{"name":"সুতারপাড়া মরহুম শামসুল হক ফোরকানিয়া মাদ্রাসা"}'),
(43, 'bn', '43', 'BOL\\Election\\Models\\ElectionCenter', '{"name":"উত্তর মধুরচড় সরকারি প্রাথমিক বিদ্যালয় (পুরুষ ভোটার) কেন্দ্র-১"}'),
(44, 'bn', '44', 'BOL\\Election\\Models\\ElectionCenter', '{"name":"উত্তর মধুরচড় সরকারি প্রাথমিক বিদ্যালয় (মহিলা ভোটার) কেন্দ্র-২"}'),
(45, 'bn', '45', 'BOL\\Election\\Models\\ElectionCenter', '{"name":"মারুয়া পোতা সরকারি প্রাথমিক বিদ্যালয়"}'),
(46, 'bn', '46', 'BOL\\Election\\Models\\ElectionCenter', '{"name":"ঝানকি সরকারি প্রাথমিক বিদ্যালয়"}'),
(47, 'bn', '47', 'BOL\\Election\\Models\\ElectionCenter', '{"name":"শিমুলিয়া সরকারি প্রাথমিক বিদ্যালয়"}'),
(48, 'bn', '48', 'BOL\\Election\\Models\\ElectionCenter', '{"name":"মালিকান্দা উচ্চ বিদ্যালয় (পুরুষ ভোটার) কেন্দ্র-১"}'),
(49, 'bn', '49', 'BOL\\Election\\Models\\ElectionCenter', '{"name":"মালিকান্দা উচ্চ বিদ্যালয় (মহিলা ভোটার) কেন্দ্র-২"}'),
(50, 'bn', '50', 'BOL\\Election\\Models\\ElectionCenter', '{"name":"মেঘুলা সরকারি প্রাথমিক বিদ্যালয়"}'),
(51, 'bn', '51', 'BOL\\Election\\Models\\ElectionCenter', '{"name":"দক্ষিণ শিমুলিয়া সরকারি প্রাথমিক বিদ্যালয় (পুরুষ ভোটার) কেন্দ্র-১"}'),
(52, 'bn', '52', 'BOL\\Election\\Models\\ElectionCenter', '{"name":"দক্ষিণ শিমুলিয়া সরকারি প্রাথমিক বিদ্যালয় (মহিলা ভোটার) কেন্দ্র-২"}'),
(53, 'bn', '53', 'BOL\\Election\\Models\\ElectionCenter', '{"name":"নারিশা পশ্চিমচর সরকারি প্রাথমিক বিদ্যালয় (পুরুষ ভোটার) কেন্দ্র-১"}'),
(54, 'bn', '54', 'BOL\\Election\\Models\\ElectionCenter', '{"name":"নারিশা পশ্চিমচর সরকারি প্রাথমিক বিদ্যালয় (মহিলা ভোটার) কেন্দ্র-২"}'),
(55, 'bn', '55', 'BOL\\Election\\Models\\ElectionCenter', '{"name":"নারিশা বালিকা উচ্চ বিদ্যালয়"}'),
(56, 'bn', '56', 'BOL\\Election\\Models\\ElectionCenter', '{"name":"নারিশা খালপাড় সরকারি প্রাথমিক বিদ্যালয়"}'),
(57, 'bn', '57', 'BOL\\Election\\Models\\ElectionCenter', '{"name":"সাতভিটা সরকারি প্রাথমিক বিদ্যালয়"}'),
(58, 'bn', '58', 'BOL\\Election\\Models\\ElectionCenter', '{"name":"পূর্বাচর সরকারি প্রাথমিক বিদ্যালয়"}'),
(59, 'bn', '59', 'BOL\\Election\\Models\\ElectionCenter', '{"name":"মুক্সুদপুর সামসুদ্দিন শিকদার উচ্চ বিদ্যালয়"}'),
(60, 'bn', '60', 'BOL\\Election\\Models\\ElectionCenter', '{"name":"পদ্মা মহাবিদ্যালয়"}'),
(61, 'bn', '61', 'BOL\\Election\\Models\\ElectionCenter', '{"name":"সাইনপুকুর প্রাথমিক বিদ্যালয়"}'),
(62, 'bn', '62', 'BOL\\Election\\Models\\ElectionCenter', '{"name":"মধুরখোলা সরকারি প্রাথমিক বিদ্যালয়"}'),
(63, 'bn', '63', 'BOL\\Election\\Models\\ElectionCenter', '{"name":"মইতপাড়া সরকারি প্রাথমিক বিদ্যালয়"}'),
(64, 'bn', '64', 'BOL\\Election\\Models\\ElectionCenter', '{"name":"মৌড়া সরকারি প্রাথমিক বিদ্যালয়"}'),
(65, 'bn', '65', 'BOL\\Election\\Models\\ElectionCenter', '{"name":"ধীৎপুর শহিদ শাকিল সরকারি প্রাথমিক বিদ্যালয়"}'),
(66, 'bn', '66', 'BOL\\Election\\Models\\ElectionCenter', '{"name":"চরহোসেনপুর সরকারি প্রাথমিক বিদ্যালয়"}'),
(67, 'bn', '67', 'BOL\\Election\\Models\\ElectionCenter', '{"name":"নারায়ণপুর বায়তুল আমান দারুল উলুম মাদ্রাসা"}'),
(68, 'bn', '68', 'BOL\\Election\\Models\\ElectionCenter', '{"name":"চরদেওভোগ সরকারি প্রাথমিক বিদ্যালয়"}'),
(69, 'bn', '69', 'BOL\\Election\\Models\\ElectionCenter', '{"name":"মাহমুদপুর কমিউনিটি সেন্টার"}'),
(70, 'bn', '70', 'BOL\\Election\\Models\\ElectionCenter', '{"name":"হারিচন্দি সরকারি প্রাথমিক বিদ্যালয়"}'),
(71, 'bn', '71', 'BOL\\Election\\Models\\ElectionCenter', '{"name":"বিলাশপুর ছকেত আলি মুন্সি ফোরকানিয়া মাদ্রাসা"}'),
(72, 'bn', '72', 'BOL\\Election\\Models\\ElectionCenter', '{"name":"মাঝিরচর বাইতুল উলুম মাদ্রাসা"}'),
(73, 'bn', '73', 'BOL\\Election\\Models\\ElectionCenter', '{"name":"মাঝিরচর সরকারি প্রাথমিক বিদ্যালয়"}'),
(74, 'bn', '74', 'BOL\\Election\\Models\\ElectionCenter', '{"name":"বিলাশপুর সরকারি প্রাথমিক বিদ্যালয়"}'),
(75, 'bn', '75', 'BOL\\Election\\Models\\ElectionCenter', '{"name":"কৃষ্ণদেবপুর সাবের চোকদার সরকারি প্রাথমিক বিদ্যালয়"}'),
(76, 'bn', '76', 'BOL\\Election\\Models\\ElectionCenter', '{"name":"মনিকান্দা সরকারি প্রাথমিক বিদ্যালয়ঃ শিকারিপাড়া"}'),
(77, 'bn', '77', 'BOL\\Election\\Models\\ElectionCenter', '{"name":"শিবপুর সরকারি প্রাথমিক বিদ্যালয়"}'),
(78, 'bn', '78', 'BOL\\Election\\Models\\ElectionCenter', '{"name":"শিকারিপাড়া উচ্চ বিদ্যালয়"}'),
(79, 'bn', '79', 'BOL\\Election\\Models\\ElectionCenter', '{"name":"হাগ্রাদি সরকারি প্রাথমিক বিদ্যালয়"}'),
(80, 'bn', '80', 'BOL\\Election\\Models\\ElectionCenter', '{"name":"বক্তারনগর সরকারি প্রাথমিক বিদ্যালয় (পাঞ্জিপ্রহরি)"}'),
(81, 'bn', '81', 'BOL\\Election\\Models\\ElectionCenter', '{"name":"সুজাপুর সরকারি প্রাথমিক বিদ্যালয়"}'),
(82, 'bn', '82', 'BOL\\Election\\Models\\ElectionCenter', '{"name":"জয়কৃষ্ণপুর সরকারি প্রাথমিক বিদ্যালয়"}'),
(83, 'bn', '83', 'BOL\\Election\\Models\\ElectionCenter', '{"name":"সোনাবাজু সরকারি প্রাথমিক বিদ্যালয়"}'),
(84, 'bn', '84', 'BOL\\Election\\Models\\ElectionCenter', '{"name":"তিতপলদিয়া সরকারি প্রাথমিক বিদ্যালয়"}'),
(85, 'bn', '85', 'BOL\\Election\\Models\\ElectionCenter', '{"name":"কুঠুরি সরকারি প্রাথমিক বিদ্যালয়"}'),
(86, 'bn', '86', 'BOL\\Election\\Models\\ElectionCenter', '{"name":" ঘোষাইল সরকারি প্রাথমিক বিদ্যালয়"}'),
(87, 'bn', '87', 'BOL\\Election\\Models\\ElectionCenter', '{"name":"রাজাপুর সরকারি প্রাথমিক বিদ্যালয়"}'),
(88, 'bn', '88', 'BOL\\Election\\Models\\ElectionCenter', '{"name":"চারাখালি সরকারি প্রাথমিক বিদ্যালয়"}'),
(89, 'bn', '89', 'BOL\\Election\\Models\\ElectionCenter', '{"name":"বারুয়াখালি সরকারি প্রাথমিক বিদ্যালয়"}'),
(90, 'bn', '90', 'BOL\\Election\\Models\\ElectionCenter', '{"name":"বাহেরচর সরকারি প্রাথমিক বিদ্যালয়"}'),
(91, 'bn', '91', 'BOL\\Election\\Models\\ElectionCenter', '{"name":"কুমারবাড়িল্লা সরকারি প্রাথমিক বিদ্যালয়ঃ"}'),
(92, 'bn', '92', 'BOL\\Election\\Models\\ElectionCenter', '{"name":"আলাল্পুর সরকারি প্রাথমিক বিদ্যালয়ঃ"}'),
(93, 'bn', '93', 'BOL\\Election\\Models\\ElectionCenter', '{"name":"কর পাড়া সরকারি প্রাথমিক বিদ্যালয়"}'),
(94, 'bn', '94', 'BOL\\Election\\Models\\ElectionCenter', '{"name":"কাউনিয়াকান্দি সরকারি প্রাথমিক বিদ্যালয়ঃ"}'),
(95, 'bn', '95', 'BOL\\Election\\Models\\ElectionCenter', '{"name":"ঘোষপাড়া সরকারি প্রাথমিক বিদ্যালয়ঃ"}'),
(96, 'bn', '96', 'BOL\\Election\\Models\\ElectionCenter', '{"name":"নবিনগর উত্তর বাহা দাখিল মাদ্রাসা"}'),
(97, 'bn', '97', 'BOL\\Election\\Models\\ElectionCenter', '{"name":"চড়তাশুল্লা সরকারি প্রাথমিক বিদ্যালয়"}'),
(98, 'bn', '98', 'BOL\\Election\\Models\\ElectionCenter', '{"name":"তাশুল্লা উচ্চ বিদ্যালয়"}'),
(99, 'bn', '99', 'BOL\\Election\\Models\\ElectionCenter', '{"name":"তুইতাইল সরকারি প্রাথমিক বিদ্যালয়"}'),
(100, 'bn', '100', 'BOL\\Election\\Models\\ElectionCenter', '{"name":"খানেপুর উচ্চ বিদ্যালয়"}'),
(101, 'bn', '101', 'BOL\\Election\\Models\\ElectionCenter', '{"name":"রাধাকান্তপুর সরকারি প্রাথমিক বিদ্যালয়"}'),
(102, 'bn', '102', 'BOL\\Election\\Models\\ElectionCenter', '{"name":"গোল্লা বালক সরকারি প্রাথমিক বিদ্যালয়"}'),
(103, 'bn', '103', 'BOL\\Election\\Models\\ElectionCenter', '{"name":"দেওতলা সরকারি প্রাথমিক বিদ্যালয়"}'),
(104, 'bn', '104', 'BOL\\Election\\Models\\ElectionCenter', '{"name":"উত্তর বালুখন্ড সরকারি প্রাথমিক বিদ্যালয়"}'),
(105, 'bn', '105', 'BOL\\Election\\Models\\ElectionCenter', '{"name":"দত্ত খন্ড সরকারি প্রাথমিক বিদ্যালয়"}'),
(106, 'bn', '106', 'BOL\\Election\\Models\\ElectionCenter', '{"name":"মহিষদিয়া সরকারি প্রাথমিক বিদ্যালয়"}'),
(107, 'bn', '107', 'BOL\\Election\\Models\\ElectionCenter', '{"name":"দক্ষিণ বালুখান্ড সরকারি প্রাথমিক বিদ্যালয়"}'),
(108, 'bn', '108', 'BOL\\Election\\Models\\ElectionCenter', '{"name":"পূর্ব পাতিলঝাপ সরকারি প্রাথমিক বিদ্যালয়"}'),
(109, 'bn', '109', 'BOL\\Election\\Models\\ElectionCenter', '{"name":"শোল্লা উচ্চ মাধ্যমিক  বিদ্যালয়"}'),
(110, 'bn', '110', 'BOL\\Election\\Models\\ElectionCenter', '{"name":"দক্ষিণ শোল্লা সরকারি প্রাথমিক বিদ্যালয়"}'),
(111, 'bn', '111', 'BOL\\Election\\Models\\ElectionCenter', '{"name":"সিংহড়া সরকারি প্রাথমিক বিদ্যালয়ঃ শোল্লা"}'),
(112, 'bn', '112', 'BOL\\Election\\Models\\ElectionCenter', '{"name":"চকোরিয়া সরকারি প্রাথমিক বিদ্যালয়"}'),
(113, 'bn', '113', 'BOL\\Election\\Models\\ElectionCenter', '{"name":"সিতজোড় সরকারি প্রাথমিক বিদ্যালয়"}'),
(114, 'bn', '114', 'BOL\\Election\\Models\\ElectionCenter', '{"name":"সুলতানপুর সরকারি প্রাথমিক বিদ্যালয়"}'),
(115, 'bn', '115', 'BOL\\Election\\Models\\ElectionCenter', '{"name":"এম মহিউদ্দিন মাধ্যমিক বিদ্যালয়"}'),
(116, 'bn', '116', 'BOL\\Election\\Models\\ElectionCenter', '{"name":"যন্ত্রাইল সরকারি প্রাথমিক বিদ্যালয়"}'),
(117, 'bn', '117', 'BOL\\Election\\Models\\ElectionCenter', '{"name":"আজিজপুর সরকারি প্রাথমিক বিদ্যালয়"}'),
(118, 'bn', '118', 'BOL\\Election\\Models\\ElectionCenter', '{"name":"চন্দ্রখোলা সরকারি প্রাথমিক বিদ্যালয়"}'),
(119, 'bn', '119', 'BOL\\Election\\Models\\ElectionCenter', '{"name":"বেগম হাসিবা উচ্চ বিদ্যালয়"}'),
(120, 'bn', '120', 'BOL\\Election\\Models\\ElectionCenter', '{"name":"দক্ষিণ হরিশকুল সরকারি প্রাথমিক বিদ্যালয়"}'),
(121, 'bn', '121', 'BOL\\Election\\Models\\ElectionCenter', '{"name":"গোবিন্দপুর সরকারি প্রাথমিক বিদ্যালয়"}'),
(122, 'bn', '122', 'BOL\\Election\\Models\\ElectionCenter', '{"name":"নবগ্রাম সরকারি প্রাথমিক বিদ্যালয়"}'),
(123, 'bn', '123', 'BOL\\Election\\Models\\ElectionCenter', '{"name":"কিরঞ্চি সরকারি প্রাথমিক বিদ্যালয়"}'),
(124, 'bn', '124', 'BOL\\Election\\Models\\ElectionCenter', '{"name":"মহব্বতপুর সরকারি প্রাথমিক বিদ্যালয়"}'),
(125, 'bn', '125', 'BOL\\Election\\Models\\ElectionCenter', '{"name":"সাদাপুর সরকারি প্রাথমিক বিদ্যালয়"}'),
(126, 'bn', '126', 'BOL\\Election\\Models\\ElectionCenter', '{"name":"মাঝিরকান্দা সরকারি প্রাথমিক বিদ্যালয়"}'),
(127, 'bn', '127', 'BOL\\Election\\Models\\ElectionCenter', '{"name":"পুরাতন বান্দুরা সরকারি প্রাথমিক বিদ্যালয়"}'),
(128, 'bn', '128', 'BOL\\Election\\Models\\ElectionCenter', '{"name":"বান্দুরা সরকারি বালক প্রাথমিক বিদ্যালয়"}'),
(129, 'bn', '129', 'BOL\\Election\\Models\\ElectionCenter', '{"name":"মৌলভী ডাঙ্গি সরকারি প্রাথমিক বিদ্যালয়"}'),
(130, 'bn', '130', 'BOL\\Election\\Models\\ElectionCenter', '{"name":"পুয়াকৈর সরকারি প্রাথমিক বিদ্যালয় (টিনশেড ভবন) কেন্দ্রঃ ১  (মহিলা কেন্দ্র)"}'),
(131, 'bn', '131', 'BOL\\Election\\Models\\ElectionCenter', '{"name":"পুয়াকৈর সরকারি প্রাথমিক বিদ্যালয় (টিনশেড ভবন এবং আধা পাকা ভবন) কেন্দ্রঃ ২ (পুরুষ কেন্দ্র)"}'),
(132, 'bn', '132', 'BOL\\Election\\Models\\ElectionCenter', '{"name":"নতুন বান্দুরা সরকারি প্রাথমিক বিদ্যালয়"}'),
(133, 'bn', '133', 'BOL\\Election\\Models\\ElectionCenter', '{"name":"হরেকৃষ্ণ কুসুম কলি উচ্চ বিদ্যালয়"}'),
(134, 'bn', '134', 'BOL\\Election\\Models\\ElectionCenter', '{"name":"নবাবগঞ্জ পাইলট উচ্চ বিদ্যালয়"}'),
(135, 'bn', '135', 'BOL\\Election\\Models\\ElectionCenter', '{"name":"নবারগঞ্জ পাইলট বালিকা উচ্চ বিদ্যালয়"}'),
(136, 'bn', '136', 'BOL\\Election\\Models\\ElectionCenter', '{"name":"জালালপুর উদয়ন মডেল সরকারি প্রাথমিক বিদ্যালয়"}'),
(137, 'bn', '137', 'BOL\\Election\\Models\\ElectionCenter', '{"name":"রাজপাড়া সরকারি প্রাথমিক বিদ্যালয়"}'),
(138, 'bn', '138', 'BOL\\Election\\Models\\ElectionCenter', '{"name":"পাঠানকান্দা সরকারি প্রাথমিক বিদ্যালয়"}'),
(139, 'bn', '139', 'BOL\\Election\\Models\\ElectionCenter', '{"name":"বর্ধনপাড়া সরকারি প্রাথমিক বিদ্যালয়"}'),
(140, 'bn', '140', 'BOL\\Election\\Models\\ElectionCenter', '{"name":"বক্সনগর উচ্চ বিদ্যালয়"}'),
(141, 'bn', '141', 'BOL\\Election\\Models\\ElectionCenter', '{"name":"বড় বক্সনগর সরকারি প্রাথমিক বিদ্যালয়"}'),
(142, 'bn', '142', 'BOL\\Election\\Models\\ElectionCenter', '{"name":"দিঘিরপাড় সরকারি প্রাথমিক বিদ্যালয়"}'),
(143, 'bn', '143', 'BOL\\Election\\Models\\ElectionCenter', '{"name":"বালুরচর সরকারি প্রাথমিক বিদ্যালয়"}'),
(144, 'bn', '144', 'BOL\\Election\\Models\\ElectionCenter', '{"name":"বলমন্তচর সরকারি প্রাথমিক বিদ্যালয়"}'),
(145, 'bn', '145', 'BOL\\Election\\Models\\ElectionCenter', '{"name":"আলমগীরচড় সরকারি প্রাথমিক বিদ্যালয়"}'),
(146, 'bn', '146', 'BOL\\Election\\Models\\ElectionCenter', '{"name":"কান্দামাত্রা  সরকারি প্রাথমিক বিদ্যালয়"}'),
(147, 'bn', '147', 'BOL\\Election\\Models\\ElectionCenter', '{"name":"বাহ্রাপশ্চিম সরকারি প্রাথমিক বিদ্যালয়"}'),
(148, 'bn', '148', 'BOL\\Election\\Models\\ElectionCenter', '{"name":"বাহ্রা ওয়াসেক মেমরিয়াল উচ্চ বিদ্যালয়"}'),
(149, 'bn', '149', 'BOL\\Election\\Models\\ElectionCenter', '{"name":"বাহ্রা পূর্ব সরকারি প্রাথমিক বিদ্যালয়"}'),
(150, 'bn', '150', 'BOL\\Election\\Models\\ElectionCenter', '{"name":"আগলা চৌকিঘাটা জনমঙ্গল উচ্চ বিদ্যালয়"}'),
(151, 'bn', '151', 'BOL\\Election\\Models\\ElectionCenter', '{"name":"বাহ্রা এবতাদিয়া মাদ্রাসা"}'),
(152, 'bn', '152', 'BOL\\Election\\Models\\ElectionCenter', '{"name":"কৈলাইল সরকারি প্রাথমিক বিদ্যালয়"}'),
(153, 'bn', '153', 'BOL\\Election\\Models\\ElectionCenter', '{"name":"কইলাইল হানাফিয়া মাদ্রাসা"}'),
(154, 'bn', '154', 'BOL\\Election\\Models\\ElectionCenter', '{"name":"মেলেং সরকারি প্রাথমিক বিদ্যালয়"}'),
(155, 'bn', '155', 'BOL\\Election\\Models\\ElectionCenter', '{"name":"মাতাবপুর সরকারি প্রাথমিক বিদ্যালয়"}'),
(156, 'bn', '156', 'BOL\\Election\\Models\\ElectionCenter', '{"name":"পাড়াগ্রাম সরকারি প্রাথমিক বিদ্যালয়"}'),
(157, 'bn', '157', 'BOL\\Election\\Models\\ElectionCenter', '{"name":"দরিকান্দা সরকারি প্রাথমিক বিদ্যালয়"}'),
(158, 'bn', '158', 'BOL\\Election\\Models\\ElectionCenter', '{"name":"ভাঙ্গাভিটা সরকারি প্রাথমিক বিদ্যালয়"}'),
(159, 'bn', '159', 'BOL\\Election\\Models\\ElectionCenter', '{"name":"মালিকান্দা সরকারি প্রাথমিক বিদ্যালয়"}'),
(160, 'bn', '160', 'BOL\\Election\\Models\\ElectionCenter', '{"name":"দৌলতপুর সরকারি প্রাথমিক বিদ্যালয়"}'),
(161, 'bn', '161', 'BOL\\Election\\Models\\ElectionCenter', '{"name":"মাঝপাড়া সরকারি প্রাথমিক বিদ্যালয়"}'),
(162, 'bn', '162', 'BOL\\Election\\Models\\ElectionCenter', '{"name":"মহাকবি কায়কোবাদ বালিকা উচ্চ বিদ্যালয় (সম্মুখ ভবন) কেন্দ্র- ১"}'),
(163, 'bn', '163', 'BOL\\Election\\Models\\ElectionCenter', '{"name":"মহাকবি কায়কোবাদ বালিকা উচ্চ বিদ্যালয় (পিছনের ভবন) কেন্দ্র- ২"}'),
(164, 'bn', '164', 'BOL\\Election\\Models\\ElectionCenter', '{"name":"ছাতিয়া সরকারি প্রাথমিক বিদ্যালয়"}'),
(165, 'bn', '165', 'BOL\\Election\\Models\\ElectionCenter', '{"name":"চান্দারটেক সরকারি প্রাথমিক বিদ্যালয়"}'),
(166, 'bn', '166', 'BOL\\Election\\Models\\ElectionCenter', '{"name":"বিজি  চড়চরিয়া সরকারি প্রাথমিক বিদ্যালয় (বেনুখালি)"}'),
(167, 'bn', '167', 'BOL\\Election\\Models\\ElectionCenter', '{"name":"মিয়াহাটি মাহবুদিয়া কাদেরিয়া মাদ্রাসা"}'),
(168, 'bn', '168', 'BOL\\Election\\Models\\ElectionCenter', '{"name":"গালিমপুর রাহমানিয়া উচ্চ বিদ্যালয়"}'),
(169, 'bn', '169', 'BOL\\Election\\Models\\ElectionCenter', '{"name":"সোনাহাজরা সরকারি প্রাথমিক বিদ্যালয়"}'),
(170, 'bn', '170', 'BOL\\Election\\Models\\ElectionCenter', '{"name":"কামারখোলা সরকারি প্রাথমিক বিদ্যালয়"}'),
(171, 'bn', '171', 'BOL\\Election\\Models\\ElectionCenter', '{"name":"মুন্সিনগর সরকারি প্রাথমিক বিদ্যালয়"}'),
(172, 'bn', '172', 'BOL\\Election\\Models\\ElectionCenter', '{"name":"মরিচপট্টি সরকারি প্রাথমিক বিদ্যালয়"}'),
(173, 'bn', '173', 'BOL\\Election\\Models\\ElectionCenter', '{"name":"দুর্গাপুর সরকারি প্রাথমিক বিদ্যালয়"}'),
(174, 'bn', '174', 'BOL\\Election\\Models\\ElectionCenter', '{"name":"চুরাইন তারিনি বামা উচ্চ বিদ্যালয় (নতুন ভবন) কেন্দ্র-১ (পুরুষ)"}'),
(175, 'bn', '175', 'BOL\\Election\\Models\\ElectionCenter', '{"name":"চুরাইন তারিনি বামা উচ্চ বিদ্যালয় (পুরাতন ভবন) কেন্দ্র-২ (মহিলা)"}'),
(176, 'bn', '176', 'BOL\\Election\\Models\\ElectionCenter', '{"name":" গোবিন্দপুর অগ্রণী সরকারি প্রাথমিক বিদ্যালয়; চুরাইন, নওয়াবগঞ্জ, ঢাকা"}'),
(177, 'bn', '177', 'BOL\\Election\\Models\\ElectionCenter', '{"name":"সোনাতলা মাদ্রাসা"}'),
(178, 'bn', '178', 'BOL\\Election\\Models\\ElectionCenter', '{"name":"গোবিন্দপুর সরকারি প্রাথমিক বিদ্যালয়; চুরাইন, নওয়াবগঞ্জ, ঢাকা"}'),
(179, 'bn', '1', 'BOL\\Election\\Models\\Village', '{"name":"উত্তর অরঙ্গবাদ"}'),
(180, 'bn', '2', 'BOL\\Election\\Models\\Village', '{"name":"মধ্য অরঙ্গবাদ"}'),
(181, 'bn', '3', 'BOL\\Election\\Models\\Village', '{"name":"দক্ষিণ অরঙ্গবাদ"}'),
(182, 'bn', '4', 'BOL\\Election\\Models\\Village', '{"name":"পানকুন্ড"}'),
(183, 'bn', '5', 'BOL\\Election\\Models\\Village', '{"name":"বাহ্রা "}'),
(184, 'bn', '6', 'BOL\\Election\\Models\\Village', '{"name":"আস্তা"}'),
(185, 'bn', '9', 'BOL\\Election\\Models\\Village', '{"name":"পূর্ব ধোয়াইর"}'),
(186, 'bn', '10', 'BOL\\Election\\Models\\Village', '{"name":"উত্তর শিলাকোঠা"}'),
(187, 'bn', '11', 'BOL\\Election\\Models\\Village', '{"name":"দক্ষিণ শিলাকোঠা "}'),
(188, 'bn', '12', 'BOL\\Election\\Models\\Village', '{"name":"দেওভোগ"}'),
(189, 'bn', '13', 'BOL\\Election\\Models\\Village', '{"name":"চরপুরুলিয়া"}'),
(190, 'bn', '14', 'BOL\\Election\\Models\\Village', '{"name":"সুন্দরিপাড়া"}'),
(191, 'bn', '15', 'BOL\\Election\\Models\\Village', '{"name":"কার্তিকপুর"}'),
(192, 'bn', '17', 'BOL\\Election\\Models\\Village', '{"name":"বড় বাস্তা (ওয়ার্ড নংঃ ৫)"}'),
(193, 'bn', '18', 'BOL\\Election\\Models\\Village', '{"name":"বড় বাস্তা (ওয়ার্ড নংঃ ৬)"}'),
(194, 'bn', '19', 'BOL\\Election\\Models\\Village', '{"name":"ছোট রাস্তা"}'),
(195, 'bn', '20', 'BOL\\Election\\Models\\Village', '{"name":"বাবুর ডাংগি"}'),
(196, 'bn', '21', 'BOL\\Election\\Models\\Village', '{"name":"চড়কুশাই (ওয়ার্ড নংঃ ৭)"}'),
(197, 'bn', '23', 'BOL\\Election\\Models\\Village', '{"name":"চড়কুশাই (ওয়ার্ড নংঃ ৮)"}'),
(198, 'bn', '25', 'BOL\\Election\\Models\\Village', '{"name":"মাহতাবনগর"}'),
(199, 'bn', '26', 'BOL\\Election\\Models\\Village', '{"name":"আরিতা"}'),
(200, 'bn', '27', 'BOL\\Election\\Models\\Village', '{"name":"আউলিয়াবাদ"}'),
(201, 'bn', '28', 'BOL\\Election\\Models\\Village', '{"name":"ইমামনগর"}'),
(202, 'bn', '29', 'BOL\\Election\\Models\\Village', '{"name":"ইকরাশি উত্তর"}'),
(203, 'bn', '31', 'BOL\\Election\\Models\\Village', '{"name":"হাতুরপাড়া"}'),
(204, 'bn', '32', 'BOL\\Election\\Models\\Village', '{"name":"পালামগঞ্জ"}'),
(205, 'bn', '33', 'BOL\\Election\\Models\\Village', '{"name":"জামালচর"}'),
(206, 'bn', '34', 'BOL\\Election\\Models\\Village', '{"name":"করিমগঞ্জ"}'),
(207, 'bn', '35', 'BOL\\Election\\Models\\Village', '{"name":"রঘুদেবপুর"}'),
(208, 'bn', '36', 'BOL\\Election\\Models\\Village', '{"name":"রাইপাড়া উত্তর"}'),
(209, 'bn', '608', 'BOL\\Election\\Models\\Village', '{"name":"মধ্য ধোয়াইর"}'),
(210, 'bn', '607', 'BOL\\Election\\Models\\Village', '{"name":"পশ্চিম ধোয়াইর"}'),
(211, 'bn', '44', 'BOL\\Election\\Models\\Village', '{"name":"কাটাখালি"}'),
(212, 'bn', '46', 'BOL\\Election\\Models\\Village', '{"name":"বানাঘাটা (পশ্চিম অংশ)"}'),
(213, 'bn', '47', 'BOL\\Election\\Models\\Village', '{"name":"দোহারঘাটা"}'),
(214, 'bn', '48', 'BOL\\Election\\Models\\Village', '{"name":"দোহার"}'),
(215, 'bn', '49', 'BOL\\Election\\Models\\Village', '{"name":"মধুরচর (পূর্ব অংশ)"}'),
(216, 'bn', '50', 'BOL\\Election\\Models\\Village', '{"name":"পশ্চিম সুতারপাড়া"}'),
(217, 'bn', '51', 'BOL\\Election\\Models\\Village', '{"name":"কাজিরচর"}'),
(218, 'bn', '52', 'BOL\\Election\\Models\\Village', '{"name":"পূর্ব সুতারপাড়া (পশ্চিম অংশ)"}'),
(219, 'bn', '53', 'BOL\\Election\\Models\\Village', '{"name":"গাজিরটেক"}'),
(220, 'bn', '54', 'BOL\\Election\\Models\\Village', '{"name":"ডাইয়ারকুম"}'),
(221, 'bn', '55', 'BOL\\Election\\Models\\Village', '{"name":"ডাইয়া গজারিয়া"}'),
(222, 'bn', '57', 'BOL\\Election\\Models\\Village', '{"name":"ঘারমোড়া"}'),
(223, 'bn', '58', 'BOL\\Election\\Models\\Village', '{"name":"মুনশিকান্দা"}'),
(224, 'bn', '59', 'BOL\\Election\\Models\\Village', '{"name":"মকসুদপুর (ওয়ার্ড নংঃ ১)"}'),
(225, 'bn', '60', 'BOL\\Election\\Models\\Village', '{"name":"মকসুদপুর (ওয়ার্ড নংঃ ২)"}'),
(226, 'bn', '61', 'BOL\\Election\\Models\\Village', '{"name":"মকসুদপুর (ওয়ার্ড নংঃ ৩)"}'),
(227, 'bn', '62', 'BOL\\Election\\Models\\Village', '{"name":"ঢালারপাড়"}'),
(228, 'bn', '63', 'BOL\\Election\\Models\\Village', '{"name":"খড়িয়া উত্তর"}'),
(229, 'bn', '64', 'BOL\\Election\\Models\\Village', '{"name":"খাসেরটেক"}'),
(230, 'bn', '65', 'BOL\\Election\\Models\\Village', '{"name":"বানিয়াবাড়ি"}'),
(231, 'bn', '67', 'BOL\\Election\\Models\\Village', '{"name":"বেথুয়া"}'),
(232, 'bn', '68', 'BOL\\Election\\Models\\Village', '{"name":"উল্টাডাংগী (শান্তিনগর)"}'),
(233, 'bn', '69', 'BOL\\Election\\Models\\Village', '{"name":"দক্ষিণ মধুরখোলা"}'),
(234, 'bn', '70', 'BOL\\Election\\Models\\Village', '{"name":"মধুরখোলা"}'),
(235, 'bn', '71', 'BOL\\Election\\Models\\Village', '{"name":"মতিপাড়া"}'),
(236, 'bn', '74', 'BOL\\Election\\Models\\Village', '{"name":"ছত্রভোগ"}'),
(237, 'bn', '76', 'BOL\\Election\\Models\\Village', '{"name":"ধীৎপুর"}'),
(238, 'bn', '77', 'BOL\\Election\\Models\\Village', '{"name":"মৌড়া উত্তর"}'),
(239, 'bn', '78', 'BOL\\Election\\Models\\Village', '{"name":"চর বৈতা"}'),
(240, 'bn', '79', 'BOL\\Election\\Models\\Village', '{"name":"চড় বিলাশপুর"}'),
(241, 'bn', '81', 'BOL\\Election\\Models\\Village', '{"name":"হরিচন্ডি"}'),
(242, 'bn', '82', 'BOL\\Election\\Models\\Village', '{"name":"হোসেনপুর"}'),
(243, 'bn', '85', 'BOL\\Election\\Models\\Village', '{"name":"মৈনত"}'),
(244, 'bn', '86', 'BOL\\Election\\Models\\Village', '{"name":"নারায়ণপুর"}'),
(245, 'bn', '87', 'BOL\\Election\\Models\\Village', '{"name":"পুরুলিয়া"}'),
(246, 'bn', '88', 'BOL\\Election\\Models\\Village', '{"name":"মাহমুদপুর (কাটাখাল এর উত্তর দিকে)"}'),
(247, 'bn', '90', 'BOL\\Election\\Models\\Village', '{"name":"শ্রীকৃষনপুর"}'),
(248, 'bn', '91', 'BOL\\Election\\Models\\Village', '{"name":"বিলাসপুর"}'),
(249, 'bn', '92', 'BOL\\Election\\Models\\Village', '{"name":"ছোট রামনাথপুর"}'),
(250, 'bn', '93', 'BOL\\Election\\Models\\Village', '{"name":"হাজারবিঘা"}'),
(251, 'bn', '94', 'BOL\\Election\\Models\\Village', '{"name":"আলমখাচর"}'),
(252, 'bn', '95', 'BOL\\Election\\Models\\Village', '{"name":"আলীনগর"}'),
(253, 'bn', '97', 'BOL\\Election\\Models\\Village', '{"name":"মাঝিরচর"}'),
(254, 'bn', '98', 'BOL\\Election\\Models\\Village', '{"name":"বড় রামনাথপুর"}'),
(255, 'bn', '99', 'BOL\\Election\\Models\\Village', '{"name":"পূর্বাচর"}'),
(256, 'bn', '100', 'BOL\\Election\\Models\\Village', '{"name":"রাধানগর উত্তর"}'),
(257, 'bn', '101', 'BOL\\Election\\Models\\Village', '{"name":"রাধানগর দক্ষিণ"}'),
(258, 'bn', '606', 'BOL\\Election\\Models\\Village', '{"name":"মাতাবপুর"}'),
(259, 'bn', '103', 'BOL\\Election\\Models\\Village', '{"name":"কুতুবপুর"}'),
(260, 'bn', '104', 'BOL\\Election\\Models\\Village', '{"name":"দেবীনগর দক্ষিণ"}'),
(261, 'bn', '105', 'BOL\\Election\\Models\\Village', '{"name":"কুলছুড়ি"}'),
(262, 'bn', '106', 'BOL\\Election\\Models\\Village', '{"name":"কৃষ্ণদেবপুর"}'),
(263, 'bn', '107', 'BOL\\Election\\Models\\Village', '{"name":"আনন্দনগর"}'),
(264, 'bn', '108', 'BOL\\Election\\Models\\Village', '{"name":"মনিকান্দা"}'),
(265, 'bn', '109', 'BOL\\Election\\Models\\Village', '{"name":"মহেশপুর"}'),
(266, 'bn', '110', 'BOL\\Election\\Models\\Village', '{"name":"বিষমপুর"}'),
(267, 'bn', '111', 'BOL\\Election\\Models\\Village', '{"name":"সোনাতলা"}'),
(268, 'bn', '112', 'BOL\\Election\\Models\\Village', '{"name":"শিবপুর"}'),
(269, 'bn', '114', 'BOL\\Election\\Models\\Village', '{"name":"নট্রি"}'),
(270, 'bn', '115', 'BOL\\Election\\Models\\Village', '{"name":"নুরপুর"}'),
(271, 'bn', '116', 'BOL\\Election\\Models\\Village', '{"name":"ভদ্রকান্দা"}'),
(272, 'bn', '117', 'BOL\\Election\\Models\\Village', '{"name":"শিকারিপাড়া"}'),
(273, 'bn', '118', 'BOL\\Election\\Models\\Village', '{"name":"কোমরগঞ্জ"}'),
(274, 'bn', '119', 'BOL\\Election\\Models\\Village', '{"name":"লস্করকান্দা"}'),
(275, 'bn', '120', 'BOL\\Election\\Models\\Village', '{"name":"চরবাগুরী"}'),
(276, 'bn', '121', 'BOL\\Election\\Models\\Village', '{"name":"হাগ্রাদী"}'),
(277, 'bn', '122', 'BOL\\Election\\Models\\Village', '{"name":"নরসিংহপুর"}'),
(278, 'bn', '123', 'BOL\\Election\\Models\\Village', '{"name":"নয়াডাঙ্গি"}'),
(279, 'bn', '124', 'BOL\\Election\\Models\\Village', '{"name":"গরীবপুর"}'),
(280, 'bn', '125', 'BOL\\Election\\Models\\Village', '{"name":"বক্তারনগর"}'),
(281, 'bn', '126', 'BOL\\Election\\Models\\Village', '{"name":"শেরপুর"}'),
(282, 'bn', '127', 'BOL\\Election\\Models\\Village', '{"name":"সুজাপুর"}'),
(283, 'bn', '128', 'BOL\\Election\\Models\\Village', '{"name":"নারায়ণপুর"}'),
(284, 'bn', '129', 'BOL\\Election\\Models\\Village', '{"name":"দাউদপুর"}'),
(285, 'bn', '130', 'BOL\\Election\\Models\\Village', '{"name":"পাঞ্জিপ্রহরী"}'),
(286, 'bn', '131', 'BOL\\Election\\Models\\Village', '{"name":"গংগাদিয়া"}'),
(287, 'bn', '132', 'BOL\\Election\\Models\\Village', '{"name":"সোনাবাজু"}'),
(288, 'bn', '133', 'BOL\\Election\\Models\\Village', '{"name":"শংকরদিয়া"}'),
(289, 'bn', '134', 'BOL\\Election\\Models\\Village', '{"name":"বাহাদুরপুর"}'),
(290, 'bn', '135', 'BOL\\Election\\Models\\Village', '{"name":"জয়কৃষ্ণপুর"}'),
(291, 'bn', '136', 'BOL\\Election\\Models\\Village', '{"name":"শ্যামপুর"}'),
(292, 'bn', '137', 'BOL\\Election\\Models\\Village', '{"name":"গজারিয়া"}'),
(293, 'bn', '138', 'BOL\\Election\\Models\\Village', '{"name":"বিলছড়ি"}'),
(294, 'bn', '139', 'BOL\\Election\\Models\\Village', '{"name":"কল্যাণশ্রী"}'),
(295, 'bn', '140', 'BOL\\Election\\Models\\Village', '{"name":"তিতপলদিয়া"}'),
(296, 'bn', '141', 'BOL\\Election\\Models\\Village', '{"name":"পানিকাউর"}'),
(297, 'bn', '142', 'BOL\\Election\\Models\\Village', '{"name":"কুঠুরি"}'),
(298, 'bn', '143', 'BOL\\Election\\Models\\Village', '{"name":"বামুয়াহাটি"}'),
(299, 'bn', '144', 'BOL\\Election\\Models\\Village', '{"name":"ব্রাম্মনগ্রাম"}'),
(300, 'bn', '145', 'BOL\\Election\\Models\\Village', '{"name":"আশয়পুর"}'),
(301, 'bn', '146', 'BOL\\Election\\Models\\Village', '{"name":"রায়পুর"}'),
(302, 'bn', '147', 'BOL\\Election\\Models\\Village', '{"name":"কেদারপুর"}'),
(303, 'bn', '148', 'BOL\\Election\\Models\\Village', '{"name":"ঘোষাইল"}'),
(304, 'bn', '149', 'BOL\\Election\\Models\\Village', '{"name":"আর ঘোষাইল"}'),
(305, 'bn', '605', 'BOL\\Election\\Models\\Village', '{"name":"দেবীনগর উত্তর"}'),
(306, 'bn', '152', 'BOL\\Election\\Models\\Village', '{"name":"রাজাপুর নয়াডাঙ্গি"}'),
(307, 'bn', '153', 'BOL\\Election\\Models\\Village', '{"name":"বাটাইমুড়ি"}'),
(308, 'bn', '154', 'BOL\\Election\\Models\\Village', '{"name":"বালেঙ্গা"}'),
(309, 'bn', '155', 'BOL\\Election\\Models\\Village', '{"name":"ধোয়াইর"}'),
(310, 'bn', '156', 'BOL\\Election\\Models\\Village', '{"name":"পূর্বচক"}'),
(311, 'bn', '157', 'BOL\\Election\\Models\\Village', '{"name":"মঠবাড়ি"}'),
(312, 'bn', '158', 'BOL\\Election\\Models\\Village', '{"name":"চারাখালি"}'),
(313, 'bn', '159', 'BOL\\Election\\Models\\Village', '{"name":"বাটাইজুড়ি"}'),
(314, 'bn', '160', 'BOL\\Election\\Models\\Village', '{"name":"ডাক্তার কান্দা"}'),
(315, 'bn', '161', 'BOL\\Election\\Models\\Village', '{"name":"বাহেরচর"}'),
(316, 'bn', '162', 'BOL\\Election\\Models\\Village', '{"name":"বারুয়াখালী উত্তর"}'),
(317, 'bn', '604', 'BOL\\Election\\Models\\Village', '{"name":"পশ্চিম চক বাহ্রা"}'),
(318, 'bn', '165', 'BOL\\Election\\Models\\Village', '{"name":"মাদলা"}'),
(319, 'bn', '166', 'BOL\\Election\\Models\\Village', '{"name":"বারুয়াখালী দক্ষিণ"}'),
(320, 'bn', '167', 'BOL\\Election\\Models\\Village', '{"name":"চকবাড়িল্লা"}'),
(321, 'bn', '168', 'BOL\\Election\\Models\\Village', '{"name":"দীর্ঘগ্রাম"}'),
(322, 'bn', '169', 'BOL\\Election\\Models\\Village', '{"name":"জৈনতপুর"}'),
(323, 'bn', '170', 'BOL\\Election\\Models\\Village', '{"name":"ভাঙ্গাপাড়া"}'),
(324, 'bn', '171', 'BOL\\Election\\Models\\Village', '{"name":"কর পাড়া"}'),
(325, 'bn', '172', 'BOL\\Election\\Models\\Village', '{"name":"দড়িকান্দি"}'),
(326, 'bn', '173', 'BOL\\Election\\Models\\Village', '{"name":"ভেড়ামুড়িয়া"}'),
(327, 'bn', '174', 'BOL\\Election\\Models\\Village', '{"name":"কান্দা বাড়িল্লা"}'),
(328, 'bn', '175', 'BOL\\Election\\Models\\Village', '{"name":"কুমার বাড়িল্লা"}'),
(329, 'bn', '176', 'BOL\\Election\\Models\\Village', '{"name":"বড় বাড়িল্লা"}'),
(330, 'bn', '177', 'BOL\\Election\\Models\\Village', '{"name":"ছত্রপুর"}'),
(331, 'bn', '178', 'BOL\\Election\\Models\\Village', '{"name":"শিয়ালজান"}'),
(332, 'bn', '179', 'BOL\\Election\\Models\\Village', '{"name":"মুন্সীনগর"}'),
(333, 'bn', '180', 'BOL\\Election\\Models\\Village', '{"name":"আলালপুর উত্তর"}'),
(334, 'bn', '181', 'BOL\\Election\\Models\\Village', '{"name":"আলালপুর দক্ষিণ"}'),
(335, 'bn', '183', 'BOL\\Election\\Models\\Village', '{"name":"রামনগর"}'),
(336, 'bn', '185', 'BOL\\Election\\Models\\Village', '{"name":"জাহানাবাদ"}'),
(337, 'bn', '186', 'BOL\\Election\\Models\\Village', '{"name":"কাঞ্চন নগর"}'),
(338, 'bn', '187', 'BOL\\Election\\Models\\Village', '{"name":"বড় কাউনিয়াকান্দি"}'),
(339, 'bn', '188', 'BOL\\Election\\Models\\Village', '{"name":"ছোট কাউনিয়াকান্দি"}'),
(340, 'bn', '189', 'BOL\\Election\\Models\\Village', '{"name":"সাহেবগঞ্জ"}'),
(341, 'bn', '190', 'BOL\\Election\\Models\\Village', '{"name":"উত্তর বাহ্রা"}'),
(342, 'bn', '191', 'BOL\\Election\\Models\\Village', '{"name":"ঘোষপাড়া"}'),
(343, 'bn', '192', 'BOL\\Election\\Models\\Village', '{"name":"ভাওয়াডুবি"}'),
(344, 'bn', '193', 'BOL\\Election\\Models\\Village', '{"name":"ভুরাখালি"}'),
(345, 'bn', '194', 'BOL\\Election\\Models\\Village', '{"name":"ছোট তাশুল্লা"}'),
(346, 'bn', '195', 'BOL\\Election\\Models\\Village', '{"name":"বিপ্রাতাসুল্লা"}'),
(347, 'bn', '196', 'BOL\\Election\\Models\\Village', '{"name":"বিলপল্লী"}'),
(348, 'bn', '197', 'BOL\\Election\\Models\\Village', '{"name":"চর তুইতাইল"}'),
(349, 'bn', '199', 'BOL\\Election\\Models\\Village', '{"name":"নতুন তুইতাইল"}'),
(350, 'bn', '200', 'BOL\\Election\\Models\\Village', '{"name":"বকচর"}'),
(351, 'bn', '201', 'BOL\\Election\\Models\\Village', '{"name":"চরবাগুরী"}'),
(352, 'bn', '202', 'BOL\\Election\\Models\\Village', '{"name":"আফজালনগর"}'),
(353, 'bn', '203', 'BOL\\Election\\Models\\Village', '{"name":"চর সৈল্লা"}'),
(354, 'bn', '204', 'BOL\\Election\\Models\\Village', '{"name":"খানেপুর কান্দা"}'),
(355, 'bn', '205', 'BOL\\Election\\Models\\Village', '{"name":"কান্দা খানেপুর"}'),
(356, 'bn', '206', 'BOL\\Election\\Models\\Village', '{"name":"চর খানেপুর"}'),
(357, 'bn', '207', 'BOL\\Election\\Models\\Village', '{"name":"রাধাকান্তপুর"}'),
(358, 'bn', '208', 'BOL\\Election\\Models\\Village', '{"name":"রাহত হাটি"}'),
(359, 'bn', '209', 'BOL\\Election\\Models\\Village', '{"name":"নয়নশ্রী"}'),
(360, 'bn', '210', 'BOL\\Election\\Models\\Village', '{"name":"শাহজাদপুর"}'),
(361, 'bn', '211', 'BOL\\Election\\Models\\Village', '{"name":"কৃষ্ণনগর"}'),
(362, 'bn', '212', 'BOL\\Election\\Models\\Village', '{"name":"দেওতলা"}'),
(363, 'bn', '213', 'BOL\\Election\\Models\\Village', '{"name":"পাদ্রিকান্দা"}'),
(364, 'bn', '214', 'BOL\\Election\\Models\\Village', '{"name":"সাপ লেজা"}'),
(365, 'bn', '215', 'BOL\\Election\\Models\\Village', '{"name":"মাতাবের টেক"}'),
(366, 'bn', '216', 'BOL\\Election\\Models\\Village', '{"name":"পূর্ব শয়তানকাঠি"}'),
(367, 'bn', '217', 'BOL\\Election\\Models\\Village', '{"name":"ছোট গোল্লা"}'),
(368, 'bn', '218', 'BOL\\Election\\Models\\Village', '{"name":"বড় গোল্লা"}'),
(369, 'bn', '219', 'BOL\\Election\\Models\\Village', '{"name":"কুমার গোল্লা"}'),
(370, 'bn', '220', 'BOL\\Election\\Models\\Village', '{"name":"কৃষ্ণনগর"}'),
(371, 'bn', '221', 'BOL\\Election\\Models\\Village', '{"name":"দক্ষিণ বালুখন্ড"}'),
(372, 'bn', '222', 'BOL\\Election\\Models\\Village', '{"name":"উত্তর বালুখন্ড"}'),
(373, 'bn', '223', 'BOL\\Election\\Models\\Village', '{"name":"কুমুল্লি"}'),
(374, 'bn', '224', 'BOL\\Election\\Models\\Village', '{"name":"পাতিলঝাপ"}'),
(375, 'bn', '226', 'BOL\\Election\\Models\\Village', '{"name":"পাড়াশড়া"}'),
(376, 'bn', '227', 'BOL\\Election\\Models\\Village', '{"name":"আবদানি"}'),
(377, 'bn', '228', 'BOL\\Election\\Models\\Village', '{"name":"চকরিয়া"}'),
(378, 'bn', '229', 'BOL\\Election\\Models\\Village', '{"name":"খতিয়া"}'),
(379, 'bn', '230', 'BOL\\Election\\Models\\Village', '{"name":"ঝনঝনিয়া"}'),
(380, 'bn', '231', 'BOL\\Election\\Models\\Village', '{"name":"আজগরা"}'),
(381, 'bn', '232', 'BOL\\Election\\Models\\Village', '{"name":"মদনমোহনপুর"}'),
(382, 'bn', '233', 'BOL\\Election\\Models\\Village', '{"name":"কোন্ডা"}'),
(383, 'bn', '234', 'BOL\\Election\\Models\\Village', '{"name":"আওনা"}'),
(384, 'bn', '603', 'BOL\\Election\\Models\\Village', '{"name":"বড় বাহ্রা পশ্চিম পাড়া"}'),
(385, 'bn', '236', 'BOL\\Election\\Models\\Village', '{"name":"দুধঘাটা"}'),
(386, 'bn', '237', 'BOL\\Election\\Models\\Village', '{"name":"দত্তখন্ড"}'),
(387, 'bn', '241', 'BOL\\Election\\Models\\Village', '{"name":"সিংহড়া আইকবারি"}'),
(388, 'bn', '242', 'BOL\\Election\\Models\\Village', '{"name":"নয়াহাটি"}'),
(389, 'bn', '244', 'BOL\\Election\\Models\\Village', '{"name":"শোল্লা নগর"}'),
(390, 'bn', '245', 'BOL\\Election\\Models\\Village', '{"name":"বোয়ালি"}'),
(391, 'bn', '246', 'BOL\\Election\\Models\\Village', '{"name":"সিংজোড়"}'),
(392, 'bn', '247', 'BOL\\Election\\Models\\Village', '{"name":"কার্তিকপুর"}'),
(393, 'bn', '248', 'BOL\\Election\\Models\\Village', '{"name":"সুলতানপুর"}'),
(394, 'bn', '249', 'BOL\\Election\\Models\\Village', '{"name":"উলাইল"}'),
(395, 'bn', '250', 'BOL\\Election\\Models\\Village', '{"name":"চক আওনা"}'),
(396, 'bn', '251', 'BOL\\Election\\Models\\Village', '{"name":"যন্ত্রাইল(১ নং ওয়ার্ড)"}'),
(397, 'bn', '252', 'BOL\\Election\\Models\\Village', '{"name":"আজিজপুর"}'),
(398, 'bn', '253', 'BOL\\Election\\Models\\Village', '{"name":"চন্দ্রখোলা"}'),
(399, 'bn', '254', 'BOL\\Election\\Models\\Village', '{"name":"ভাওয়ালিয়া"}'),
(400, 'bn', '255', 'BOL\\Election\\Models\\Village', '{"name":"জালালচর"}'),
(401, 'bn', '256', 'BOL\\Election\\Models\\Village', '{"name":"হরিশকুল (ওয়ার্ড ৬)"}'),
(402, 'bn', '257', 'BOL\\Election\\Models\\Village', '{"name":"দেবুখালি"}'),
(403, 'bn', '258', 'BOL\\Election\\Models\\Village', '{"name":"হরিশকুল (ওয়ার্ড ৫)"}'),
(404, 'bn', '259', 'BOL\\Election\\Models\\Village', '{"name":"গোবিন্দপুর পূর্ব"}'),
(405, 'bn', '260', 'BOL\\Election\\Models\\Village', '{"name":"ময়মন্দি"}'),
(406, 'bn', '261', 'BOL\\Election\\Models\\Village', '{"name":"মহব্বতপুর"}'),
(407, 'bn', '262', 'BOL\\Election\\Models\\Village', '{"name":"মাঝিরকান্দা"}'),
(408, 'bn', '602', 'BOL\\Election\\Models\\Village', '{"name":"বাহ্রা পূর্ব তাতী পাড়া"}'),
(409, 'bn', '266', 'BOL\\Election\\Models\\Village', '{"name":"ইমামনগর"}'),
(410, 'bn', '267', 'BOL\\Election\\Models\\Village', '{"name":"সৈয়দপুর"}'),
(411, 'bn', '270', 'BOL\\Election\\Models\\Village', '{"name":"কাঠালীঘাটা"}'),
(412, 'bn', '272', 'BOL\\Election\\Models\\Village', '{"name":"হাসনাবাদ (ওয়ার্ড ৫)"}'),
(413, 'bn', '273', 'BOL\\Election\\Models\\Village', '{"name":"মোলাশীকান্দা"}'),
(414, 'bn', '601', 'BOL\\Election\\Models\\Village', '{"name":"মৃধাকান্দা"}'),
(415, 'bn', '281', 'BOL\\Election\\Models\\Village', '{"name":"বারোদুয়ারী"}'),
(416, 'bn', '282', 'BOL\\Election\\Models\\Village', '{"name":"চাম্পানগর"}'),
(417, 'bn', '283', 'BOL\\Election\\Models\\Village', '{"name":"গোয়ালনগর"}'),
(418, 'bn', '558', 'BOL\\Election\\Models\\Village', '{"name":"পশ্চিম সমসাবাদ"}'),
(419, 'bn', '288', 'BOL\\Election\\Models\\Village', '{"name":"বাগহাটি"}'),
(420, 'bn', '570', 'BOL\\Election\\Models\\Village', '{"name":"দক্ষিণ শোল্লা"}'),
(421, 'bn', '600', 'BOL\\Election\\Models\\Village', '{"name":"দক্ষিণ জয় পাড়া ঘোনা"}'),
(422, 'bn', '296', 'BOL\\Election\\Models\\Village', '{"name":"পানালিয়া"}'),
(423, 'bn', '298', 'BOL\\Election\\Models\\Village', '{"name":"নবাবগঞ্জ"}'),
(424, 'bn', '572', 'BOL\\Election\\Models\\Village', '{"name":"চকরিয়া চকবাড়ি"}'),
(425, 'bn', '302', 'BOL\\Election\\Models\\Village', '{"name":"বাগমারা"}'),
(426, 'bn', '303', 'BOL\\Election\\Models\\Village', '{"name":"আমিরপুর"}'),
(427, 'bn', '304', 'BOL\\Election\\Models\\Village', '{"name":"জালাল্পুর"}'),
(428, 'bn', '306', 'BOL\\Election\\Models\\Village', '{"name":"বৈকুষ্ঠপুর"}'),
(429, 'bn', '307', 'BOL\\Election\\Models\\Village', '{"name":"রাজপাড়া"}'),
(430, 'bn', '308', 'BOL\\Election\\Models\\Village', '{"name":"পীরমামুদিয়া"}'),
(431, 'bn', '309', 'BOL\\Election\\Models\\Village', '{"name":"বিবিরচর"}'),
(432, 'bn', '530', 'BOL\\Election\\Models\\Village', '{"name":"বড় বক্সনগর"}'),
(433, 'bn', '312', 'BOL\\Election\\Models\\Village', '{"name":"ছোট রাজপাড়া"}'),
(434, 'bn', '316', 'BOL\\Election\\Models\\Village', '{"name":"দিঘীর পাড়"}'),
(435, 'bn', '317', 'BOL\\Election\\Models\\Village', '{"name":"বালুরচড়"}'),
(436, 'bn', '320', 'BOL\\Election\\Models\\Village', '{"name":"কাহুর"}'),
(437, 'bn', '322', 'BOL\\Election\\Models\\Village', '{"name":"কান্দামাত্রা"}'),
(438, 'bn', '323', 'BOL\\Election\\Models\\Village', '{"name":"বাগবাড়ী"}'),
(439, 'bn', '326', 'BOL\\Election\\Models\\Village', '{"name":"শুভরিয়া"}'),
(440, 'bn', '330', 'BOL\\Election\\Models\\Village', '{"name":"তেলেঙ্গা"}'),
(441, 'bn', '331', 'BOL\\Election\\Models\\Village', '{"name":"পাড়াগ্রাম"}'),
(442, 'bn', '332', 'BOL\\Election\\Models\\Village', '{"name":"দরিকান্দা"}'),
(443, 'bn', '333', 'BOL\\Election\\Models\\Village', '{"name":"মধুপুর"}'),
(444, 'bn', '334', 'BOL\\Election\\Models\\Village', '{"name":"নয়াকান্দা"}'),
(445, 'bn', '335', 'BOL\\Election\\Models\\Village', '{"name":"মালিকান্দা"}'),
(446, 'bn', '337', 'BOL\\Election\\Models\\Village', '{"name":"রায়পুর"}'),
(447, 'bn', '346', 'BOL\\Election\\Models\\Village', '{"name":"দৌলতপুর"}'),
(448, 'bn', '465', 'BOL\\Election\\Models\\Village', '{"name":"মাঝপাড়া"}'),
(449, 'bn', '464', 'BOL\\Election\\Models\\Village', '{"name":"দেওভোগ"}'),
(450, 'bn', '463', 'BOL\\Election\\Models\\Village', '{"name":"শুকদেবপুর"}'),
(451, 'bn', '354', 'BOL\\Election\\Models\\Village', '{"name":"আগলা"}'),
(452, 'bn', '355', 'BOL\\Election\\Models\\Village', '{"name":"আগলা পুর্ব পাড়া"}'),
(453, 'bn', '357', 'BOL\\Election\\Models\\Village', '{"name":"কুঠিবাড়ি"}'),
(454, 'bn', '599', 'BOL\\Election\\Models\\Village', '{"name":"পূর্ব সুতারপাড়া (পূর্ব অংশ)"}'),
(455, 'bn', '359', 'BOL\\Election\\Models\\Village', '{"name":"মিয়াহাটি"}'),
(456, 'bn', '363', 'BOL\\Election\\Models\\Village', '{"name":"বড়গ্রাম"}'),
(457, 'bn', '364', 'BOL\\Election\\Models\\Village', '{"name":"সূর্যখালি"}'),
(458, 'bn', '365', 'BOL\\Election\\Models\\Village', '{"name":"শাহবাদ"}'),
(459, 'bn', '366', 'BOL\\Election\\Models\\Village', '{"name":"খানহাটি"}'),
(460, 'bn', '367', 'BOL\\Election\\Models\\Village', '{"name":"নগর"}'),
(461, 'bn', '368', 'BOL\\Election\\Models\\Village', '{"name":"রামনাথপুর"}'),
(462, 'bn', '369', 'BOL\\Election\\Models\\Village', '{"name":"চানহাটি"}'),
(463, 'bn', '370', 'BOL\\Election\\Models\\Village', '{"name":"সোনাহাজরা"}'),
(464, 'bn', '371', 'BOL\\Election\\Models\\Village', '{"name":"শংকরখালি"}'),
(465, 'bn', '372', 'BOL\\Election\\Models\\Village', '{"name":"পাইকশা"}'),
(466, 'bn', '373', 'BOL\\Election\\Models\\Village', '{"name":"পশ্চিম গোবিন্দপুর"}'),
(467, 'bn', '374', 'BOL\\Election\\Models\\Village', '{"name":"চৌরাহাটি"}'),
(468, 'bn', '375', 'BOL\\Election\\Models\\Village', '{"name":"মুসলিমহাটি"}'),
(469, 'bn', '376', 'BOL\\Election\\Models\\Village', '{"name":"সোনাতলা"}'),
(470, 'bn', '377', 'BOL\\Election\\Models\\Village', '{"name":"পাইকশা "}'),
(471, 'bn', '378', 'BOL\\Election\\Models\\Village', '{"name":"শংকরখালি"}'),
(472, 'bn', '379', 'BOL\\Election\\Models\\Village', '{"name":"সোনাহাজরা"}'),
(473, 'bn', '380', 'BOL\\Election\\Models\\Village', '{"name":"চানহাটি"}'),
(474, 'bn', '598', 'BOL\\Election\\Models\\Village', '{"name":"মধুরচর (পশ্চিম দিক)"}'),
(475, 'bn', '383', 'BOL\\Election\\Models\\Village', '{"name":"পূর্ব চুড়াইন"}'),
(476, 'bn', '387', 'BOL\\Election\\Models\\Village', '{"name":"মদনখালি"}'),
(477, 'bn', '388', 'BOL\\Election\\Models\\Village', '{"name":"মরিচপট্টি"}'),
(478, 'bn', '389', 'BOL\\Election\\Models\\Village', '{"name":"নছরতপুর"}'),
(479, 'bn', '390', 'BOL\\Election\\Models\\Village', '{"name":"হাতনী"}'),
(480, 'bn', '391', 'BOL\\Election\\Models\\Village', '{"name":"চর হাতনী"}'),
(481, 'bn', '392', 'BOL\\Election\\Models\\Village', '{"name":"কুসুমহাটি"}'),
(482, 'bn', '393', 'BOL\\Election\\Models\\Village', '{"name":"জয়মঙ্গল"}'),
(483, 'bn', '394', 'BOL\\Election\\Models\\Village', '{"name":"ইকরাশি দক্ষিণ"}'),
(484, 'bn', '395', 'BOL\\Election\\Models\\Village', '{"name":"রায়পাড়া দক্ষিণ"}'),
(485, 'bn', '396', 'BOL\\Election\\Models\\Village', '{"name":"নাগের কান্দা"}'),
(486, 'bn', '397', 'BOL\\Election\\Models\\Village', '{"name":"লটাখোলা বিলের পাড়"}'),
(487, 'bn', '398', 'BOL\\Election\\Models\\Village', '{"name":"পশ্চিম লটাখোলা"}'),
(488, 'bn', '399', 'BOL\\Election\\Models\\Village', '{"name":"মধ্য লটাখোলা"}'),
(489, 'bn', '400', 'BOL\\Election\\Models\\Village', '{"name":"পূর্ব লতাখোলা"}'),
(490, 'bn', '401', 'BOL\\Election\\Models\\Village', '{"name":"উত্তর চর জয়পাড়া"}'),
(491, 'bn', '402', 'BOL\\Election\\Models\\Village', '{"name":"দক্ষিণ চর জয়পাড়া"}'),
(492, 'bn', '403', 'BOL\\Election\\Models\\Village', '{"name":"কাঠালী ঘাটা"}'),
(493, 'bn', '404', 'BOL\\Election\\Models\\Village', '{"name":"খালপাড় (খালের উত্তরদিক)"}'),
(494, 'bn', '405', 'BOL\\Election\\Models\\Village', '{"name":"উত্তর জয় পাড়া খাল (খালের উত্তর দিকে) "}'),
(495, 'bn', '406', 'BOL\\Election\\Models\\Village', '{"name":"ইসলামপুর"}'),
(496, 'bn', '408', 'BOL\\Election\\Models\\Village', '{"name":"উত্তর জয় পাড়া খালপাড় (খালের দক্ষিণ দিক)"}'),
(497, 'bn', '409', 'BOL\\Election\\Models\\Village', '{"name":"উত্তর জয় পাড়া গাজিকান্দা"}'),
(498, 'bn', '410', 'BOL\\Election\\Models\\Village', '{"name":"উত্তর জয় পাড়া মিয়াপাড়া"}'),
(499, 'bn', '411', 'BOL\\Election\\Models\\Village', '{"name":"উত্তর জয় পাড়া বায়াঙ্গারচর"}'),
(500, 'bn', '412', 'BOL\\Election\\Models\\Village', '{"name":"উত্তর জয় পাড়া চৌধুরীপাড়া"}'),
(501, 'bn', '413', 'BOL\\Election\\Models\\Village', '{"name":"উত্তর জয় পাড়া কুঠিবাড়ি"}'),
(502, 'bn', '414', 'BOL\\Election\\Models\\Village', '{"name":"বটিয়া"}'),
(503, 'bn', '415', 'BOL\\Election\\Models\\Village', '{"name":"নুরপুর (ওয়াপদা রোডের পশ্চিম দিকে)"}'),
(504, 'bn', '416', 'BOL\\Election\\Models\\Village', '{"name":"দক্ষিণ জয়পাড়া গাংপাড়"}'),
(505, 'bn', '418', 'BOL\\Election\\Models\\Village', '{"name":"চরলটাখোলা"}'),
(506, 'bn', '419', 'BOL\\Election\\Models\\Village', '{"name":"দক্ষিণ জয়পাড়া মাঝিপাড়া"}'),
(507, 'bn', '420', 'BOL\\Election\\Models\\Village', '{"name":"মুরপুর (ওয়াপদা রোডের পূর্ব দিকে)"}'),
(508, 'bn', '421', 'BOL\\Election\\Models\\Village', '{"name":"দক্ষিণ জয়পাড়া কাড়াকান্দা"}'),
(509, 'bn', '422', 'BOL\\Election\\Models\\Village', '{"name":"দক্ষিণ জয়পাড়া"}'),
(510, 'bn', '423', 'BOL\\Election\\Models\\Village', '{"name":"লস্করকান্দা"}'),
(511, 'bn', '424', 'BOL\\Election\\Models\\Village', '{"name":"রসুল্পুর"}'),
(512, 'bn', '425', 'BOL\\Election\\Models\\Village', '{"name":"উত্তর ইউসুফপুর"}'),
(513, 'bn', '426', 'BOL\\Election\\Models\\Village', '{"name":"দক্ষিণ ইউসুফপুর "}'),
(514, 'bn', '427', 'BOL\\Election\\Models\\Village', '{"name":" নিকড়া (পশ্চিম অংশ)"}'),
(515, 'bn', '428', 'BOL\\Election\\Models\\Village', '{"name":"বানাঘাটা (পূর্ব অংশ)"}'),
(516, 'bn', '429', 'BOL\\Election\\Models\\Village', '{"name":" নিকড়া (পূর্ব অংশ)"}'),
(517, 'bn', '430', 'BOL\\Election\\Models\\Village', '{"name":"ঝানকী"}'),
(518, 'bn', '431', 'BOL\\Election\\Models\\Village', '{"name":"উত্তর শিমুলিয়া"}'),
(519, 'bn', '432', 'BOL\\Election\\Models\\Village', '{"name":"মালিকান্দা"}'),
(520, 'bn', '433', 'BOL\\Election\\Models\\Village', '{"name":"মেঘুলা"}'),
(521, 'bn', '434', 'BOL\\Election\\Models\\Village', '{"name":"দক্ষিণ শিমুলিয়া"}'),
(522, 'bn', '435', 'BOL\\Election\\Models\\Village', '{"name":"নারিশা পশ্চিমচর"}'),
(523, 'bn', '436', 'BOL\\Election\\Models\\Village', '{"name":"নারিশা"}'),
(524, 'bn', '437', 'BOL\\Election\\Models\\Village', '{"name":"নারিশা খালপাড়"}'),
(525, 'bn', '438', 'BOL\\Election\\Models\\Village', '{"name":"নারিশা চৈতাবাতর"}'),
(526, 'bn', '439', 'BOL\\Election\\Models\\Village', '{"name":"রুইখা"}'),
(527, 'bn', '440', 'BOL\\Election\\Models\\Village', '{"name":"সাতভিটা"}'),
(528, 'bn', '441', 'BOL\\Election\\Models\\Village', '{"name":"পশ্চিম চুড়াইন"}'),
(529, 'bn', '455', 'BOL\\Election\\Models\\Village', '{"name":"পুর্বচর"}'),
(530, 'bn', '443', 'BOL\\Election\\Models\\Village', '{"name":"পশ্চিম মুন্সিনগর"}'),
(531, 'bn', '444', 'BOL\\Election\\Models\\Village', '{"name":"পুর্ব মুন্সিনগর"}'),
(532, 'bn', '445', 'BOL\\Election\\Models\\Village', '{"name":"কামারখোলা"}'),
(533, 'bn', '461', 'BOL\\Election\\Models\\Village', '{"name":"মুকিমপুর"}'),
(534, 'bn', '460', 'BOL\\Election\\Models\\Village', '{"name":"মৌড়া দক্ষিণ"}'),
(535, 'bn', '449', 'BOL\\Election\\Models\\Village', '{"name":"আন্ধারকোঠা"}'),
(536, 'bn', '450', 'BOL\\Election\\Models\\Village', '{"name":"নোয়াদ্দা"}'),
(537, 'bn', '458', 'BOL\\Election\\Models\\Village', '{"name":"হরিয়ারটেক"}'),
(538, 'bn', '452', 'BOL\\Election\\Models\\Village', '{"name":"জয়নগর সুরগঞ্জ"}'),
(539, 'bn', '453', 'BOL\\Election\\Models\\Village', '{"name":"পূর্ব গোবিন্দপুর"}'),
(540, 'bn', '454', 'BOL\\Election\\Models\\Village', '{"name":"দুর্গাপুর"}'),
(541, 'bn', '456', 'BOL\\Election\\Models\\Village', '{"name":"খড়িয়া দক্ষিণ"}'),
(542, 'bn', '457', 'BOL\\Election\\Models\\Village', '{"name":"গোড়াবন"}'),
(543, 'bn', '459', 'BOL\\Election\\Models\\Village', '{"name":"রুইতা"}'),
(544, 'bn', '462', 'BOL\\Election\\Models\\Village', '{"name":"হাজীকান্দা"}'),
(545, 'bn', '466', 'BOL\\Election\\Models\\Village', '{"name":"চর কুশুমহাটি"}'),
(546, 'bn', '467', 'BOL\\Election\\Models\\Village', '{"name":"কালুয়াহাটি উত্তর"}'),
(547, 'bn', '468', 'BOL\\Election\\Models\\Village', '{"name":"চরকুশাইরচর (ওয়ার্ড নংঃ ৪)"}'),
(548, 'bn', '469', 'BOL\\Election\\Models\\Village', '{"name":"কালুয়াহাটি দক্ষিণ"}'),
(549, 'bn', '470', 'BOL\\Election\\Models\\Village', '{"name":"চরকুশাইরচর (ওয়ার্ড নংঃ ৫)"}'),
(550, 'bn', '471', 'BOL\\Election\\Models\\Village', '{"name":"টিকরপুর"}'),
(551, 'bn', '472', 'BOL\\Election\\Models\\Village', '{"name":"চরকুশাইরচর (ওয়ার্ড নংঃ ৭)"}'),
(552, 'bn', '473', 'BOL\\Election\\Models\\Village', '{"name":"মাহমুদপুর  কাটাখালের দক্ষিণ পাড়"}'),
(553, 'bn', '474', 'BOL\\Election\\Models\\Village', '{"name":"মোহনপুর"}'),
(554, 'bn', '475', 'BOL\\Election\\Models\\Village', '{"name":"ছাতিয়া"}'),
(555, 'bn', '476', 'BOL\\Election\\Models\\Village', '{"name":"চরচরিয়া"}'),
(556, 'bn', '477', 'BOL\\Election\\Models\\Village', '{"name":"চর মধুচরিয়া"}'),
(557, 'bn', '478', 'BOL\\Election\\Models\\Village', '{"name":"গোকুলনগর"}'),
(558, 'bn', '479', 'BOL\\Election\\Models\\Village', '{"name":"বেনুখালি"}'),
(559, 'bn', '480', 'BOL\\Election\\Models\\Village', '{"name":"চর রঘুদেবপুর"}'),
(560, 'bn', '481', 'BOL\\Election\\Models\\Village', '{"name":"কৈলাইল উত্তর"}'),
(561, 'bn', '483', 'BOL\\Election\\Models\\Village', '{"name":"কৈলাইল দক্ষিণ"}'),
(562, 'bn', '484', 'BOL\\Election\\Models\\Village', '{"name":"সোনারগাঁও"}'),
(563, 'bn', '485', 'BOL\\Election\\Models\\Village', '{"name":"মেলেং দক্ষিণ"}'),
(564, 'bn', '486', 'BOL\\Election\\Models\\Village', '{"name":"মেলেং উত্তর"}'),
(565, 'bn', '487', 'BOL\\Election\\Models\\Village', '{"name":"মেলেং পূর্ব"}');
INSERT INTO `rainlab_translate_attributes` (`id`, `locale`, `model_id`, `model_type`, `attribute_data`) VALUES
(566, 'bn', '488', 'BOL\\Election\\Models\\Village', '{"name":"মেলেং পশ্চিম (খাল পাড়)"}'),
(567, 'bn', '489', 'BOL\\Election\\Models\\Village', '{"name":"ডিগনাড়া"}'),
(568, 'bn', '490', 'BOL\\Election\\Models\\Village', '{"name":"মাশাইল"}'),
(569, 'bn', '492', 'BOL\\Election\\Models\\Village', '{"name":"মোল্লা কান্দা"}'),
(570, 'bn', '493', 'BOL\\Election\\Models\\Village', '{"name":"ভাংগাভিটা"}'),
(571, 'bn', '499', 'BOL\\Election\\Models\\Village', '{"name":"বড় বলমন্তচর"}'),
(572, 'bn', '496', 'BOL\\Election\\Models\\Village', '{"name":"কৈলাইল বাগমারা"}'),
(573, 'bn', '497', 'BOL\\Election\\Models\\Village', '{"name":"ঘাটবাজার"}'),
(574, 'bn', '498', 'BOL\\Election\\Models\\Village', '{"name":"কান্তারটেক"}'),
(575, 'bn', '500', 'BOL\\Election\\Models\\Village', '{"name":"ছোট বলোমন্তচড়"}'),
(576, 'bn', '501', 'BOL\\Election\\Models\\Village', '{"name":"আলমখারচর"}'),
(577, 'bn', '502', 'BOL\\Election\\Models\\Village', '{"name":"উড়ারচর"}'),
(578, 'bn', '525', 'BOL\\Election\\Models\\Village', '{"name":"কমরগঞ্জ"}'),
(579, 'bn', '504', 'BOL\\Election\\Models\\Village', '{"name":"ব্রাহ্মণখালী"}'),
(580, 'bn', '524', 'BOL\\Election\\Models\\Village', '{"name":"পাঠানকান্দা (ওয়ার্ড নংঃ ১)"}'),
(581, 'bn', '506', 'BOL\\Election\\Models\\Village', '{"name":"ছোট নবগ্রাম"}'),
(582, 'bn', '507', 'BOL\\Election\\Models\\Village', '{"name":"বড় বাহ্রা চাকুরি পাড়া"}'),
(583, 'bn', '511', 'BOL\\Election\\Models\\Village', '{"name":"বড় প্রিতি নোয়াদ্দা"}'),
(584, 'bn', '512', 'BOL\\Election\\Models\\Village', '{"name":"বাহ্রা মোল্লাকান্দা"}'),
(585, 'bn', '513', 'BOL\\Election\\Models\\Village', '{"name":"ছোট প্রীতি নোয়াদ্দা"}'),
(586, 'bn', '514', 'BOL\\Election\\Models\\Village', '{"name":"মাইলাইল"}'),
(587, 'bn', '515', 'BOL\\Election\\Models\\Village', '{"name":"বাহ্রা চরকান্দা"}'),
(588, 'bn', '516', 'BOL\\Election\\Models\\Village', '{"name":"উত্তর চৌকিঘাটা"}'),
(589, 'bn', '517', 'BOL\\Election\\Models\\Village', '{"name":"দক্ষিণ চৌকিঘাটা"}'),
(590, 'bn', '518', 'BOL\\Election\\Models\\Village', '{"name":"বড় বাহ্রা উত্তর এবং দক্ষিণ"}'),
(591, 'bn', '519', 'BOL\\Election\\Models\\Village', '{"name":"পূর্ব চক বাহ্রা"}'),
(592, 'bn', '520', 'BOL\\Election\\Models\\Village', '{"name":"বাহ্রা সোনারগাও"}'),
(593, 'bn', '521', 'BOL\\Election\\Models\\Village', '{"name":"উলুমান চান্দুরা"}'),
(594, 'bn', '522', 'BOL\\Election\\Models\\Village', '{"name":"বানিয়াগ্রাম"}'),
(595, 'bn', '523', 'BOL\\Election\\Models\\Village', '{"name":"নাওপাড়া"}'),
(596, 'bn', '526', 'BOL\\Election\\Models\\Village', '{"name":"গাজীখালি"}'),
(597, 'bn', '527', 'BOL\\Election\\Models\\Village', '{"name":"পাঠানকান্দা (ওয়ার্ড নংঃ ২)"}'),
(598, 'bn', '528', 'BOL\\Election\\Models\\Village', '{"name":"ছোট বক্সনগর"}'),
(599, 'bn', '529', 'BOL\\Election\\Models\\Village', '{"name":"বড় বক্সনগর সাবেকহাটি"}'),
(600, 'bn', '531', 'BOL\\Election\\Models\\Village', '{"name":"বক্সনগর চৌরাহাটি"}'),
(601, 'bn', '532', 'BOL\\Election\\Models\\Village', '{"name":"বক্সনগর চিশতীয়ানহাটি"}'),
(602, 'bn', '533', 'BOL\\Election\\Models\\Village', '{"name":"দিঘীর পাড়া"}'),
(603, 'bn', '534', 'BOL\\Election\\Models\\Village', '{"name":"সুরগঞ্জ টুকিনীকান্দা"}'),
(604, 'bn', '535', 'BOL\\Election\\Models\\Village', '{"name":"বর্ধনপাড়া (ওয়ার্ড নংঃ ২)"}'),
(605, 'bn', '536', 'BOL\\Election\\Models\\Village', '{"name":"বর্ধনপাড়া (ওয়ার্ড নংঃ ৩)"}'),
(606, 'bn', '537', 'BOL\\Election\\Models\\Village', '{"name":"বড় তাশুল্লা"}'),
(607, 'bn', '538', 'BOL\\Election\\Models\\Village', '{"name":"তুইতাইল"}'),
(608, 'bn', '539', 'BOL\\Election\\Models\\Village', '{"name":"শৈল্লা"}'),
(609, 'bn', '542', 'BOL\\Election\\Models\\Village', '{"name":"দড়ি দেওতলা"}'),
(610, 'bn', '575', 'BOL\\Election\\Models\\Village', '{"name":"যন্ত্রাইল (ওয়ার্ড ২)"}'),
(611, 'bn', '556', 'BOL\\Election\\Models\\Village', '{"name":"মহিষদিয়া"}'),
(612, 'bn', '548', 'BOL\\Election\\Models\\Village', '{"name":"ভুইয়াহাটি"}'),
(613, 'bn', '549', 'BOL\\Election\\Models\\Village', '{"name":"রাজারামপুর"}'),
(614, 'bn', '553', 'BOL\\Election\\Models\\Village', '{"name":"রায়হাটি"}'),
(615, 'bn', '554', 'BOL\\Election\\Models\\Village', '{"name":"মহাজনপুর"}'),
(616, 'bn', '555', 'BOL\\Election\\Models\\Village', '{"name":"ভুইয়াহাটি"}'),
(617, 'bn', '559', 'BOL\\Election\\Models\\Village', '{"name":"বড় সমসাবাদ"}'),
(618, 'bn', '560', 'BOL\\Election\\Models\\Village', '{"name":"কাশিমপুর"}'),
(619, 'bn', '571', 'BOL\\Election\\Models\\Village', '{"name":"দক্ষিণ পূর্ব শিংড়া"}'),
(620, 'bn', '562', 'BOL\\Election\\Models\\Village', '{"name":"শুরগঞ্জ"}'),
(621, 'bn', '564', 'BOL\\Election\\Models\\Village', '{"name":"খন্দকারহাটি"}'),
(622, 'bn', '565', 'BOL\\Election\\Models\\Village', '{"name":"মাধবপুর"}'),
(623, 'bn', '574', 'BOL\\Election\\Models\\Village', '{"name":"সিংহড়া"}'),
(624, 'bn', '573', 'BOL\\Election\\Models\\Village', '{"name":"হায়াতকান্দা"}'),
(625, 'bn', '576', 'BOL\\Election\\Models\\Village', '{"name":"বালিডিওর"}'),
(626, 'bn', '577', 'BOL\\Election\\Models\\Village', '{"name":"চরখলশী"}'),
(627, 'bn', '578', 'BOL\\Election\\Models\\Village', '{"name":"নবগ্রাম"}'),
(628, 'bn', '579', 'BOL\\Election\\Models\\Village', '{"name":"নলগোড়া"}'),
(629, 'bn', '580', 'BOL\\Election\\Models\\Village', '{"name":"কিরঞ্ছি"}'),
(630, 'bn', '583', 'BOL\\Election\\Models\\Village', '{"name":"বড় হাড়িকান্দা"}'),
(631, 'bn', '586', 'BOL\\Election\\Models\\Village', '{"name":"শরুপদি কান্দি"}'),
(632, 'bn', '587', 'BOL\\Election\\Models\\Village', '{"name":"পুরাতন বান্দুরা"}'),
(633, 'bn', '596', 'BOL\\Election\\Models\\Village', '{"name":"মৌল্ভী ডাঙ্গী"}'),
(634, 'bn', '589', 'BOL\\Election\\Models\\Village', '{"name":"হাসনাবাদ (ওয়ার্ড নংঃ ৬)"}'),
(635, 'bn', '590', 'BOL\\Election\\Models\\Village', '{"name":"নতুন বান্দুরা (ওয়ার্ড নংঃ ৮)"}'),
(636, 'bn', '591', 'BOL\\Election\\Models\\Village', '{"name":"মিরের ডাঙ্গি"}'),
(637, 'bn', '592', 'BOL\\Election\\Models\\Village', '{"name":"নুরনগর"}'),
(638, 'bn', '597', 'BOL\\Election\\Models\\Village', '{"name":"নতুন বান্দুরা (ওয়ার্ড নংঃ ৭)"}'),
(639, 'bn', '595', 'BOL\\Election\\Models\\Village', '{"name":"নয়ানগর"}'),
(640, 'bn', '609', 'BOL\\Election\\Models\\Village', '{"name":"শেখের নগর"}'),
(641, 'bn', '610', 'BOL\\Election\\Models\\Village', '{"name":"পুকুরপাড়"}'),
(642, 'bn', '611', 'BOL\\Election\\Models\\Village', '{"name":"খন্দকার নোয়াদ্দা "}'),
(643, 'bn', '612', 'BOL\\Election\\Models\\Village', '{"name":"গোপিকান্তপুর"}'),
(644, 'bn', '613', 'BOL\\Election\\Models\\Village', '{"name":"বরঙ্গ"}'),
(645, 'bn', '614', 'BOL\\Election\\Models\\Village', '{"name":"গোপাল্পুর"}'),
(646, 'bn', '615', 'BOL\\Election\\Models\\Village', '{"name":"মধ্যনগর"}'),
(647, 'bn', '616', 'BOL\\Election\\Models\\Village', '{"name":"আলহাদীপুর"}'),
(648, 'bn', '617', 'BOL\\Election\\Models\\Village', '{"name":"হযরতপুর"}'),
(649, 'bn', '618', 'BOL\\Election\\Models\\Village', '{"name":"সাদাপুর"}'),
(650, 'bn', '619', 'BOL\\Election\\Models\\Village', '{"name":"কাশিনগর"}'),
(651, 'bn', '620', 'BOL\\Election\\Models\\Village', '{"name":"খালপার"}'),
(652, 'bn', '621', 'BOL\\Election\\Models\\Village', '{"name":"উত্তর জয়পাড়া"}'),
(653, 'bn', '622', 'BOL\\Election\\Models\\Village', '{"name":"দক্ষিণ জয়পাড়া গাংপাড় (ওয়াপদা রোডের পূর্ব দিকে)"}'),
(654, 'bn', '623', 'BOL\\Election\\Models\\Village', '{"name":"লক্ষ্মীপ্রসাদ"}'),
(655, 'bn', '624', 'BOL\\Election\\Models\\Village', '{"name":"রাজাপুর"}'),
(656, 'bn', '625', 'BOL\\Election\\Models\\Village', '{"name":"রতনপুর"}'),
(657, 'bn', '5', 'BOL\\Election\\Models\\Union', '{"name":"নয়াবাড়ী"}'),
(658, 'bn', '6', 'BOL\\Election\\Models\\Union', '{"name":"কুশুমহাটী"}'),
(659, 'bn', '7', 'BOL\\Election\\Models\\Union', '{"name":"রাইপাড়া"}'),
(660, 'bn', '8', 'BOL\\Election\\Models\\Union', '{"name":"সুতারপাড়া"}'),
(661, 'bn', '9', 'BOL\\Election\\Models\\Union', '{"name":"নারিশা"}'),
(662, 'bn', '10', 'BOL\\Election\\Models\\Union', '{"name":"মুক্সুদপুর"}'),
(663, 'bn', '11', 'BOL\\Election\\Models\\Union', '{"name":"মাহমুদপুর"}'),
(664, 'bn', '12', 'BOL\\Election\\Models\\Union', '{"name":"বিলাশপুর"}'),
(665, 'bn', '13', 'BOL\\Election\\Models\\Union', '{"name":"শিকারীপাড়া"}'),
(666, 'bn', '14', 'BOL\\Election\\Models\\Union', '{"name":"জয়কৃষ্ণপুর"}'),
(667, 'bn', '15', 'BOL\\Election\\Models\\Union', '{"name":"বারুয়াখালী"}'),
(668, 'bn', '16', 'BOL\\Election\\Models\\Union', '{"name":"নয়নশ্রী"}'),
(669, 'bn', '17', 'BOL\\Election\\Models\\Union', '{"name":"শোল্লা"}'),
(670, 'bn', '18', 'BOL\\Election\\Models\\Union', '{"name":"যন্ত্রাইল"}'),
(671, 'bn', '19', 'BOL\\Election\\Models\\Union', '{"name":"বান্দুরা"}'),
(672, 'bn', '20', 'BOL\\Election\\Models\\Union', '{"name":"কলাকোপা"}'),
(673, 'bn', '21', 'BOL\\Election\\Models\\Union', '{"name":"বক্সনগর"}'),
(674, 'bn', '22', 'BOL\\Election\\Models\\Union', '{"name":"বাহ্রা"}'),
(675, 'bn', '23', 'BOL\\Election\\Models\\Union', '{"name":"কৈলাইল"}'),
(676, 'bn', '24', 'BOL\\Election\\Models\\Union', '{"name":"আগলা"}'),
(677, 'bn', '25', 'BOL\\Election\\Models\\Union', '{"name":"গলিমপুর"}'),
(678, 'bn', '26', 'BOL\\Election\\Models\\Union', '{"name":"চুড়াইন"}'),
(679, 'bn', '27', 'BOL\\Election\\Models\\Union', '{"name":"দোহার পৌরসভা"}'),
(680, 'bn', '5', 'BOL\\Election\\Models\\Upazila', '{"name":"দোহার"}'),
(681, 'bn', '6', 'BOL\\Election\\Models\\Upazila', '{"name":"নবাবগঞ্জ"}'),
(682, 'bn', '5', 'BOL\\Election\\Models\\People', '{"name":"ডঃ মোঃ জসিম উদ্দিন"}'),
(683, 'bn', '6', 'BOL\\Election\\Models\\People', '{"name":"এবিএম ওয়াহিদুর রহমান"}'),
(684, 'bn', '7', 'BOL\\Election\\Models\\People', '{"name":"মোঃ সাজ্জাদ হোসেন"}'),
(685, 'bn', '8', 'BOL\\Election\\Models\\People', '{"name":"মোঃ কবীর উদ্দিন শাহ"}'),
(686, 'bn', '9', 'BOL\\Election\\Models\\People', '{"name":"মোঃ জয়নুল আবেদীন"}'),
(687, 'bn', '10', 'BOL\\Election\\Models\\People', '{"name":"মোঃ শহীদুল ইসলাম"}'),
(688, 'bn', '11', 'BOL\\Election\\Models\\People', '{"name":"মেহেদী হাসান"}'),
(689, 'bn', '12', 'BOL\\Election\\Models\\People', '{"name":"আলমগীর হোসেন"}'),
(690, 'bn', '13', 'BOL\\Election\\Models\\People', '{"name":"মোঃ মাসুদ পারভেজ"}'),
(691, 'bn', '14', 'BOL\\Election\\Models\\People', '{"name":"শামীমা রহিম"}'),
(692, 'bn', '20', 'BOL\\Election\\Models\\People', '{"name":"শাহনাজ মিঠুন মুন্নি"}'),
(693, 'bn', '24', 'BOL\\Election\\Models\\People', '{"name":"শাহীদুল আমিন"}'),
(694, 'bn', '22', 'BOL\\Election\\Models\\People', '{"name":"মিঃ রামনন্দা সরকার"}'),
(695, 'bn', '21', 'BOL\\Election\\Models\\People', '{"name":"তোফাজ্জল হোসেন"}'),
(696, 'bn', '23', 'BOL\\Election\\Models\\People', '{"name":"শাহীদুল ইসলাম"}'),
(697, 'bn', '25', 'BOL\\Election\\Models\\People', '{"name":"রকিবুল আহসান"}'),
(698, 'bn', '26', 'BOL\\Election\\Models\\People', '{"name":"আজিজুল ইসলাম"}'),
(699, 'bn', '27', 'BOL\\Election\\Models\\People', '{"name":"জাকির হোসেন"}'),
(700, 'bn', '28', 'BOL\\Election\\Models\\People', '{"name":"শেমল চন্দ্র পদ্দার"}'),
(701, 'bn', '29', 'BOL\\Election\\Models\\People', '{"name":"শাজাহান"}'),
(702, 'bn', '30', 'BOL\\Election\\Models\\People', '{"name":"সাইফ মোঃ জুমলার নাঈন"}'),
(703, 'bn', '31', 'BOL\\Election\\Models\\People', '{"name":"হারুন-উর-রশিদ ভূঁইয়া"}'),
(704, 'bn', '32', 'BOL\\Election\\Models\\People', '{"name":"জেসমিন আহমেদ"}'),
(705, 'bn', '33', 'BOL\\Election\\Models\\People', '{"name":"আবদুস সালাম"}'),
(706, 'bn', '34', 'BOL\\Election\\Models\\People', '{"name":"আফরোজা আক্তার বিভা"}'),
(707, 'bn', '35', 'BOL\\Election\\Models\\People', '{"name":"শান্তি রঞ্জন দেবনাথ"}'),
(708, 'bn', '36', 'BOL\\Election\\Models\\People', '{"name":"সালমা খাতুন"}'),
(709, 'bn', '37', 'BOL\\Election\\Models\\People', '{"name":"সাজ্জাদ হোসেন"}'),
(710, 'bn', '38', 'BOL\\Election\\Models\\People', '{"name":"মাহবুব আক্তার"}'),
(711, 'bn', '39', 'BOL\\Election\\Models\\People', '{"name":"জসিম উদ্দিন"}'),
(712, 'bn', '40', 'BOL\\Election\\Models\\People', '{"name":"এবিএম ওয়াহিদুর রহমান"}'),
(713, 'bn', '41', 'BOL\\Election\\Models\\People', '{"name":"এ কে এম মিজানুর রহমান"}'),
(714, 'bn', '42', 'BOL\\Election\\Models\\People', '{"name":"কবীর উদ্দিন শাহ"}'),
(715, 'bn', '43', 'BOL\\Election\\Models\\People', '{"name":"মোহাঃ জয়নাল আবেদীন"}'),
(716, 'bn', '44', 'BOL\\Election\\Models\\People', '{"name":"শহীদুল ইসলাম"}'),
(717, 'bn', '45', 'BOL\\Election\\Models\\People', '{"name":"মেহেদী হাসান"}'),
(718, 'bn', '46', 'BOL\\Election\\Models\\People', '{"name":"মমতাজ উদ্দিন"}'),
(719, 'bn', '47', 'BOL\\Election\\Models\\People', '{"name":"মোহাঃ আলাউদ্দিন মিয়া"}'),
(720, 'bn', '49', 'BOL\\Election\\Models\\People', '{"name":"কাকন রানী বসাক"}'),
(721, 'bn', '83', 'BOL\\Election\\Models\\People', '{"name":"জয়নাল আবেদীন"}'),
(722, 'bn', '84', 'BOL\\Election\\Models\\People', '{"name":"ফারুক আহমেদ"}'),
(723, 'bn', '85', 'BOL\\Election\\Models\\People', '{"name":"আশিকুর রহমান"}'),
(724, 'bn', '117', 'BOL\\Election\\Models\\People', '{"name":"হামিদুর রহমান"}'),
(725, 'bn', '82', 'BOL\\Election\\Models\\People', '{"name":"শিল্পী নাগ"}'),
(726, 'bn', '86', 'BOL\\Election\\Models\\People', '{"name":"ফারজানা আবেদিন"}'),
(727, 'bn', '87', 'BOL\\Election\\Models\\People', '{"name":"মোস্তফা কামাল"}'),
(728, 'bn', '88', 'BOL\\Election\\Models\\People', '{"name":"এ কে এম শামীম হাসান"}'),
(729, 'bn', '89', 'BOL\\Election\\Models\\People', '{"name":"হাবিবুল্লাহ মিয়া"}'),
(730, 'bn', '90', 'BOL\\Election\\Models\\People', '{"name":"আকবর হোসেন মিয়া"}'),
(731, 'bn', '91', 'BOL\\Election\\Models\\People', '{"name":"আকসুর রহমান"}'),
(732, 'bn', '118', 'BOL\\Election\\Models\\People', '{"name":"কাজী সাহিদা বেগম"}'),
(733, 'bn', '92', 'BOL\\Election\\Models\\People', '{"name":"ইবনে মায়াজ প্রমানিক"}'),
(734, 'bn', '93', 'BOL\\Election\\Models\\People', '{"name":"এইচ এম শাহীন"}'),
(735, 'bn', '94', 'BOL\\Election\\Models\\People', '{"name":"শাহজালাল"}'),
(736, 'bn', '81', 'BOL\\Election\\Models\\People', '{"name":"বলরাম"}'),
(737, 'bn', '95', 'BOL\\Election\\Models\\People', '{"name":"নজরুল ইসলাম শেখ"}'),
(738, 'bn', '119', 'BOL\\Election\\Models\\People', '{"name":"লিয়াকত আলী"}'),
(739, 'bn', '96', 'BOL\\Election\\Models\\People', '{"name":"রহিমা বেগম"}'),
(740, 'bn', '97', 'BOL\\Election\\Models\\People', '{"name":"নাসির উদ্দিন"}'),
(741, 'bn', '98', 'BOL\\Election\\Models\\People', '{"name":"তাইবুর রহমান"}'),
(742, 'bn', '99', 'BOL\\Election\\Models\\People', '{"name":"জেড এম শামসুল আলম"}'),
(743, 'bn', '100', 'BOL\\Election\\Models\\People', '{"name":"মোহাঃ আইয়ুব মিয়া"}'),
(744, 'bn', '101', 'BOL\\Election\\Models\\People', '{"name":"মমতাজ উদ্দিন"}'),
(745, 'bn', '102', 'BOL\\Election\\Models\\People', '{"name":"ওহীদুল ইসলাম"}'),
(746, 'bn', '120', 'BOL\\Election\\Models\\People', '{"name":"মনসুর রহমান"}'),
(747, 'bn', '103', 'BOL\\Election\\Models\\People', '{"name":"মতিউর রহমান"}'),
(748, 'bn', '104', 'BOL\\Election\\Models\\People', '{"name":"ফজলুল করিম"}'),
(749, 'bn', '105', 'BOL\\Election\\Models\\People', '{"name":"আসিম কুমার দাস"}'),
(750, 'bn', '106', 'BOL\\Election\\Models\\People', '{"name":"মমিনুল ইসলাম"}'),
(751, 'bn', '107', 'BOL\\Election\\Models\\People', '{"name":"আরব আলী শেখ"}'),
(752, 'bn', '121', 'BOL\\Election\\Models\\People', '{"name":"এবিএম জাকারিয়া"}'),
(753, 'bn', '108', 'BOL\\Election\\Models\\People', '{"name":"আবদুল কাদের জিলানি"}'),
(754, 'bn', '109', 'BOL\\Election\\Models\\People', '{"name":"মাহবুবুর রহমান"}'),
(755, 'bn', '110', 'BOL\\Election\\Models\\People', '{"name":"আনোয়ারুল হক"}'),
(756, 'bn', '111', 'BOL\\Election\\Models\\People', '{"name":"সাইদুর রহমান"}'),
(757, 'bn', '112', 'BOL\\Election\\Models\\People', '{"name":"শমিশতা কুণ্ডু"}'),
(758, 'bn', '122', 'BOL\\Election\\Models\\People', '{"name":"হাফিজা হাকিম রুমা"}'),
(759, 'bn', '123', 'BOL\\Election\\Models\\People', '{"name":"হিন্দল বারী"}'),
(760, 'bn', '114', 'BOL\\Election\\Models\\People', '{"name":"তমাল দাস"}'),
(761, 'bn', '115', 'BOL\\Election\\Models\\People', '{"name":"বাদশা মিয়া"}'),
(762, 'bn', '116', 'BOL\\Election\\Models\\People', '{"name":"কামরুল ইসলাম খান"}'),
(763, 'bn', '124', 'BOL\\Election\\Models\\People', '{"name":"সাব্বির হোসেন"}'),
(764, 'bn', '125', 'BOL\\Election\\Models\\People', '{"name":"সালাহ উদ্দিন"}'),
(765, 'bn', '126', 'BOL\\Election\\Models\\People', '{"name":"সাদিয়া আফরিন"}'),
(766, 'bn', '127', 'BOL\\Election\\Models\\People', '{"name":"শামসুন্নাহার খান"}'),
(767, 'bn', '128', 'BOL\\Election\\Models\\People', '{"name":"ইমরান ইসলাম"}'),
(768, 'bn', '129', 'BOL\\Election\\Models\\People', '{"name":"আলিমুর রহমান খান পিয়ারা"}'),
(769, 'bn', '130', 'BOL\\Election\\Models\\People', '{"name":"আসমা"}'),
(770, 'bn', '131', 'BOL\\Election\\Models\\People', '{"name":"মমতাজ বেগম"}'),
(771, 'bn', '132', 'BOL\\Election\\Models\\People', '{"name":"রোশনের আরা বেগম"}'),
(772, 'bn', '133', 'BOL\\Election\\Models\\People', '{"name":"মোঃ পচু খান"}'),
(773, 'bn', '134', 'BOL\\Election\\Models\\People', '{"name":"মোঃ সিরাজ"}'),
(774, 'bn', '135', 'BOL\\Election\\Models\\People', '{"name":"মোঃ হাশেম আলী"}'),
(775, 'bn', '136', 'BOL\\Election\\Models\\People', '{"name":" মোঃ এনামুল হক"}'),
(776, 'bn', '137', 'BOL\\Election\\Models\\People', '{"name":"মোঃ শাহরিয়ার আলী"}'),
(777, 'bn', '138', 'BOL\\Election\\Models\\People', '{"name":"বিশ্বাস এস এম মিজান"}'),
(778, 'bn', '139', 'BOL\\Election\\Models\\People', '{"name":"মোঃ দেলোয়ার হোসেন টুকু"}'),
(779, 'bn', '140', 'BOL\\Election\\Models\\People', '{"name":"সোলেমন"}'),
(780, 'bn', '141', 'BOL\\Election\\Models\\People', '{"name":"মোঃ নূরুল ইসলাম"}'),
(781, 'bn', '142', 'BOL\\Election\\Models\\People', '{"name":"মোঃ মাসুদুর রহমান"}'),
(782, 'bn', '143', 'BOL\\Election\\Models\\People', '{"name":"রোশন আরা"}'),
(783, 'bn', '144', 'BOL\\Election\\Models\\People', '{"name":"নীলুফা ইয়াসমিন"}'),
(784, 'bn', '145', 'BOL\\Election\\Models\\People', '{"name":"গলিনুর আক্তার"}'),
(785, 'bn', '146', 'BOL\\Election\\Models\\People', '{"name":"মোঃ নূরুল ইসলাম মিয়া"}'),
(786, 'bn', '147', 'BOL\\Election\\Models\\People', '{"name":"মোঃ ইউনূস মিয়া"}'),
(787, 'bn', '148', 'BOL\\Election\\Models\\People', '{"name":"মাবুল মিয়া"}'),
(788, 'bn', '149', 'BOL\\Election\\Models\\People', '{"name":"এ বারেক দেওয়ান"}'),
(789, 'bn', '150', 'BOL\\Election\\Models\\People', '{"name":"মোঃ খোরশেদ আলম"}'),
(790, 'bn', '151', 'BOL\\Election\\Models\\People', '{"name":"রাশেদ"}'),
(791, 'bn', '152', 'BOL\\Election\\Models\\People', '{"name":"মোঃ হারুন আর রশিদ"}'),
(792, 'bn', '153', 'BOL\\Election\\Models\\People', '{"name":"মোঃ রমিজ"}'),
(793, 'bn', '154', 'BOL\\Election\\Models\\People', '{"name":"শেখ হানিফ"}'),
(794, 'bn', '155', 'BOL\\Election\\Models\\People', '{"name":"মোঃ আরিফুর রহমান"}'),
(795, 'bn', '156', 'BOL\\Election\\Models\\People', '{"name":"বেগম হেনা জলিল"}'),
(796, 'bn', '157', 'BOL\\Election\\Models\\People', '{"name":"মালা সুলতানা"}'),
(797, 'bn', '158', 'BOL\\Election\\Models\\People', '{"name":"রুখসানা বেগম"}'),
(798, 'bn', '159', 'BOL\\Election\\Models\\People', '{"name":"মোঃ ইউনূস আলী"}'),
(799, 'bn', '160', 'BOL\\Election\\Models\\People', '{"name":"মোঃ মঞ্জু বেপারী"}'),
(800, 'bn', '161', 'BOL\\Election\\Models\\People', '{"name":"মোঃ সিরাজ খান"}'),
(801, 'bn', '162', 'BOL\\Election\\Models\\People', '{"name":"মোসলেম মিয়া"}'),
(802, 'bn', '163', 'BOL\\Election\\Models\\People', '{"name":"আফতাব উদ্দিন"}'),
(803, 'bn', '164', 'BOL\\Election\\Models\\People', '{"name":"মোঃ উদ্দিন উদ্দিন"}'),
(804, 'bn', '165', 'BOL\\Election\\Models\\People', '{"name":"আজহার ফেরাজী"}'),
(805, 'bn', '166', 'BOL\\Election\\Models\\People', '{"name":"মোঃ লাল মিয়া"}'),
(806, 'bn', '167', 'BOL\\Election\\Models\\People', '{"name":"জমাত আলী"}'),
(807, 'bn', '168', 'BOL\\Election\\Models\\People', '{"name":"মোঃ রিপন মোল্লা"}'),
(808, 'bn', '169', 'BOL\\Election\\Models\\People', '{"name":"নুরজাহান বেগম"}'),
(809, 'bn', '170', 'BOL\\Election\\Models\\People', '{"name":"আনোয়ারা বেগম"}'),
(810, 'bn', '171', 'BOL\\Election\\Models\\People', '{"name":"লিপিকা বেরুনিকা গোমেজ"}'),
(811, 'bn', '172', 'BOL\\Election\\Models\\People', '{"name":"সেকান্ডার মিয়া"}'),
(812, 'bn', '173', 'BOL\\Election\\Models\\People', '{"name":"মোঃ রশিদ কাজী"}'),
(813, 'bn', '174', 'BOL\\Election\\Models\\People', '{"name":"শাহাদাত হোসেন"}'),
(814, 'bn', '175', 'BOL\\Election\\Models\\People', '{"name":"মোঃ আসলাম মিয়া"}'),
(815, 'bn', '176', 'BOL\\Election\\Models\\People', '{"name":"মোঃ আনিসুল ইসলাম"}'),
(816, 'bn', '177', 'BOL\\Election\\Models\\People', '{"name":"শামসুল হক সিন্ধু"}'),
(817, 'bn', '178', 'BOL\\Election\\Models\\People', '{"name":"শামীম দেওয়ান"}'),
(818, 'bn', '179', 'BOL\\Election\\Models\\People', '{"name":"রুহুল ইসলাম ভূঁইয়া"}'),
(819, 'bn', '180', 'BOL\\Election\\Models\\People', '{"name":"থমাস রোজারিও"}'),
(820, 'bn', '181', 'BOL\\Election\\Models\\People', '{"name":"দেওয়ান তুহিনুর রহমান"}'),
(821, 'bn', '182', 'BOL\\Election\\Models\\People', '{"name":"রোজিনা আখতার"}'),
(822, 'bn', '183', 'BOL\\Election\\Models\\People', '{"name":"বিউটি চক্রবর্তী"}'),
(823, 'bn', '184', 'BOL\\Election\\Models\\People', '{"name":"মমতাজ বেগম"}'),
(824, 'bn', '185', 'BOL\\Election\\Models\\People', '{"name":"মোঃ আইয়ুব মোল্লা"}'),
(825, 'bn', '186', 'BOL\\Election\\Models\\People', '{"name":"মোঃ শফিক উদ্দিন"}'),
(826, 'bn', '187', 'BOL\\Election\\Models\\People', '{"name":"মোঃ এনামুল হক"}'),
(827, 'bn', '188', 'BOL\\Election\\Models\\People', '{"name":"দেওয়ান হাবিবুর রহমান"}'),
(828, 'bn', '189', 'BOL\\Election\\Models\\People', '{"name":"মোঃ রুবেল মিয়া"}'),
(829, 'bn', '190', 'BOL\\Election\\Models\\People', '{"name":"এ মজিদ মোল্লা"}'),
(830, 'bn', '191', 'BOL\\Election\\Models\\People', '{"name":"মোঃ মোহাম্মদ আলী"}'),
(831, 'bn', '192', 'BOL\\Election\\Models\\People', '{"name":"মোঃ উজজল হোসেন"}'),
(832, 'bn', '193', 'BOL\\Election\\Models\\People', '{"name":"মোঃ আব্দুল মজিদ"}'),
(833, 'bn', '194', 'BOL\\Election\\Models\\People', '{"name":"মিঃ নন্দ লাল সিং"}'),
(834, 'bn', '195', 'BOL\\Election\\Models\\People', '{"name":"শিল্পী বেগম"}'),
(835, 'bn', '196', 'BOL\\Election\\Models\\People', '{"name":"রেখা রানী বিশ্বাস"}'),
(836, 'bn', '197', 'BOL\\Election\\Models\\People', '{"name":"ফুলজান বেগম"}'),
(837, 'bn', '198', 'BOL\\Election\\Models\\People', '{"name":"জয়নাল আবেদীন"}'),
(838, 'bn', '199', 'BOL\\Election\\Models\\People', '{"name":"মশিউর রহমান খান"}'),
(839, 'bn', '200', 'BOL\\Election\\Models\\People', '{"name":"রঘুনাথ মজি"}'),
(840, 'bn', '201', 'BOL\\Election\\Models\\People', '{"name":"শেখ চঞ্চল"}'),
(841, 'bn', '202', 'BOL\\Election\\Models\\People', '{"name":"ধিজেন বাউল"}'),
(842, 'bn', '203', 'BOL\\Election\\Models\\People', '{"name":"শেখ আইনাল"}'),
(843, 'bn', '204', 'BOL\\Election\\Models\\People', '{"name":"পবিত্র কুমার সরকার"}'),
(844, 'bn', '205', 'BOL\\Election\\Models\\People', '{"name":"স্বপন কুমার সরকার"}'),
(845, 'bn', '206', 'BOL\\Election\\Models\\People', '{"name":"নিমাই বিশ্বাস"}'),
(846, 'bn', '207', 'BOL\\Election\\Models\\People', '{"name":"মোঃ হিলাল মিয়া"}'),
(847, 'bn', '208', 'BOL\\Election\\Models\\People', '{"name":"শিউলি আক্তার মিলি"}'),
(848, 'bn', '209', 'BOL\\Election\\Models\\People', '{"name":"রুমা বেগম"}'),
(849, 'bn', '210', 'BOL\\Election\\Models\\People', '{"name":"নাসিমা আক্তার"}'),
(850, 'bn', '211', 'BOL\\Election\\Models\\People', '{"name":"হারুন উর রশিদ ভূঁইয়া"}'),
(851, 'bn', '212', 'BOL\\Election\\Models\\People', '{"name":"মোহাম্মদ সিদ্দিকী"}'),
(852, 'bn', '213', 'BOL\\Election\\Models\\People', '{"name":"আবদুস সামাদ"}'),
(853, 'bn', '214', 'BOL\\Election\\Models\\People', '{"name":"মোঃ আতিকুর রহমান"}'),
(854, 'bn', '215', 'BOL\\Election\\Models\\People', '{"name":"ফ্রান্সিস দিলীপ গোমেজ"}'),
(855, 'bn', '216', 'BOL\\Election\\Models\\People', '{"name":"মোঃ জিয়া উদ্দিন"}'),
(856, 'bn', '217', 'BOL\\Election\\Models\\People', '{"name":"সুকুমার হালদার"}'),
(857, 'bn', '218', 'BOL\\Election\\Models\\People', '{"name":"আব্দুল রাজ্জাক"}'),
(858, 'bn', '219', 'BOL\\Election\\Models\\People', '{"name":"পন্নু মিয়া"}'),
(859, 'bn', '220', 'BOL\\Election\\Models\\People', '{"name":"মোঃ ইব্রাহিম খলিল"}'),
(860, 'bn', '221', 'BOL\\Election\\Models\\People', '{"name":"ফাতেমা বেগম"}'),
(861, 'bn', '222', 'BOL\\Election\\Models\\People', '{"name":"রূপালী পারভীন"}'),
(862, 'bn', '223', 'BOL\\Election\\Models\\People', '{"name":"সাবিনা আক্তার"}'),
(863, 'bn', '224', 'BOL\\Election\\Models\\People', '{"name":"মোঃ মহসিন"}'),
(864, 'bn', '225', 'BOL\\Election\\Models\\People', '{"name":"মোঃ বজলুর রহমান"}'),
(865, 'bn', '226', 'BOL\\Election\\Models\\People', '{"name":"খন্দকার আবুল আরিফ হিতু"}'),
(866, 'bn', '227', 'BOL\\Election\\Models\\People', '{"name":"মোঃ সাহেব উদ্দিন"}'),
(867, 'bn', '228', 'BOL\\Election\\Models\\People', '{"name":"লুৎফা আক্তার"}'),
(868, 'bn', '229', 'BOL\\Election\\Models\\People', '{"name":"মোঃ রজ্জিব আলী"}'),
(869, 'bn', '230', 'BOL\\Election\\Models\\People', '{"name":"মোঃ তেনজিন আহমেদ"}'),
(870, 'bn', '231', 'BOL\\Election\\Models\\People', '{"name":"বাবু লাল মোডক"}'),
(871, 'bn', '232', 'BOL\\Election\\Models\\People', '{"name":"সিরাজ উদ্দিন"}'),
(872, 'bn', '233', 'BOL\\Election\\Models\\People', '{"name":"মোঃ আব্দুল ওয়াদুদ"}'),
(873, 'bn', '234', 'BOL\\Election\\Models\\People', '{"name":"নাজমা বেগম"}'),
(874, 'bn', '235', 'BOL\\Election\\Models\\People', '{"name":"শাহিনুর আলম"}'),
(875, 'bn', '236', 'BOL\\Election\\Models\\People', '{"name":"সামছুন নাহার"}'),
(876, 'bn', '237', 'BOL\\Election\\Models\\People', '{"name":"আব্দুল হাসিম"}'),
(877, 'bn', '238', 'BOL\\Election\\Models\\People', '{"name":"মোঃ আবু জাহের"}'),
(878, 'bn', '239', 'BOL\\Election\\Models\\People', '{"name":"মোঃ রিপন মিয়া"}'),
(879, 'bn', '240', 'BOL\\Election\\Models\\People', '{"name":"আনোয়ার হোসেন"}'),
(880, 'bn', '241', 'BOL\\Election\\Models\\People', '{"name":"মোঃ বেলায়েত হোসেন স্বাধীন"}'),
(881, 'bn', '242', 'BOL\\Election\\Models\\People', '{"name":"মোঃ সাব্বির উদ্দিন"}'),
(882, 'bn', '243', 'BOL\\Election\\Models\\People', '{"name":"মোঃ আইয়ুব হোসেন"}'),
(883, 'bn', '244', 'BOL\\Election\\Models\\People', '{"name":"শেখ মোঃ মিলন"}'),
(884, 'bn', '245', 'BOL\\Election\\Models\\People', '{"name":"আখতার হোসেন"}'),
(885, 'bn', '246', 'BOL\\Election\\Models\\People', '{"name":"মোঃ সাফিল উদ্দিন মিয়া"}'),
(886, 'bn', '247', 'BOL\\Election\\Models\\People', '{"name":"মৃধা মরিয়ম সেন্টূ"}'),
(887, 'bn', '248', 'BOL\\Election\\Models\\People', '{"name":"শিমা বেগম"}'),
(888, 'bn', '249', 'BOL\\Election\\Models\\People', '{"name":"মিনু বেগম"}'),
(889, 'bn', '250', 'BOL\\Election\\Models\\People', '{"name":"মোঃ আনোয়ার হোসেন"}'),
(890, 'bn', '251', 'BOL\\Election\\Models\\People', '{"name":"মোঃ মতিউর রহমান মতিন"}'),
(891, 'bn', '252', 'BOL\\Election\\Models\\People', '{"name":"মন্দিরা বাউল"}'),
(892, 'bn', '253', 'BOL\\Election\\Models\\People', '{"name":"মোঃ শাহজাহান মিয়া"}'),
(893, 'bn', '254', 'BOL\\Election\\Models\\People', '{"name":"মোঃ সালাহ উদ্দিন বাবু"}'),
(894, 'bn', '255', 'BOL\\Election\\Models\\People', '{"name":"মোঃ মোশাররফ হোসেন"}'),
(895, 'bn', '256', 'BOL\\Election\\Models\\People', '{"name":"মোঃ সিরাজ"}'),
(896, 'bn', '257', 'BOL\\Election\\Models\\People', '{"name":"ইজ্জত আলী"}'),
(897, 'bn', '258', 'BOL\\Election\\Models\\People', '{"name":"মোঃ শিকিম আলী"}'),
(898, 'bn', '259', 'BOL\\Election\\Models\\People', '{"name":"মোঃ পন্নু মিয়া"}'),
(899, 'bn', '260', 'BOL\\Election\\Models\\People', '{"name":"উর্মী চৌধুরী"}'),
(900, 'bn', '261', 'BOL\\Election\\Models\\People', '{"name":"বাবিতা বেগম"}'),
(901, 'bn', '262', 'BOL\\Election\\Models\\People', '{"name":"রহিমা বেগম"}'),
(902, 'bn', '263', 'BOL\\Election\\Models\\People', '{"name":"বিজয় বোরই"}'),
(903, 'bn', '264', 'BOL\\Election\\Models\\People', '{"name":"আবু বকর"}'),
(904, 'bn', '265', 'BOL\\Election\\Models\\People', '{"name":"মোঃ ফারুক"}'),
(905, 'bn', '266', 'BOL\\Election\\Models\\People', '{"name":"মোঃ সামির উদ্দিন"}'),
(906, 'bn', '267', 'BOL\\Election\\Models\\People', '{"name":"মোঃ সাইদুল ইসলাম"}'),
(907, 'bn', '268', 'BOL\\Election\\Models\\People', '{"name":"শেখ আবদুল হালিম"}'),
(908, 'bn', '269', 'BOL\\Election\\Models\\People', '{"name":"মহর চাঁদ মন্ডল"}'),
(909, 'bn', '270', 'BOL\\Election\\Models\\People', '{"name":"মোঃ আরমান শেখ"}'),
(910, 'bn', '271', 'BOL\\Election\\Models\\People', '{"name":"মোঃ মালেক"}'),
(911, 'bn', '272', 'BOL\\Election\\Models\\People', '{"name":"আবেদ হোসেন"}'),
(912, 'bn', '273', 'BOL\\Election\\Models\\People', '{"name":"আনোয়ারা"}'),
(913, 'bn', '274', 'BOL\\Election\\Models\\People', '{"name":"ডলি চৌধুরী"}'),
(914, 'bn', '275', 'BOL\\Election\\Models\\People', '{"name":"ফরিদা ইসলাম"}'),
(915, 'bn', '276', 'BOL\\Election\\Models\\People', '{"name":"মোঃ আকমোট পাঠান"}'),
(916, 'bn', '277', 'BOL\\Election\\Models\\People', '{"name":"জয়নাল আবেদীন"}'),
(917, 'bn', '278', 'BOL\\Election\\Models\\People', '{"name":"মোঃ আসলাম"}'),
(918, 'bn', '279', 'BOL\\Election\\Models\\People', '{"name":"মোঃ আলাউদ্দিন"}'),
(919, 'bn', '280', 'BOL\\Election\\Models\\People', '{"name":"মোঃ ফরিদ"}'),
(920, 'bn', '281', 'BOL\\Election\\Models\\People', '{"name":"আবু বকর চৌধুরী"}'),
(921, 'bn', '282', 'BOL\\Election\\Models\\People', '{"name":"খলিল"}'),
(922, 'bn', '283', 'BOL\\Election\\Models\\People', '{"name":"মোঃ রিজু খান"}'),
(923, 'bn', '284', 'BOL\\Election\\Models\\People', '{"name":"মোঃ রমজান আলী খান"}'),
(924, 'bn', '285', 'BOL\\Election\\Models\\People', '{"name":"তপন মোল্লা"}'),
(925, 'bn', '286', 'BOL\\Election\\Models\\People', '{"name":"রুমা সুলতানা"}'),
(926, 'bn', '287', 'BOL\\Election\\Models\\People', '{"name":"পারভীন আখতার"}'),
(927, 'bn', '288', 'BOL\\Election\\Models\\People', '{"name":"সাধুনা আক্তার"}'),
(928, 'bn', '289', 'BOL\\Election\\Models\\People', '{"name":"মোঃ সেলিম দেওয়ান"}'),
(929, 'bn', '290', 'BOL\\Election\\Models\\People', '{"name":"লুৎফুর রহমান খান"}'),
(930, 'bn', '291', 'BOL\\Election\\Models\\People', '{"name":"মোঃ মদিউদ্দিন"}'),
(931, 'bn', '292', 'BOL\\Election\\Models\\People', '{"name":"ইমাম উদ্দিন"}'),
(932, 'bn', '293', 'BOL\\Election\\Models\\People', '{"name":"মোঃ বাবুল হোসেন"}'),
(933, 'bn', '294', 'BOL\\Election\\Models\\People', '{"name":"মোঃ শহীদুর রহমান"}'),
(934, 'bn', '295', 'BOL\\Election\\Models\\People', '{"name":"নুরুল ইসলাম"}'),
(935, 'bn', '296', 'BOL\\Election\\Models\\People', '{"name":"রেহজ উদ্দিন"}'),
(936, 'bn', '297', 'BOL\\Election\\Models\\People', '{"name":"তাজুল ইসলাম"}'),
(937, 'bn', '298', 'BOL\\Election\\Models\\People', '{"name":"মোঃ এ জলিল"}'),
(938, 'bn', '299', 'BOL\\Election\\Models\\People', '{"name":"শুভনা বেগম"}'),
(939, 'bn', '300', 'BOL\\Election\\Models\\People', '{"name":"কোহিনুর বেগম"}'),
(940, 'bn', '301', 'BOL\\Election\\Models\\People', '{"name":"রওশন আরা বেগম"}'),
(941, 'bn', '302', 'BOL\\Election\\Models\\People', '{"name":"মিজানুর রহমান"}'),
(942, 'bn', '303', 'BOL\\Election\\Models\\People', '{"name":"মোঃ হাশেম"}'),
(943, 'bn', '304', 'BOL\\Election\\Models\\People', '{"name":"মিজানুর রহমান"}'),
(944, 'bn', '305', 'BOL\\Election\\Models\\People', '{"name":"আহমদ উল্লাহ"}'),
(945, 'bn', '306', 'BOL\\Election\\Models\\People', '{"name":"শফিকুল পাঠান"}'),
(946, 'bn', '307', 'BOL\\Election\\Models\\People', '{"name":"মফিজুর রহমান সেতু"}'),
(947, 'bn', '308', 'BOL\\Election\\Models\\People', '{"name":"মাহবুবুর রহমান"}'),
(948, 'bn', '309', 'BOL\\Election\\Models\\People', '{"name":"ফারুক হোসেন"}'),
(949, 'bn', '310', 'BOL\\Election\\Models\\People', '{"name":"বাদশা মিয়া"}'),
(950, 'bn', '312', 'BOL\\Election\\Models\\People', '{"name":"শামীম আহমেদ"}'),
(951, 'bn', '313', 'BOL\\Election\\Models\\People', '{"name":"ইয়ার আলী"}'),
(952, 'bn', '314', 'BOL\\Election\\Models\\People', '{"name":"সোনামুদ্দিন বেপারী"}'),
(953, 'bn', '315', 'BOL\\Election\\Models\\People', '{"name":"লিটন হালদার"}'),
(954, 'bn', '316', 'BOL\\Election\\Models\\People', '{"name":"মোঃ মাসুদ মোল্লা"}'),
(955, 'bn', '317', 'BOL\\Election\\Models\\People', '{"name":"মোঃ আরব আলী"}'),
(956, 'bn', '318', 'BOL\\Election\\Models\\People', '{"name":"নোয়াব আলী"}'),
(957, 'bn', '319', 'BOL\\Election\\Models\\People', '{"name":"মোঃ সামসুদ্দিন"}'),
(958, 'bn', '320', 'BOL\\Election\\Models\\People', '{"name":"বকুল"}'),
(959, 'bn', '321', 'BOL\\Election\\Models\\People', '{"name":"কামরুল মোল্লা"}'),
(960, 'bn', '322', 'BOL\\Election\\Models\\People', '{"name":"ঝুনু বেগম"}'),
(961, 'bn', '323', 'BOL\\Election\\Models\\People', '{"name":"জীবন নেসা"}'),
(962, 'bn', '324', 'BOL\\Election\\Models\\People', '{"name":"ফাতেমা বেগম"}'),
(963, 'bn', '325', 'BOL\\Election\\Models\\People', '{"name":"মোঃ আলাউদ্দিন উদ্দিন"}'),
(964, 'bn', '326', 'BOL\\Election\\Models\\People', '{"name":"সরোয়ার হোসেন"}'),
(965, 'bn', '327', 'BOL\\Election\\Models\\People', '{"name":"শেখ ইস্কান্দার"}'),
(966, 'bn', '328', 'BOL\\Election\\Models\\People', '{"name":"এনামুল শেখ"}'),
(967, 'bn', '329', 'BOL\\Election\\Models\\People', '{"name":"আবুল হোসেন"}'),
(968, 'bn', '330', 'BOL\\Election\\Models\\People', '{"name":"আবুল কাশেম"}'),
(969, 'bn', '331', 'BOL\\Election\\Models\\People', '{"name":"বদরুদ্দিন খালাশী"}'),
(970, 'bn', '332', 'BOL\\Election\\Models\\People', '{"name":"ফারহাদ হোসেন"}'),
(971, 'bn', '333', 'BOL\\Election\\Models\\People', '{"name":"নুরুল হক বেপারী"}'),
(972, 'bn', '334', 'BOL\\Election\\Models\\People', '{"name":"মোতালেব মোল্লা"}'),
(973, 'bn', '335', 'BOL\\Election\\Models\\People', '{"name":"ফাতেমা বেগম"}'),
(974, 'bn', '336', 'BOL\\Election\\Models\\People', '{"name":"অঞ্জানা বেগম"}'),
(975, 'bn', '337', 'BOL\\Election\\Models\\People', '{"name":"সোনাই বিবি"}'),
(976, 'bn', '338', 'BOL\\Election\\Models\\People', '{"name":"আমজাদ হোসেন আজাদ"}'),
(977, 'bn', '339', 'BOL\\Election\\Models\\People', '{"name":"হাসিনা বেগম"}'),
(978, 'bn', '340', 'BOL\\Election\\Models\\People', '{"name":"রেহানা আক্তার"}'),
(979, 'bn', '341', 'BOL\\Election\\Models\\People', '{"name":"হিমেল"}'),
(980, 'bn', '342', 'BOL\\Election\\Models\\People', '{"name":"মোঃ শওন ইসলাম"}'),
(981, 'bn', '343', 'BOL\\Election\\Models\\People', '{"name":"হারুন আর রশিদ"}'),
(982, 'bn', '344', 'BOL\\Election\\Models\\People', '{"name":"আবুল কালাম আজাদ"}'),
(983, 'bn', '345', 'BOL\\Election\\Models\\People', '{"name":"কমল মজুমদার"}'),
(984, 'bn', '346', 'BOL\\Election\\Models\\People', '{"name":"আক্কাস ভূঁইয়া"}'),
(985, 'bn', '347', 'BOL\\Election\\Models\\People', '{"name":"শাহ স্বপন"}'),
(986, 'bn', '348', 'BOL\\Election\\Models\\People', '{"name":"আজহার আলী"}'),
(987, 'bn', '349', 'BOL\\Election\\Models\\People', '{"name":"আসাদুজ্জামান নূর"}'),
(988, 'bn', '350', 'BOL\\Election\\Models\\People', '{"name":"মোঃ কাফিল"}'),
(989, 'bn', '351', 'BOL\\Election\\Models\\People', '{"name":"শওকত আলী নয়ন (মৃত)"}'),
(990, 'bn', '352', 'BOL\\Election\\Models\\People', '{"name":"মোঃ সাফী উদ্দিন"}'),
(991, 'bn', '353', 'BOL\\Election\\Models\\People', '{"name":"লাইলা আঞ্জমান"}'),
(992, 'bn', '354', 'BOL\\Election\\Models\\People', '{"name":"রোমা বেগম"}'),
(993, 'bn', '355', 'BOL\\Election\\Models\\People', '{"name":"রওশন আখতার রিনি"}'),
(994, 'bn', '356', 'BOL\\Election\\Models\\People', '{"name":"গিয়াস উদ্দিন (মৃত)"}'),
(995, 'bn', '357', 'BOL\\Election\\Models\\People', '{"name":"আজগর আলী"}'),
(996, 'bn', '358', 'BOL\\Election\\Models\\People', '{"name":"ইশহক খান"}'),
(997, 'bn', '359', 'BOL\\Election\\Models\\People', '{"name":"নুরুল হক"}'),
(998, 'bn', '360', 'BOL\\Election\\Models\\People', '{"name":"এ রাজ্জাক"}'),
(999, 'bn', '361', 'BOL\\Election\\Models\\People', '{"name":"গৌর চন্দ্র কুণ্ডু"}'),
(1000, 'bn', '362', 'BOL\\Election\\Models\\People', '{"name":"এ সামাদ (মৃত)"}'),
(1001, 'bn', '363', 'BOL\\Election\\Models\\People', '{"name":"আলহাজ এ রশীদ মিয়া"}'),
(1002, 'bn', '364', 'BOL\\Election\\Models\\People', '{"name":"খালেদা আখতার"}'),
(1003, 'bn', '365', 'BOL\\Election\\Models\\People', '{"name":"জামিলা খাতুন"}'),
(1004, 'bn', '366', 'BOL\\Election\\Models\\People', '{"name":"শাহনাজ পারভীন"}'),
(1005, 'bn', '367', 'BOL\\Election\\Models\\People', '{"name":"বদরুল ইসলাম"}'),
(1006, 'bn', '368', 'BOL\\Election\\Models\\People', '{"name":"মোঃ আলমাস উদ্দিন"}'),
(1007, 'bn', '369', 'BOL\\Election\\Models\\People', '{"name":"মৃত্যুর কারণে খালি"}'),
(1008, 'bn', '370', 'BOL\\Election\\Models\\People', '{"name":"মৃত্যুর কারণে খালি"}'),
(1009, 'bn', '371', 'BOL\\Election\\Models\\People', '{"name":"মোঃ আদিল শিকদার"}'),
(1010, 'bn', '372', 'BOL\\Election\\Models\\People', '{"name":"জনাব মোঃ আলী"}'),
(1011, 'bn', '373', 'BOL\\Election\\Models\\People', '{"name":"জনাব ফরহাদ বেপারি"}'),
(1012, 'bn', '374', 'BOL\\Election\\Models\\People', '{"name":"রকিবুল হাসান রকিব"}'),
(1013, 'bn', '375', 'BOL\\Election\\Models\\People', '{"name":"আনোয়ার হোসেন"}'),
(1014, 'bn', '376', 'BOL\\Election\\Models\\People', '{"name":"মোঃ সুরজ বেপারি"}'),
(1015, 'bn', '377', 'BOL\\Election\\Models\\People', '{"name":"শওকত বিশ্বাস"}'),
(1016, 'bn', '378', 'BOL\\Election\\Models\\People', '{"name":"এ মজিদ"}'),
(1017, 'bn', '379', 'BOL\\Election\\Models\\People', '{"name":"সাইফুন নাহার ইতি"}'),
(1018, 'bn', '380', 'BOL\\Election\\Models\\People', '{"name":"মোঃ এনাল মোল্লা"}'),
(1019, 'bn', '381', 'BOL\\Election\\Models\\People', '{"name":"আবু তালেব মোল্লা"}'),
(1020, 'bn', '382', 'BOL\\Election\\Models\\People', '{"name":"সালেহ বেগম"}'),
(1021, 'bn', '383', 'BOL\\Election\\Models\\People', '{"name":"হালিম খান"}'),
(1022, 'bn', '384', 'BOL\\Election\\Models\\People', '{"name":"এ আওয়াল"}'),
(1023, 'bn', '385', 'BOL\\Election\\Models\\People', '{"name":"এ হান্নান"}'),
(1024, 'bn', '386', 'BOL\\Election\\Models\\People', '{"name":"শাহনাজ বেগম"}'),
(1025, 'bn', '387', 'BOL\\Election\\Models\\People', '{"name":"মোঃ আনোয়ার হোসেন (মৃত)"}'),
(1026, 'bn', '388', 'BOL\\Election\\Models\\People', '{"name":"নুরুল ইসলাম; চেয়ারম্যান ড। পোরাসভা নির্বাচনে অংশগ্রহণের পদত্যাগ)"}'),
(1027, 'bn', '389', 'BOL\\Election\\Models\\People', '{"name":"মোঃ সালাহউদ্দিন দোরানী"}'),
(1028, 'bn', '390', 'BOL\\Election\\Models\\People', '{"name":"হালিমা সুলতানা"}'),
(1029, 'bn', '391', 'BOL\\Election\\Models\\People', '{"name":"সুরজান বেগম"}'),
(1030, 'bn', '392', 'BOL\\Election\\Models\\People', '{"name":"পুষ্প খানম"}'),
(1031, 'bn', '393', 'BOL\\Election\\Models\\People', '{"name":"দালিল উদ্দিন"}'),
(1032, 'bn', '394', 'BOL\\Election\\Models\\People', '{"name":"বিলাল হোসেন"}'),
(1033, 'bn', '395', 'BOL\\Election\\Models\\People', '{"name":"সিরাজুল ইসলাম"}'),
(1034, 'bn', '396', 'BOL\\Election\\Models\\People', '{"name":"বিলালুর রহমান"}'),
(1035, 'bn', '397', 'BOL\\Election\\Models\\People', '{"name":"কামাল হোসেন"}'),
(1036, 'bn', '398', 'BOL\\Election\\Models\\People', '{"name":"আব্দুল আলী"}'),
(1037, 'bn', '399', 'BOL\\Election\\Models\\People', '{"name":"আমিনুল ইসলাম জিকু"}'),
(1038, 'bn', '400', 'BOL\\Election\\Models\\People', '{"name":"শেখ নুরুল ইসলাম"}'),
(1039, 'bn', '401', 'BOL\\Election\\Models\\People', '{"name":"এ মজিদ"}'),
(1040, 'bn', '402', 'BOL\\Election\\Models\\People', '{"name":"এম এ হান্নান খান"}'),
(1041, 'bn', '403', 'BOL\\Election\\Models\\People', '{"name":"সুলতান মোল্লা"}'),
(1042, 'bn', '404', 'BOL\\Election\\Models\\People', '{"name":"মোসা কালীমুল্লাহ"}'),
(1043, 'bn', '405', 'BOL\\Election\\Models\\People', '{"name":"মোখলেস খাঁ"}'),
(1044, 'bn', '406', 'BOL\\Election\\Models\\People', '{"name":"মোঃ চান মিয়া"}'),
(1045, 'bn', '407', 'BOL\\Election\\Models\\People', '{"name":"মোঃ হযরত আলী"}'),
(1046, 'bn', '408', 'BOL\\Election\\Models\\People', '{"name":"ফয়জান খালাশি"}'),
(1047, 'bn', '409', 'BOL\\Election\\Models\\People', '{"name":"আলী হোসেন"}'),
(1048, 'bn', '410', 'BOL\\Election\\Models\\People', '{"name":"নান্নু মাঝি"}'),
(1049, 'bn', '411', 'BOL\\Election\\Models\\People', '{"name":"মোঃ লিটন হোসেন"}'),
(1050, 'bn', '412', 'BOL\\Election\\Models\\People', '{"name":"সাফিয়া বেগম"}'),
(1051, 'bn', '413', 'BOL\\Election\\Models\\People', '{"name":"জাহানারা বেগম"}'),
(1052, 'bn', '414', 'BOL\\Election\\Models\\People', '{"name":"আমেনা বেগম"}'),
(1053, 'bn', '415', 'BOL\\Election\\Models\\People', '{"name":"তোফাজ্জল হোসেন"}'),
(1054, 'bn', '416', 'BOL\\Election\\Models\\People', '{"name":"মনোয়ারা বেগম"}'),
(1055, 'bn', '417', 'BOL\\Election\\Models\\People', '{"name":"হেলেনা বেগম"}'),
(1056, 'bn', '418', 'BOL\\Election\\Models\\People', '{"name":"মাকসুদা আক্তার"}'),
(1057, 'bn', '419', 'BOL\\Election\\Models\\People', '{"name":"আবুল কাশেম"}'),
(1058, 'bn', '420', 'BOL\\Election\\Models\\People', '{"name":"শেখ বাচ্চু"}'),
(1059, 'bn', '421', 'BOL\\Election\\Models\\People', '{"name":"সামাদ মৃধা"}'),
(1060, 'bn', '422', 'BOL\\Election\\Models\\People', '{"name":"এ লতিফ মোল্লা"}'),
(1061, 'bn', '423', 'BOL\\Election\\Models\\People', '{"name":"মোঃ জহির"}'),
(1062, 'bn', '424', 'BOL\\Election\\Models\\People', '{"name":"হারুন মিয়া"}'),
(1063, 'bn', '425', 'BOL\\Election\\Models\\People', '{"name":"ইব্রাহিম তালুকদার"}'),
(1064, 'bn', '426', 'BOL\\Election\\Models\\People', '{"name":"নূর মোহাম্মদ মৃধা"}'),
(1065, 'bn', '427', 'BOL\\Election\\Models\\People', '{"name":"সোলায়মান দেওয়ান"}'),
(1066, 'bn', '7', 'BOL\\Election\\Models\\Organization', '{"name":"ইউএনও"}'),
(1067, 'bn', '6', 'BOL\\Election\\Models\\Organization', '{"name":"র‍্যাব"}'),
(1068, 'bn', '4', 'BOL\\Election\\Models\\Organization', '{"name":"সরকার"}'),
(1069, 'bn', '5', 'BOL\\Election\\Models\\Organization', '{"name":"পুলিশ"}'),
(1070, 'bn', '3', 'BOL\\Election\\Models\\Organization', '{"name":"আওয়ামী লীগ"}'),
(1071, 'bn', '8', 'BOL\\Election\\Models\\Organization', '{"name":"বেক্সিমকো হোল্ডিং"}'),
(1072, 'bn', '18', 'BOL\\Election\\Models\\Designation', '{"name":"সাধারণ সম্পাদক"}'),
(1073, 'bn', '19', 'BOL\\Election\\Models\\Designation', '{"name":"সহকারী কমিশনার"}'),
(1074, 'bn', '20', 'BOL\\Election\\Models\\Designation', '{"name":"উপজেলা স্বাস্থ্য কর্মকর্তা"}'),
(1075, 'bn', '21', 'BOL\\Election\\Models\\Designation', '{"name":"উপজেলা কৃষি কর্মকর্তা"}'),
(1076, 'bn', '22', 'BOL\\Election\\Models\\Designation', '{"name":"ভারপ্রাপ্ত কর্মকর্তা"}'),
(1077, 'bn', '23', 'BOL\\Election\\Models\\Designation', '{"name":"উপজেলা প্রকৌশলী"}'),
(1078, 'bn', '24', 'BOL\\Election\\Models\\Designation', '{"name":"উপজেলা পরিবার পরিকল্পনা কর্মকর্তা"}'),
(1079, 'bn', '25', 'BOL\\Election\\Models\\Designation', '{"name":"উপজেলা প্রকল্প কর্মকর্তা"}'),
(1080, 'bn', '26', 'BOL\\Election\\Models\\Designation', '{"name":"উপজেলা প্রকৌশলী, স্বাস্থ্য"}'),
(1081, 'bn', '27', 'BOL\\Election\\Models\\Designation', '{"name":"উপজেলা চেয়ারম্যান"}'),
(1082, 'bn', '28', 'BOL\\Election\\Models\\Designation', '{"name":"উপজেলা ভাইস চেয়ারম্যান"}'),
(1083, 'bn', '29', 'BOL\\Election\\Models\\Designation', '{"name":"উপজেলা ভাইস চেয়ারম্যান, মহিলা"}'),
(1084, 'bn', '30', 'BOL\\Election\\Models\\Designation', '{"name":"ইউনিয়ন চেয়ারম্যান"}'),
(1085, 'bn', '31', 'BOL\\Election\\Models\\Designation', '{"name":"ইউনিয়ন মেম্বার"}'),
(1086, 'bn', '32', 'BOL\\Election\\Models\\Designation', '{"name":"নির্বাহী সদস্য"}'),
(1087, 'bn', '33', 'BOL\\Election\\Models\\Designation', '{"name":"ইউএনও"}'),
(1088, 'bn', '34', 'BOL\\Election\\Models\\Designation', '{"name":"এসি ল্যান্ড"}'),
(1089, 'bn', '35', 'BOL\\Election\\Models\\Designation', '{"name":"এএসপি"}'),
(1090, 'bn', '36', 'BOL\\Election\\Models\\Designation', '{"name":"উপজেলা স্বাস্থ্য ও পরিবার পরিকল্পনা কর্মকর্তা"}'),
(1091, 'bn', '37', 'BOL\\Election\\Models\\Designation', '{"name":"কৃষি কর্মকর্তা"}'),
(1092, 'bn', '38', 'BOL\\Election\\Models\\Designation', '{"name":"কৃষি সম্প্রসারণ কর্মকর্তা"}'),
(1093, 'bn', '39', 'BOL\\Election\\Models\\Designation', '{"name":"মৎস্য কর্মকর্তা"}'),
(1094, 'bn', '40', 'BOL\\Election\\Models\\Designation', '{"name":"প্রাণিসম্পদ কর্মকর্তা"}'),
(1095, 'bn', '41', 'BOL\\Election\\Models\\Designation', '{"name":"পশুচিকিৎসক"}'),
(1096, 'bn', '42', 'BOL\\Election\\Models\\Designation', '{"name":"প্রকৌশলী, এলজিইডি"}'),
(1097, 'bn', '43', 'BOL\\Election\\Models\\Designation', '{"name":"সহকারী প্রোগ্রামার"}'),
(1098, 'bn', '44', 'BOL\\Election\\Models\\Designation', '{"name":"সহকারী প্রকৌশলী, এলজিইডি"}'),
(1099, 'bn', '45', 'BOL\\Election\\Models\\Designation', '{"name":"শিক্ষা কর্মকর্তা"}'),
(1100, 'bn', '46', 'BOL\\Election\\Models\\Designation', '{"name":"সামাজিক সেবা কর্মকর্তা"}'),
(1101, 'bn', '47', 'BOL\\Election\\Models\\Designation', '{"name":"ইউএনও"}'),
(1102, 'bn', '48', 'BOL\\Election\\Models\\Designation', '{"name":"হিসাব কর্মকর্তা"}'),
(1103, 'bn', '49', 'BOL\\Election\\Models\\Designation', '{"name":"এসি ল্যান্ড, দোহার"}'),
(1104, 'bn', '50', 'BOL\\Election\\Models\\Designation', '{"name":"ওসি, দোহার"}'),
(1105, 'bn', '51', 'BOL\\Election\\Models\\Designation', '{"name":"নির্বাচন কর্মকর্তা"}'),
(1106, 'bn', '52', 'BOL\\Election\\Models\\Designation', '{"name":"খাদ্য কন্ট্রোলার"}'),
(1107, 'bn', '53', 'BOL\\Election\\Models\\Designation', '{"name":"পরিসংখ্যান কর্মকর্তা"}'),
(1108, 'bn', '54', 'BOL\\Election\\Models\\Designation', '{"name":"সহকারী প্রকৌশলী, জনস্বাস্থ্য"}'),
(1109, 'bn', '55', 'BOL\\Election\\Models\\Designation', '{"name":"ডিপুটি সহকারী প্রকৌশলী, জনস্বাস্থ্য"}'),
(1110, 'bn', '56', 'BOL\\Election\\Models\\Designation', '{"name":"পারিবারিক পরিকল্পনা কর্মকর্তা"}'),
(1111, 'bn', '57', 'BOL\\Election\\Models\\Designation', '{"name":"যুব উন্নয়ন কর্মকর্তা"}'),
(1112, 'bn', '58', 'BOL\\Election\\Models\\Designation', '{"name":"নারী বিষয়ক কর্মকর্তা"}'),
(1113, 'bn', '59', 'BOL\\Election\\Models\\Designation', '{"name":"সমবায় কর্মকর্তা"}'),
(1114, 'bn', '60', 'BOL\\Election\\Models\\Designation', '{"name":"গ্রামীণ উন্নয়ন কর্মকর্তা"}'),
(1115, 'bn', '61', 'BOL\\Election\\Models\\Designation', '{"name":"আনসার ও ভিডিপি অফিসার"}'),
(1116, 'bn', '62', 'BOL\\Election\\Models\\Designation', '{"name":"প্রশিক্ষক, রিসোর্স সেন্টার"}'),
(1117, 'bn', '63', 'BOL\\Election\\Models\\Designation', '{"name":"বন কর্মকর্তা"}'),
(1118, 'bn', '64', 'BOL\\Election\\Models\\Designation', '{"name":"সাব-রেজিস্টার"}'),
(1119, 'bn', '65', 'BOL\\Election\\Models\\Designation', '{"name":"দারিদ্র্য বিমোচন কর্মকর্তা"}'),
(1120, 'bn', '66', 'BOL\\Election\\Models\\Designation', '{"name":"সেটেলমেন্ট কর্মকর্তা"}'),
(1121, 'bn', '67', 'BOL\\Election\\Models\\Designation', '{"name":"সিনিয়র জিএম, ঢাকা পল্লী বিদ্যুৎ সমিতি -2"}'),
(1122, 'bn', '68', 'BOL\\Election\\Models\\Designation', '{"name":"এজিএম (এমএস), ঢাকা পল্লী বিদ্যুৎ সমিতি -2"}'),
(1123, 'bn', '69', 'BOL\\Election\\Models\\Designation', '{"name":"এজিএম (ও ও এম)"}'),
(1124, 'bn', '70', 'BOL\\Election\\Models\\Designation', '{"name":"এজিএম (ই এবং সি)"}'),
(1125, 'bn', '71', 'BOL\\Election\\Models\\Designation', '{"name":"এজিএম (ফাইন্যান্স)"}'),
(1126, 'bn', '72', 'BOL\\Election\\Models\\Designation', '{"name":"ডিপুটি সহকারী প্রকৌশলী (বিএডিসি) (ভারপ্রাপ্ত)"}'),
(1127, 'bn', '73', 'BOL\\Election\\Models\\Designation', '{"name":"বিভাগীয় প্রকৌশলী, টিএনটি (কেরানীগঞ্জ)"}'),
(1128, 'bn', '74', 'BOL\\Election\\Models\\Designation', '{"name":"প্রকল্প বাস্তবায়ন কর্মকর্তা (বিআরডিবি)"}'),
(1129, 'bn', '75', 'BOL\\Election\\Models\\Designation', '{"name":"সমন্বয়কারী, এক ঘর এক খামার"}'),
(1130, 'bn', '76', 'BOL\\Election\\Models\\Designation', '{"name":"সহকারী প্রকৌশলী (বিএডিসি)"}'),
(1131, 'bn', '77', 'BOL\\Election\\Models\\Designation', '{"name":"ওসি, নবাবগঞ্জ"}'),
(1132, 'bn', '78', 'BOL\\Election\\Models\\Designation', '{"name":"ওসি তদন্ত, নবাবগঞ্জ"}'),
(1133, 'bn', '79', 'BOL\\Election\\Models\\Designation', '{"name":"প্রকল্প বাস্তবায়ন কর্মকর্তা"}'),
(1134, 'bn', '80', 'BOL\\Election\\Models\\Designation', '{"name":"মাধ্যমিক শিক্ষা কর্মকর্তা"}'),
(1135, 'bn', '81', 'BOL\\Election\\Models\\Designation', '{"name":"একাডেমিক সুপারভাইজার মাধ্যমিক অফিস"}'),
(1136, 'bn', '82', 'BOL\\Election\\Models\\Designation', '{"name":"নির্বাচন কর্মকর্তা"}'),
(1137, 'bn', '83', 'BOL\\Election\\Models\\Designation', '{"name":"উপজেলা প্রকৌশলী"}'),
(1138, 'bn', '84', 'BOL\\Election\\Models\\Designation', '{"name":"উপজেলা পরিবার পরিকল্পনা কর্মকর্তা"}'),
(1139, 'bn', '85', 'BOL\\Election\\Models\\Designation', '{"name":"ডিপুটি সহকারী উদ্যোক্তা, জনস্বাস্থ্য"}'),
(1140, 'bn', '86', 'BOL\\Election\\Models\\Designation', '{"name":"সমন্বয়কারী, এক ঘর এক খামার, দোহর"}'),
(1141, 'bn', '87', 'BOL\\Election\\Models\\Designation', '{"name":"প্রশিক্ষক, রিসোর্স সেন্টার"}'),
(1142, 'bn', '88', 'BOL\\Election\\Models\\Designation', '{"name":"দারিদ্র্য বিমোচন কর্মকর্তা"}'),
(1143, 'bn', '89', 'BOL\\Election\\Models\\Designation', '{"name":"দারিদ্র্য বিমোচন কর্মকর্তা"}'),
(1144, 'bn', '90', 'BOL\\Election\\Models\\Designation', '{"name":"প্রকল্প কর্মকর্তা"}'),
(1145, 'bn', '91', 'BOL\\Election\\Models\\Designation', '{"name":"প্রকল্প কর্মকর্তা, বিআরডিবি"}'),
(1146, 'bn', '92', 'BOL\\Election\\Models\\Designation', '{"name":"সংযোগাধিকারিক"}'),
(1147, 'bn', '93', 'BOL\\Election\\Models\\Designation', '{"name":"উপ - পরিচালক"}'),
(1148, 'bn', '94', 'BOL\\Election\\Models\\Designation', '{"name":"মেয়র"}'),
(1149, 'bn', '95', 'BOL\\Election\\Models\\Designation', '{"name":"কাউন্সিলর"}'),
(1150, 'bn', '96', 'BOL\\Election\\Models\\Designation', '{"name":"ভারপ্রাপ্ত চেয়ারম্যান"}'),
(1151, 'bn', '97', 'BOL\\Election\\Models\\Designation', '{"name":"প্যানেল চেয়ারম্যান"}'),
(1152, 'bn', '98', 'BOL\\Election\\Models\\Designation', '{"name":"এএসপি কেরানীগঞ্জ সার্কেল"}'),
(1153, 'bn', '99', 'BOL\\Election\\Models\\Designation', '{"name":"আনসার ও ভিডিপি অফিসার"}'),
(1154, 'bn', '3', 'BOL\\Election\\Models\\ElectionArea', '{"name":""}'),
(1155, 'bn', '9', 'BOL\\Election\\Models\\Organization', '{"name":"উপজেলা পরিষদ"}'),
(1156, 'bn', '10', 'BOL\\Election\\Models\\Organization', '{"name":"ভূমি ও রাজস্ব"}'),
(1157, 'bn', '11', 'BOL\\Election\\Models\\Organization', '{"name":"স্বাস্থ্য ও পরিবেশ"}'),
(1158, 'bn', '12', 'BOL\\Election\\Models\\Organization', '{"name":"কৃষি, মৎস্য, পশু ও খাদ্য"}'),
(1159, 'bn', '13', 'BOL\\Election\\Models\\Organization', '{"name":"আইসিটি এবং প্রকৌশল"}'),
(1160, 'bn', '14', 'BOL\\Election\\Models\\Organization', '{"name":"শিক্ষা"}'),
(1161, 'bn', '15', 'BOL\\Election\\Models\\Organization', '{"name":"নির্বাচন কমিশন"}'),
(1162, 'bn', '16', 'BOL\\Election\\Models\\Organization', '{"name":"মানব সম্পদ উন্নয়ন"}'),
(1163, 'bn', '17', 'BOL\\Election\\Models\\Organization', '{"name":"অন্যান্য"}'),
(1164, 'bn', '18', 'BOL\\Election\\Models\\Organization', '{"name":"ইউনিয়ন পরিষদ"}'),
(1165, 'bn', '100', 'BOL\\Election\\Models\\Designation', '{"name":"মহিলা মেম্বার "}'),
(1166, 'bn', '19', 'BOL\\Election\\Models\\Organization', '{"name":"পৌরসভা"}'),
(1167, 'bn', '101', 'BOL\\Election\\Models\\Designation', '{"name":"মহিলা কাউন্সিলর"}'),
(1168, 'bn', '428', 'BOL\\Election\\Models\\People', '{"name":"জাকির হোসেন"}');

-- --------------------------------------------------------

--
-- Table structure for table `rainlab_translate_indexes`
--

CREATE TABLE `rainlab_translate_indexes` (
  `id` int(10) UNSIGNED NOT NULL,
  `locale` varchar(191) COLLATE utf8mb4_unicode_ci NOT NULL,
  `model_id` varchar(191) COLLATE utf8mb4_unicode_ci DEFAULT NULL,
  `model_type` varchar(191) COLLATE utf8mb4_unicode_ci DEFAULT NULL,
  `item` varchar(191) COLLATE utf8mb4_unicode_ci DEFAULT NULL,
  `value` mediumtext COLLATE utf8mb4_unicode_ci
) ENGINE=InnoDB DEFAULT CHARSET=utf8mb4 COLLATE=utf8mb4_unicode_ci;

-- --------------------------------------------------------

--
-- Table structure for table `rainlab_translate_locales`
--

CREATE TABLE `rainlab_translate_locales` (
  `id` int(10) UNSIGNED NOT NULL,
  `code` varchar(191) COLLATE utf8mb4_unicode_ci NOT NULL,
  `name` varchar(191) COLLATE utf8mb4_unicode_ci DEFAULT NULL,
  `is_default` tinyint(1) NOT NULL DEFAULT '0',
  `is_enabled` tinyint(1) NOT NULL DEFAULT '0',
  `sort_order` int(11) NOT NULL DEFAULT '0'
) ENGINE=InnoDB DEFAULT CHARSET=utf8mb4 COLLATE=utf8mb4_unicode_ci;

--
-- Dumping data for table `rainlab_translate_locales`
--

INSERT INTO `rainlab_translate_locales` (`id`, `code`, `name`, `is_default`, `is_enabled`, `sort_order`) VALUES
(1, 'en', 'English', 1, 1, 1),
(2, 'bn', 'Bangla', 0, 1, 2);

-- --------------------------------------------------------

--
-- Table structure for table `rainlab_translate_messages`
--

CREATE TABLE `rainlab_translate_messages` (
  `id` int(10) UNSIGNED NOT NULL,
  `code` varchar(191) COLLATE utf8mb4_unicode_ci DEFAULT NULL,
  `message_data` mediumtext COLLATE utf8mb4_unicode_ci
) ENGINE=InnoDB DEFAULT CHARSET=utf8mb4 COLLATE=utf8mb4_unicode_ci ROW_FORMAT=COMPACT;

--
-- Indexes for dumped tables
--

--
-- Indexes for table `bol_election_agent`
--
ALTER TABLE `bol_election_agent`
  ADD PRIMARY KEY (`id`) USING BTREE;

--
-- Indexes for table `bol_election_designations`
--
ALTER TABLE `bol_election_designations`
  ADD PRIMARY KEY (`id`) USING BTREE;

--
-- Indexes for table `bol_election_districts`
--
ALTER TABLE `bol_election_districts`
  ADD PRIMARY KEY (`id`) USING BTREE;

--
-- Indexes for table `bol_election_election_area`
--
ALTER TABLE `bol_election_election_area`
  ADD PRIMARY KEY (`id`) USING BTREE;

--
-- Indexes for table `bol_election_election_center`
--
ALTER TABLE `bol_election_election_center`
  ADD PRIMARY KEY (`id`) USING BTREE;

--
-- Indexes for table `bol_election_organizations`
--
ALTER TABLE `bol_election_organizations`
  ADD PRIMARY KEY (`id`) USING BTREE;

--
-- Indexes for table `bol_election_people`
--
ALTER TABLE `bol_election_people`
  ADD PRIMARY KEY (`id`) USING BTREE;

--
-- Indexes for table `bol_election_people_groups`
--
ALTER TABLE `bol_election_people_groups`
  ADD PRIMARY KEY (`id`) USING BTREE;

--
-- Indexes for table `bol_election_people_group_relation`
--
ALTER TABLE `bol_election_people_group_relation`
  ADD PRIMARY KEY (`id`) USING BTREE;

--
-- Indexes for table `bol_election_union`
--
ALTER TABLE `bol_election_union`
  ADD PRIMARY KEY (`id`) USING BTREE;

--
-- Indexes for table `bol_election_upazila`
--
ALTER TABLE `bol_election_upazila`
  ADD PRIMARY KEY (`id`) USING BTREE;

--
-- Indexes for table `bol_election_village`
--
ALTER TABLE `bol_election_village`
  ADD PRIMARY KEY (`id`) USING BTREE;

--
-- Indexes for table `bol_election_ward`
--
ALTER TABLE `bol_election_ward`
  ADD PRIMARY KEY (`id`) USING BTREE;

--
-- Indexes for table `rainlab_translate_attributes`
--
ALTER TABLE `rainlab_translate_attributes`
  ADD PRIMARY KEY (`id`),
  ADD KEY `rainlab_translate_attributes_locale_index` (`locale`),
  ADD KEY `rainlab_translate_attributes_model_id_index` (`model_id`),
  ADD KEY `rainlab_translate_attributes_model_type_index` (`model_type`);

--
-- Indexes for table `rainlab_translate_indexes`
--
ALTER TABLE `rainlab_translate_indexes`
  ADD PRIMARY KEY (`id`),
  ADD KEY `rainlab_translate_indexes_locale_index` (`locale`),
  ADD KEY `rainlab_translate_indexes_model_id_index` (`model_id`),
  ADD KEY `rainlab_translate_indexes_model_type_index` (`model_type`),
  ADD KEY `rainlab_translate_indexes_item_index` (`item`);

--
-- Indexes for table `rainlab_translate_locales`
--
ALTER TABLE `rainlab_translate_locales`
  ADD PRIMARY KEY (`id`),
  ADD KEY `rainlab_translate_locales_code_index` (`code`),
  ADD KEY `rainlab_translate_locales_name_index` (`name`);

--
-- Indexes for table `rainlab_translate_messages`
--
ALTER TABLE `rainlab_translate_messages`
  ADD PRIMARY KEY (`id`) USING BTREE,
  ADD KEY `rainlab_translate_messages_code_index` (`code`) USING BTREE;

--
-- AUTO_INCREMENT for dumped tables
--

--
-- AUTO_INCREMENT for table `bol_election_agent`
--
ALTER TABLE `bol_election_agent`
  MODIFY `id` int(11) NOT NULL AUTO_INCREMENT, AUTO_INCREMENT=2;
--
-- AUTO_INCREMENT for table `bol_election_designations`
--
ALTER TABLE `bol_election_designations`
  MODIFY `id` int(10) UNSIGNED NOT NULL AUTO_INCREMENT, AUTO_INCREMENT=102;
--
-- AUTO_INCREMENT for table `bol_election_districts`
--
ALTER TABLE `bol_election_districts`
  MODIFY `id` int(11) NOT NULL AUTO_INCREMENT, AUTO_INCREMENT=79;
--
-- AUTO_INCREMENT for table `bol_election_election_area`
--
ALTER TABLE `bol_election_election_area`
  MODIFY `id` int(11) NOT NULL AUTO_INCREMENT, AUTO_INCREMENT=4;
--
-- AUTO_INCREMENT for table `bol_election_election_center`
--
ALTER TABLE `bol_election_election_center`
  MODIFY `id` int(11) NOT NULL AUTO_INCREMENT, AUTO_INCREMENT=197;
--
-- AUTO_INCREMENT for table `bol_election_organizations`
--
ALTER TABLE `bol_election_organizations`
  MODIFY `id` int(10) UNSIGNED NOT NULL AUTO_INCREMENT, AUTO_INCREMENT=20;
--
-- AUTO_INCREMENT for table `bol_election_people`
--
ALTER TABLE `bol_election_people`
  MODIFY `id` int(11) NOT NULL AUTO_INCREMENT, AUTO_INCREMENT=429;
--
-- AUTO_INCREMENT for table `bol_election_people_groups`
--
ALTER TABLE `bol_election_people_groups`
  MODIFY `id` int(10) UNSIGNED NOT NULL AUTO_INCREMENT, AUTO_INCREMENT=13;
--
-- AUTO_INCREMENT for table `bol_election_people_group_relation`
--
ALTER TABLE `bol_election_people_group_relation`
  MODIFY `id` int(11) NOT NULL AUTO_INCREMENT, AUTO_INCREMENT=871;
--
-- AUTO_INCREMENT for table `bol_election_union`
--
ALTER TABLE `bol_election_union`
  MODIFY `id` int(11) NOT NULL AUTO_INCREMENT, AUTO_INCREMENT=28;
--
-- AUTO_INCREMENT for table `bol_election_upazila`
--
ALTER TABLE `bol_election_upazila`
  MODIFY `id` int(11) NOT NULL AUTO_INCREMENT, AUTO_INCREMENT=7;
--
-- AUTO_INCREMENT for table `bol_election_village`
--
ALTER TABLE `bol_election_village`
  MODIFY `id` int(11) NOT NULL AUTO_INCREMENT, AUTO_INCREMENT=626;
--
-- AUTO_INCREMENT for table `bol_election_ward`
--
ALTER TABLE `bol_election_ward`
  MODIFY `id` int(11) NOT NULL AUTO_INCREMENT, AUTO_INCREMENT=209;
--
-- AUTO_INCREMENT for table `rainlab_translate_attributes`
--
ALTER TABLE `rainlab_translate_attributes`
  MODIFY `id` int(10) UNSIGNED NOT NULL AUTO_INCREMENT, AUTO_INCREMENT=1169;
--
-- AUTO_INCREMENT for table `rainlab_translate_indexes`
--
ALTER TABLE `rainlab_translate_indexes`
  MODIFY `id` int(10) UNSIGNED NOT NULL AUTO_INCREMENT;
--
-- AUTO_INCREMENT for table `rainlab_translate_locales`
--
ALTER TABLE `rainlab_translate_locales`
  MODIFY `id` int(10) UNSIGNED NOT NULL AUTO_INCREMENT, AUTO_INCREMENT=3;
--
-- AUTO_INCREMENT for table `rainlab_translate_messages`
--
ALTER TABLE `rainlab_translate_messages`
  MODIFY `id` int(10) UNSIGNED NOT NULL AUTO_INCREMENT;
/*!40101 SET CHARACTER_SET_CLIENT=@OLD_CHARACTER_SET_CLIENT */;
/*!40101 SET CHARACTER_SET_RESULTS=@OLD_CHARACTER_SET_RESULTS */;
/*!40101 SET COLLATION_CONNECTION=@OLD_COLLATION_CONNECTION */;
